# ************************************************************
# Sequel Ace SQL dump
# Version 20096
#
# https://sequel-ace.com/
# https://github.com/Sequel-Ace/Sequel-Ace
#
# Host: 10.10.12.99 (MySQL 8.0.45)
# Database: cms
# Generation Time: 2026-03-05 05:35:42 +0000
# ************************************************************


/*!40101 SET @OLD_CHARACTER_SET_CLIENT=@@CHARACTER_SET_CLIENT */;
/*!40101 SET @OLD_CHARACTER_SET_RESULTS=@@CHARACTER_SET_RESULTS */;
/*!40101 SET @OLD_COLLATION_CONNECTION=@@COLLATION_CONNECTION */;
SET NAMES utf8mb4;
/*!40014 SET @OLD_FOREIGN_KEY_CHECKS=@@FOREIGN_KEY_CHECKS, FOREIGN_KEY_CHECKS=0 */;
/*!40101 SET @OLD_SQL_MODE='NO_AUTO_VALUE_ON_ZERO', SQL_MODE='NO_AUTO_VALUE_ON_ZERO' */;
/*!40111 SET @OLD_SQL_NOTES=@@SQL_NOTES, SQL_NOTES=0 */;


# Dump of table academic_calendar
# ------------------------------------------------------------

CREATE TABLE `academic_calendar` (
  `id` int NOT NULL AUTO_INCREMENT,
  `academic_year` varchar(20) CHARACTER SET utf8mb4 COLLATE utf8mb4_0900_ai_ci NOT NULL COMMENT 'e.g., "2025-2026"',
  `year_level` int NOT NULL COMMENT '1-4 (year of study)',
  `current_semester` int NOT NULL COMMENT '1-8',
  `semester_start_date` date NOT NULL,
  `semester_end_date` date NOT NULL,
  `elective_selection_start` date DEFAULT NULL COMMENT 'When students can start selecting electives',
  `elective_selection_end` date DEFAULT NULL COMMENT 'Deadline for student elective selection',
  `teacher_course_selection_start` date DEFAULT NULL,
  `teacher_course_selection_end` date DEFAULT NULL,
  `is_current` tinyint(1) DEFAULT '0' COMMENT 'Only one row should be current=1',
  `created_at` timestamp NULL DEFAULT CURRENT_TIMESTAMP,
  `updated_at` timestamp NULL DEFAULT CURRENT_TIMESTAMP ON UPDATE CURRENT_TIMESTAMP,
  PRIMARY KEY (`id`) USING BTREE,
  UNIQUE KEY `unique_academic_year_year_level_semester` (`academic_year`,`year_level`,`current_semester`) USING BTREE,
  KEY `idx_is_current` (`is_current`) USING BTREE,
  KEY `idx_year_level` (`year_level`) USING BTREE
) ENGINE=InnoDB DEFAULT CHARSET=utf8mb4 COLLATE=utf8mb4_0900_ai_ci ROW_FORMAT=DYNAMIC;



# Dump of table academic_details
# ------------------------------------------------------------

CREATE TABLE `academic_details` (
  `id` int NOT NULL AUTO_INCREMENT,
  `student_id` int DEFAULT NULL,
  `batch` varchar(20) CHARACTER SET utf8mb4 COLLATE utf8mb4_0900_ai_ci DEFAULT NULL,
  `year` int DEFAULT NULL,
  `semester` int DEFAULT NULL,
  `degree_level` varchar(10) CHARACTER SET utf8mb4 COLLATE utf8mb4_0900_ai_ci DEFAULT NULL,
  `section` varchar(10) CHARACTER SET utf8mb4 COLLATE utf8mb4_0900_ai_ci DEFAULT NULL,
  `department` varchar(100) CHARACTER SET utf8mb4 COLLATE utf8mb4_0900_ai_ci DEFAULT NULL,
  `student_category` varchar(50) CHARACTER SET utf8mb4 COLLATE utf8mb4_0900_ai_ci DEFAULT NULL,
  `branch_type` varchar(50) CHARACTER SET utf8mb4 COLLATE utf8mb4_0900_ai_ci DEFAULT NULL,
  `seat_category` varchar(50) CHARACTER SET utf8mb4 COLLATE utf8mb4_0900_ai_ci DEFAULT NULL,
  `regulation` varchar(20) CHARACTER SET utf8mb4 COLLATE utf8mb4_0900_ai_ci DEFAULT NULL,
  `quota` varchar(50) CHARACTER SET utf8mb4 COLLATE utf8mb4_0900_ai_ci DEFAULT NULL,
  `university` varchar(100) CHARACTER SET utf8mb4 COLLATE utf8mb4_0900_ai_ci DEFAULT NULL,
  `year_of_admission` int DEFAULT NULL,
  `year_of_completion` int DEFAULT NULL,
  `student_status` varchar(20) CHARACTER SET utf8mb4 COLLATE utf8mb4_0900_ai_ci DEFAULT NULL,
  `curriculum_id` int DEFAULT NULL,
  PRIMARY KEY (`id`) USING BTREE,
  KEY `fk_academic_student` (`student_id`) USING BTREE,
  KEY `fk_academic_curriculum` (`curriculum_id`) USING BTREE
) ENGINE=InnoDB DEFAULT CHARSET=utf8mb4 COLLATE=utf8mb4_0900_ai_ci ROW_FORMAT=DYNAMIC;



# Dump of table address
# ------------------------------------------------------------

CREATE TABLE `address` (
  `id` int NOT NULL AUTO_INCREMENT,
  `student_id` int DEFAULT NULL,
  `permanent_address` text CHARACTER SET utf8mb4 COLLATE utf8mb4_0900_ai_ci,
  `present_address` text CHARACTER SET utf8mb4 COLLATE utf8mb4_0900_ai_ci,
  `residence_location` text CHARACTER SET utf8mb4 COLLATE utf8mb4_0900_ai_ci,
  PRIMARY KEY (`id`) USING BTREE,
  KEY `student_id` (`student_id`) USING BTREE
) ENGINE=InnoDB DEFAULT CHARSET=utf8mb4 COLLATE=utf8mb4_0900_ai_ci ROW_FORMAT=DYNAMIC;



# Dump of table admission_payment
# ------------------------------------------------------------

CREATE TABLE `admission_payment` (
  `id` int NOT NULL AUTO_INCREMENT,
  `student_id` int DEFAULT NULL,
  `dte_register_no` varchar(50) CHARACTER SET utf8mb4 COLLATE utf8mb4_0900_ai_ci DEFAULT NULL,
  `dte_admission_no` varchar(50) CHARACTER SET utf8mb4 COLLATE utf8mb4_0900_ai_ci DEFAULT NULL,
  `receipt_no` varchar(50) CHARACTER SET utf8mb4 COLLATE utf8mb4_0900_ai_ci DEFAULT NULL,
  `receipt_date` date DEFAULT NULL,
  `amount` decimal(10,2) DEFAULT NULL,
  `bank_name` varchar(100) CHARACTER SET utf8mb4 COLLATE utf8mb4_0900_ai_ci DEFAULT NULL,
  PRIMARY KEY (`id`) USING BTREE,
  KEY `student_id` (`student_id`) USING BTREE
) ENGINE=InnoDB DEFAULT CHARSET=utf8mb4 COLLATE=utf8mb4_0900_ai_ci ROW_FORMAT=DYNAMIC;



# Dump of table cluster_departments
# ------------------------------------------------------------

CREATE TABLE `cluster_departments` (
  `id` int NOT NULL AUTO_INCREMENT,
  `cluster_id` int NOT NULL,
  `curriculum_id` int NOT NULL,
  `created_at` timestamp NULL DEFAULT CURRENT_TIMESTAMP,
  `status` tinyint(1) DEFAULT '1',
  PRIMARY KEY (`id`) USING BTREE,
  UNIQUE KEY `unique_department` (`curriculum_id`) USING BTREE,
  KEY `cluster_id` (`cluster_id`) USING BTREE,
  CONSTRAINT `cluster_departments_ibfk_1` FOREIGN KEY (`cluster_id`) REFERENCES `clusters` (`id`) ON DELETE CASCADE ON UPDATE RESTRICT
) ENGINE=InnoDB AUTO_INCREMENT=13 DEFAULT CHARSET=utf8mb4 COLLATE=utf8mb4_0900_ai_ci ROW_FORMAT=DYNAMIC;

LOCK TABLES `cluster_departments` WRITE;
/*!40000 ALTER TABLE `cluster_departments` DISABLE KEYS */;

INSERT INTO `cluster_departments` (`id`, `cluster_id`, `curriculum_id`, `created_at`, `status`)
VALUES
	(11,3,16,'2026-01-22 00:24:14',1),
	(12,3,17,'2026-01-22 00:24:23',1);

/*!40000 ALTER TABLE `cluster_departments` ENABLE KEYS */;
UNLOCK TABLES;


# Dump of table clusters
# ------------------------------------------------------------

CREATE TABLE `clusters` (
  `id` int NOT NULL AUTO_INCREMENT,
  `name` varchar(255) CHARACTER SET utf8mb4 COLLATE utf8mb4_0900_ai_ci NOT NULL,
  `description` text CHARACTER SET utf8mb4 COLLATE utf8mb4_0900_ai_ci,
  `created_at` timestamp NULL DEFAULT CURRENT_TIMESTAMP,
  `status` tinyint(1) DEFAULT '1',
  PRIMARY KEY (`id`) USING BTREE
) ENGINE=InnoDB AUTO_INCREMENT=4 DEFAULT CHARSET=utf8mb4 COLLATE=utf8mb4_0900_ai_ci ROW_FORMAT=DYNAMIC;

LOCK TABLES `clusters` WRITE;
/*!40000 ALTER TABLE `clusters` DISABLE KEYS */;

INSERT INTO `clusters` (`id`, `name`, `description`, `created_at`, `status`)
VALUES
	(3,'AIDS & AIML ','PO\'S COMMON','2026-01-21 01:00:27',1);

/*!40000 ALTER TABLE `clusters` ENABLE KEYS */;
UNLOCK TABLES;


# Dump of table co_po_mapping
# ------------------------------------------------------------

CREATE TABLE `co_po_mapping` (
  `id` int NOT NULL AUTO_INCREMENT,
  `course_id` int NOT NULL,
  `co_index` int NOT NULL,
  `po_index` int NOT NULL,
  `mapping_value` int NOT NULL,
  PRIMARY KEY (`id`) USING BTREE,
  KEY `fk_copo_course` (`course_id`) USING BTREE,
  CONSTRAINT `fk_copo_course` FOREIGN KEY (`course_id`) REFERENCES `courses` (`id`) ON DELETE CASCADE ON UPDATE CASCADE
) ENGINE=InnoDB AUTO_INCREMENT=86 DEFAULT CHARSET=utf8mb4 COLLATE=utf8mb4_0900_ai_ci ROW_FORMAT=DYNAMIC;

LOCK TABLES `co_po_mapping` WRITE;
/*!40000 ALTER TABLE `co_po_mapping` DISABLE KEYS */;

INSERT INTO `co_po_mapping` (`id`, `course_id`, `co_index`, `po_index`, `mapping_value`)
VALUES
	(1,1,0,1,3),
	(2,1,0,2,2),
	(3,1,0,3,1),
	(4,2,0,1,3),
	(5,2,0,2,2),
	(6,2,0,3,1),
	(7,2,0,4,1),
	(8,2,0,5,2),
	(9,2,0,9,1),
	(10,2,0,10,1),
	(11,2,0,12,2),
	(12,2,1,1,2),
	(13,2,1,2,3),
	(14,2,1,3,2),
	(15,2,1,4,2),
	(16,2,1,5,1),
	(17,2,1,9,1),
	(18,2,1,10,1),
	(19,2,1,12,3),
	(20,2,2,1,1),
	(21,2,2,2,2),
	(22,2,2,3,3),
	(23,2,2,4,2),
	(24,2,2,5,3),
	(25,2,2,7,1),
	(26,2,2,9,1),
	(27,2,2,12,3),
	(28,4,0,1,1),
	(29,4,0,2,2),
	(30,4,0,3,1),
	(31,4,0,4,3),
	(32,4,0,5,1),
	(33,4,0,6,2),
	(34,4,0,7,1),
	(35,4,0,10,2),
	(36,4,0,11,3),
	(37,4,0,12,1),
	(38,4,1,1,2),
	(39,4,1,2,2),
	(40,4,1,3,1),
	(41,4,1,4,3),
	(42,4,1,6,1),
	(43,4,1,9,2),
	(44,4,1,10,3),
	(45,4,1,11,1),
	(46,4,1,12,2);

/*!40000 ALTER TABLE `co_po_mapping` ENABLE KEYS */;
UNLOCK TABLES;


# Dump of table co_pso_mapping
# ------------------------------------------------------------

CREATE TABLE `co_pso_mapping` (
  `id` int NOT NULL AUTO_INCREMENT,
  `course_id` int NOT NULL,
  `co_index` int NOT NULL,
  `pso_index` int NOT NULL,
  `mapping_value` int NOT NULL,
  PRIMARY KEY (`id`) USING BTREE,
  KEY `fk_copso_course` (`course_id`) USING BTREE,
  CONSTRAINT `fk_copso_course` FOREIGN KEY (`course_id`) REFERENCES `courses` (`id`) ON DELETE CASCADE ON UPDATE CASCADE
) ENGINE=InnoDB AUTO_INCREMENT=25 DEFAULT CHARSET=utf8mb4 COLLATE=utf8mb4_0900_ai_ci ROW_FORMAT=DYNAMIC;

LOCK TABLES `co_pso_mapping` WRITE;
/*!40000 ALTER TABLE `co_pso_mapping` DISABLE KEYS */;

INSERT INTO `co_pso_mapping` (`id`, `course_id`, `co_index`, `pso_index`, `mapping_value`)
VALUES
	(1,1,0,1,3),
	(2,1,0,2,2),
	(3,2,0,1,3),
	(4,2,0,2,2),
	(5,2,0,3,1),
	(6,2,1,1,2),
	(7,2,1,2,3),
	(8,2,1,3,1),
	(9,2,2,1,2),
	(10,2,2,2,3),
	(11,2,2,3,2),
	(12,4,0,1,2),
	(13,4,0,2,3),
	(14,4,0,3,1),
	(15,4,1,1,2),
	(16,4,1,2,1),
	(17,4,1,3,3);

/*!40000 ALTER TABLE `co_pso_mapping` ENABLE KEYS */;
UNLOCK TABLES;


# Dump of table contact_details
# ------------------------------------------------------------

CREATE TABLE `contact_details` (
  `id` int NOT NULL AUTO_INCREMENT,
  `student_id` int DEFAULT NULL,
  `parent_mobile` char(10) CHARACTER SET utf8mb4 COLLATE utf8mb4_0900_ai_ci DEFAULT NULL,
  `student_mobile` char(10) CHARACTER SET utf8mb4 COLLATE utf8mb4_0900_ai_ci DEFAULT NULL,
  `student_email` varchar(100) CHARACTER SET utf8mb4 COLLATE utf8mb4_0900_ai_ci DEFAULT NULL,
  `parent_email` varchar(100) CHARACTER SET utf8mb4 COLLATE utf8mb4_0900_ai_ci DEFAULT NULL,
  `official_email` varchar(100) CHARACTER SET utf8mb4 COLLATE utf8mb4_0900_ai_ci DEFAULT NULL,
  PRIMARY KEY (`id`) USING BTREE,
  KEY `student_id` (`student_id`) USING BTREE
) ENGINE=InnoDB DEFAULT CHARSET=utf8mb4 COLLATE=utf8mb4_0900_ai_ci ROW_FORMAT=DYNAMIC;



# Dump of table course_experiment_topics
# ------------------------------------------------------------

CREATE TABLE `course_experiment_topics` (
  `id` int NOT NULL AUTO_INCREMENT,
  `experiment_id` int NOT NULL,
  `topic_text` text CHARACTER SET utf8mb4 COLLATE utf8mb4_0900_ai_ci NOT NULL,
  `topic_order` int DEFAULT '0',
  `created_at` timestamp NULL DEFAULT CURRENT_TIMESTAMP,
  `status` tinyint(1) DEFAULT '1',
  PRIMARY KEY (`id`) USING BTREE,
  KEY `idx_exp_topics` (`experiment_id`) USING BTREE,
  CONSTRAINT `course_experiment_topics_ibfk_1` FOREIGN KEY (`experiment_id`) REFERENCES `course_experiments` (`id`) ON DELETE CASCADE ON UPDATE RESTRICT
) ENGINE=InnoDB AUTO_INCREMENT=29 DEFAULT CHARSET=utf8mb4 COLLATE=utf8mb4_0900_ai_ci ROW_FORMAT=DYNAMIC;

LOCK TABLES `course_experiment_topics` WRITE;
/*!40000 ALTER TABLE `course_experiment_topics` DISABLE KEYS */;

INSERT INTO `course_experiment_topics` (`id`, `experiment_id`, `topic_text`, `topic_order`, `created_at`, `status`)
VALUES
	(12,4,'Assess the physical parameters of different materials for engineering applications like radius, thickness and\ndiameter to design the electrical wires, bridges and clothes',0,'2026-01-06 17:25:43',1),
	(13,4,'Evaluate the elastic nature of different solid materials for modern industrial applications like shock absorbers\nof vehicles',1,'2026-01-06 17:25:43',1),
	(14,11,'Rank of a Matrix',0,'2026-01-22 00:04:33',1),
	(15,12,'Assess the physical parameters of different materials for engineering applications like radius, thickness and\r\ndiameter to design the electrical wires, bridges and clothes.',0,'2026-02-02 23:21:25',1),
	(16,13,'Evaluate the elastic nature of different solid materials for modern industrial applications like shock\r\nabsorbers of vehicles.',0,'2026-02-02 23:21:41',1),
	(17,14,'Analyze the photonic behavior of thin materials for advanced optoelectronic applications like adjusting a\r\npatient’s head, chest and neck positions as a medical tool.',0,'2026-02-02 23:21:53',1),
	(18,15,'Investigate the phonon behavior of poor conductors for thermionic applications like polymer materials and\r\ntextile materials.',0,'2026-02-02 23:22:10',1),
	(19,16,'Assess the elongation of different solid materials for industrial applications like buildings, bridges and\r\nvehicles',0,'2026-02-02 23:22:26',1),
	(20,17,'Analysis of various business sectors',0,'2026-02-02 23:53:39',1),
	(21,18,'Developing a Design Thinking Output Chart',0,'2026-02-02 23:53:50',1),
	(22,19,'Creating Buyer Personas',0,'2026-02-02 23:54:01',1),
	(23,20,'Undertake Market Study to understand market needs and assess market potential',0,'2026-02-02 23:54:19',1),
	(24,21,'Preparation of Business Model Canvas',0,'2026-02-02 23:54:32',1),
	(25,22,'Developing Prototypes',0,'2026-02-02 23:54:57',1),
	(26,23,'Organizing Product Design Sprints',0,'2026-02-02 23:55:10',1),
	(27,24,'Preparation of Business Plans',0,'2026-02-02 23:55:19',1),
	(28,25,'Preparation of Pitch Decks',0,'2026-02-02 23:55:30',1);

/*!40000 ALTER TABLE `course_experiment_topics` ENABLE KEYS */;
UNLOCK TABLES;


# Dump of table course_experiments
# ------------------------------------------------------------

CREATE TABLE `course_experiments` (
  `id` int NOT NULL AUTO_INCREMENT,
  `course_id` int NOT NULL,
  `experiment_number` int NOT NULL,
  `experiment_name` varchar(500) CHARACTER SET utf8mb4 COLLATE utf8mb4_0900_ai_ci NOT NULL,
  `hours` int DEFAULT '0',
  `created_at` timestamp NULL DEFAULT CURRENT_TIMESTAMP,
  `updated_at` timestamp NULL DEFAULT CURRENT_TIMESTAMP ON UPDATE CURRENT_TIMESTAMP,
  `status` tinyint(1) DEFAULT '1',
  PRIMARY KEY (`id`) USING BTREE,
  KEY `idx_course_exp` (`course_id`) USING BTREE,
  CONSTRAINT `course_experiments_ibfk_1` FOREIGN KEY (`course_id`) REFERENCES `courses` (`id`) ON DELETE CASCADE ON UPDATE RESTRICT
) ENGINE=InnoDB AUTO_INCREMENT=26 DEFAULT CHARSET=utf8mb4 COLLATE=utf8mb4_0900_ai_ci ROW_FORMAT=DYNAMIC;

LOCK TABLES `course_experiments` WRITE;
/*!40000 ALTER TABLE `course_experiments` DISABLE KEYS */;

INSERT INTO `course_experiments` (`id`, `course_id`, `experiment_number`, `experiment_name`, `hours`, `created_at`, `updated_at`, `status`)
VALUES
	(4,83,1,'Experiment 1',3,'2026-01-06 17:16:38','2026-01-06 17:25:43',1),
	(5,83,2,'Experiment 2',7,'2026-01-06 17:20:01','2026-01-06 17:20:01',1),
	(6,83,3,'Experiment 3',4,'2026-01-06 17:20:11','2026-01-06 17:20:11',1),
	(10,83,4,'Experiment 4',8,'2026-01-06 17:30:23','2026-01-06 17:30:23',1),
	(11,17,1,'Experiment 1',5,'2026-01-22 00:03:16','2026-01-22 00:04:14',1),
	(12,103,1,'Experiment 1',5,'2026-02-02 23:20:59','2026-02-02 23:20:59',1),
	(13,103,2,'Experiment 2',5,'2026-02-02 23:21:33','2026-02-02 23:21:33',1),
	(14,103,3,'Experiment 3',5,'2026-02-02 23:21:47','2026-02-02 23:21:47',1),
	(15,103,4,'Experiment 4',4,'2026-02-02 23:22:01','2026-02-02 23:22:01',1),
	(16,103,5,'Experiment 5',5,'2026-02-02 23:22:16','2026-02-02 23:22:16',1),
	(17,108,1,'Experiment 1',1,'2026-02-02 23:53:32','2026-02-02 23:53:32',1),
	(18,108,2,'Experiment 2',2,'2026-02-02 23:53:44','2026-02-02 23:53:44',1),
	(19,108,3,'Experiment 3',1,'2026-02-02 23:53:55','2026-02-02 23:53:55',1),
	(20,108,4,'Experiment 4',3,'2026-02-02 23:54:10','2026-02-02 23:54:10',1),
	(21,108,5,'Experiment 5',2,'2026-02-02 23:54:26','2026-02-02 23:54:26',1),
	(22,108,6,'Experiment 6',15,'2026-02-02 23:54:52','2026-02-02 23:54:52',1),
	(23,108,7,'Experiment 7',7,'2026-02-02 23:55:06','2026-02-02 23:55:06',1),
	(24,108,8,'Experiment 8',2,'2026-02-02 23:55:16','2026-02-02 23:55:16',1),
	(25,108,9,'Experiment 9',2,'2026-02-02 23:55:27','2026-02-02 23:55:27',1);

/*!40000 ALTER TABLE `course_experiments` ENABLE KEYS */;
UNLOCK TABLES;


# Dump of table course_objectives
# ------------------------------------------------------------

CREATE TABLE `course_objectives` (
  `id` int NOT NULL AUTO_INCREMENT,
  `course_id` int NOT NULL,
  `objective` text CHARACTER SET utf8mb4 COLLATE utf8mb4_0900_ai_ci NOT NULL,
  `position` int NOT NULL,
  `status` tinyint(1) DEFAULT '1',
  PRIMARY KEY (`id`) USING BTREE,
  KEY `idx_course_id` (`course_id`) USING BTREE,
  CONSTRAINT `course_objectives_ibfk_1` FOREIGN KEY (`course_id`) REFERENCES `courses` (`id`) ON DELETE CASCADE ON UPDATE RESTRICT
) ENGINE=InnoDB AUTO_INCREMENT=33 DEFAULT CHARSET=utf8mb4 COLLATE=utf8mb4_0900_ai_ci ROW_FORMAT=DYNAMIC;

LOCK TABLES `course_objectives` WRITE;
/*!40000 ALTER TABLE `course_objectives` DISABLE KEYS */;

INSERT INTO `course_objectives` (`id`, `course_id`, `objective`, `position`, `status`)
VALUES
	(4,83,'To impart mathematical modeling to describe and explore real-world phenomena and data.',0,1),
	(5,83,'To provide basic understanding on Linear, quadratic, power and polynomial, exponential, and multi variable models',1,1),
	(6,83,'Summarize and apply the methodologies involved in framing the real world problems related to fundamental principles of polynomial equations',2,1),
	(10,17,'To impart mathematical modeling to describe and explore real-world phenomena and data',0,1),
	(11,17,'To provide basic understanding on Linear, quadratic, power and polynomial, exponential, and multi variable models',1,1),
	(12,17,'To summarize and apply the methodologies involved in framing the real-world problems related to fundamental principles of polynomial equations',2,1),
	(13,103,'Understand the concept and principle of energy possessed by mechanical system',0,1),
	(14,103,'Exemplify the propagation and exchange of energy',1,1),
	(15,103,'Identify the properties of materials based on the energy possession',2,1),
	(16,109,'Describe the linguistic diversity in India, highlighting Dravidian languages and their features.',0,1),
	(17,109,'Summarize the evolution of art, highlighting key transitions from rock art to modern sculptures.',1,1),
	(18,109,'Examine the role of sports and games in promoting cultural values and community bonding.',2,1),
	(19,109,'Discuss the education and literacy systems during the Sangam Age and their impact.',3,1),
	(20,109,'Outline the importance of inscriptions, manuscripts, and the print history of Tamil books in preserving knowledge and culture.',4,1),
	(21,108,'Promote entrepreneurial spirit and motivate to build startups',0,1),
	(22,108,'Provide insights on markets and the dynamics of buyer behaviour',1,1),
	(23,108,'Train to develop prototypes and refine them to a viable market offering',2,1),
	(24,108,'Support in developing marketing strategies and financial outlay',3,1),
	(25,108,'Enable to scale up the prototypes to commercial market offering',4,1),
	(26,106,'Heighten awareness of grammar in oral and written expression',0,1),
	(27,106,'Improve speaking potential in formal and informal contexts',1,1),
	(28,106,'Improve reading fluency and increased vocabulary',2,1),
	(29,106,'Prowess in interpreting complex texts',3,1),
	(30,106,'Fluency and comprehensibility in self-expression',4,1),
	(31,106,'Develop abilities as critical readers and writers',5,1),
	(32,106,'Improve ability to summarize information from longer text, and distinguish between primary and supporting ideas',6,1);

/*!40000 ALTER TABLE `course_objectives` ENABLE KEYS */;
UNLOCK TABLES;


# Dump of table course_outcomes
# ------------------------------------------------------------

CREATE TABLE `course_outcomes` (
  `id` int NOT NULL AUTO_INCREMENT,
  `course_id` int NOT NULL,
  `outcome` text CHARACTER SET utf8mb4 COLLATE utf8mb4_0900_ai_ci NOT NULL,
  `position` int NOT NULL,
  `status` tinyint(1) DEFAULT '1',
  PRIMARY KEY (`id`) USING BTREE,
  KEY `idx_course_id` (`course_id`) USING BTREE,
  CONSTRAINT `fk_course_outcomes_courses` FOREIGN KEY (`course_id`) REFERENCES `courses` (`id`) ON DELETE CASCADE ON UPDATE RESTRICT
) ENGINE=InnoDB AUTO_INCREMENT=165 DEFAULT CHARSET=utf8mb4 COLLATE=utf8mb4_0900_ai_ci ROW_FORMAT=DYNAMIC;

LOCK TABLES `course_outcomes` WRITE;
/*!40000 ALTER TABLE `course_outcomes` DISABLE KEYS */;

INSERT INTO `course_outcomes` (`id`, `course_id`, `outcome`, `position`, `status`)
VALUES
	(136,83,'Implement the concepts of mathematical modeling based on linear functions in Engineering.',0,1),
	(137,83,'Formulate the real-world problems as a quadratic function model',1,1),
	(138,83,'Demonstrate the real-world phenomena and data into Power and Polynomial functions',2,1),
	(139,83,'Apply the concept of mathematical modeling of exponential functions in Engineering',3,1),
	(140,17,'Implement the concepts of mathematical modeling based on linear functions in Engineering',0,1),
	(141,17,'Formulate the real-world problems as a quadratic function model',1,1),
	(142,17,'Demonstrate the real-world phenomena and data into Power and Polynomial functions',2,1),
	(143,17,'Apply the concept of mathematical modeling of exponential functions in Engineering',3,1),
	(144,17,'Develop the identification of multivariable functions in the physical dynamical problems',4,1),
	(145,103,'Apply the work-energy theorem to analyze and optimize mechanical system performance.',0,1),
	(146,103,'Analyze free and forced mechanical oscillations in vibrational energy systems.',1,1),
	(147,103,'Analyze the propagation of energy in mechanical systems through transverse and longitudinal waves.',2,1),
	(148,103,'Analyze the exchange of energy and work between the systems using thermodynamic principles.',3,1),
	(149,103,'Apply the concept of energy and entropy to understand the mechanical properties of materials.',4,1),
	(150,109,'Understand the concept of language families in India, with a focus on Dravidian languages',0,1),
	(151,109,'Trace the evolution of art from ancient rock art to modern sculptures in Tamil heritage.',1,1),
	(152,109,'Identify and differentiate various forms of folk and martial arts in Tamil heritage.',2,1),
	(153,109,'Understand the concepts of Flora and Fauna in Tamil culture and literature.',3,1),
	(154,109,'Evaluate the contributions of Tamils to the Indian Freedom Struggle.',4,1),
	(155,108,'Generate valid and feasible business ideas.',0,1),
	(156,108,'Create Business Model Canvas and formulate positioning statement',1,1),
	(157,108,'Invent prototypes that fulfills an unmet market need.',2,1),
	(158,108,'Formulate business strategies and create pitch decks.',3,1),
	(159,108,'Choose appropriate strategies for commercialization.',4,1),
	(160,106,'Express themselves in a professional manner using error-free language',0,1),
	(161,106,'Express in both descriptive and narrative formats',1,1),
	(162,106,'Interpret and make effective use of the English Language in Business contexts',2,1),
	(163,106,'Actively read and comprehend authentic text',3,1),
	(164,106,'Express opinions and communicate experiences.',4,1);

/*!40000 ALTER TABLE `course_outcomes` ENABLE KEYS */;
UNLOCK TABLES;


# Dump of table course_prerequisites
# ------------------------------------------------------------

CREATE TABLE `course_prerequisites` (
  `id` int NOT NULL AUTO_INCREMENT,
  `course_id` int NOT NULL,
  `prerequisite` text CHARACTER SET utf8mb4 COLLATE utf8mb4_0900_ai_ci NOT NULL,
  `position` int NOT NULL,
  `status` tinyint(1) DEFAULT '1',
  PRIMARY KEY (`id`) USING BTREE,
  KEY `idx_course_id` (`course_id`) USING BTREE,
  CONSTRAINT `fk_course_prerequisites_courses` FOREIGN KEY (`course_id`) REFERENCES `courses` (`id`) ON DELETE CASCADE ON UPDATE RESTRICT
) ENGINE=InnoDB AUTO_INCREMENT=3 DEFAULT CHARSET=utf8mb4 COLLATE=utf8mb4_0900_ai_ci ROW_FORMAT=DYNAMIC;



# Dump of table course_references
# ------------------------------------------------------------

CREATE TABLE `course_references` (
  `id` int NOT NULL AUTO_INCREMENT,
  `course_id` int NOT NULL,
  `reference_text` text CHARACTER SET utf8mb4 COLLATE utf8mb4_0900_ai_ci NOT NULL,
  `position` int NOT NULL,
  `status` tinyint(1) DEFAULT '1',
  PRIMARY KEY (`id`) USING BTREE,
  KEY `idx_course_id` (`course_id`) USING BTREE,
  CONSTRAINT `fk_course_references_courses` FOREIGN KEY (`course_id`) REFERENCES `courses` (`id`) ON DELETE CASCADE ON UPDATE RESTRICT
) ENGINE=InnoDB AUTO_INCREMENT=36 DEFAULT CHARSET=utf8mb4 COLLATE=utf8mb4_0900_ai_ci ROW_FORMAT=DYNAMIC;

LOCK TABLES `course_references` WRITE;
/*!40000 ALTER TABLE `course_references` DISABLE KEYS */;

INSERT INTO `course_references` (`id`, `course_id`, `reference_text`, `position`, `status`)
VALUES
	(13,103,'C J Fischer, The energy of Physics Part I: Classical Mechanics and Thermodynamics, Cognella Academic Publishing, 2019.',0,1),
	(14,103,'P G Hewitt, Conceptual Physics, Pearson education, 2017',1,1),
	(15,103,'R A Serway and J W Jewitt, Physics for Scientists and Engineers, Thomson Brooks/Cole, 2019',2,1),
	(16,103,'J Walker, D Halliday and R Resnick, Principles of Physics, John Wiley and Sons, Inc, 2018',3,1),
	(17,103,'H C Verma, Concepts of Physics (Vol I & II), Bharathi Bhawan Publishers & Distributors, New Delhi, 2017',4,1),
	(18,17,'Erwin Kreyszig, Advanced Engineering Mathematics, Tenth Edition, Wiley India Private Limited, New Delhi 2016',0,1),
	(19,17,'B. S. Grewal, Numerical Methods in Engineering & Science: With Programs in C, C++ & MATLAB, Khanna, 2014',1,1),
	(20,17,'S.C. Gupta, V.K. Kapoor, Fundamentals of Mathematical Statistics, Sultan Chand & Sons2020',2,1),
	(21,17,'Thomas and Finney, Calculus and analytic Geometry, Fourteenth Edition, By Pearson Paperback, 2018',3,1),
	(22,109,'Dr.K.K.Pillay , Social Life of Tamils, A joint publication of TNTB & ESC and RMRL.',0,1),
	(23,109,'Dr.S.Singaravelu, Social Life of the Tamils - The Classical Period, International Institute of Tamil Studies',1,1),
	(24,109,'Dr.S.V.Subatamanian, Dr.K.D. Thirunavukkarasu, Historical Heritage of the Tamils, International Institute of Tamil Studies',2,1),
	(25,109,'Dr.M.Valarmathi, The Contributions of the Tamils to Indian Culture, International Institute of Tamil Studies',3,1),
	(26,109,'Keeladi, Sangam City Civilization on the banks of river Vaigai, Department of Archaeology & Tamil Nadu Text Book and Educational Services Corporation, Tamil Nadu',4,1),
	(27,109,'Dr.K.K.Pillay, Studies in the History of India with Special Reference to Tamil Nadu.',5,1),
	(28,109,'Porunai Civilization, Department of Archaeology & Tamil Nadu Text Book and Educational Services Corporation, Tamil Nadu',6,1),
	(29,109,'R.Balakrishnan, Journey of Civilization Indus to Vaigai, RMRL',7,1),
	(30,108,'Rashmi Bansal, Connect the Dots, Westland and Tranquebar Press, 2012',0,1),
	(31,108,'Pavan Soni, Design Your Thinking: The Mindsets, Toolsets and Skill Sets for Creative Problemsolving, Penguin Random House India, 2020',1,1),
	(32,108,'Ronnie Screwvala, Dream with Your Eyes Open: An Entrepreneurial Journey, Rupa Publications, 2015',2,1),
	(33,108,'Stephen Carter, The Seed Tree: Money Management and Wealth Building Lessonsfor Teens, Seed Tree Group, 2021',3,1),
	(34,108,'Kotler Philip, Marketing Management, Pearson Education India, 15th Edition',4,1),
	(35,108,'Elizabeth Verkey and Jithin Saji Isaac, Intellectual Property, Eastern Book Company, 2nd Edition, 2021',5,1);

/*!40000 ALTER TABLE `course_references` ENABLE KEYS */;
UNLOCK TABLES;


# Dump of table course_selflearning
# ------------------------------------------------------------

CREATE TABLE `course_selflearning` (
  `id` int NOT NULL,
  `course_id` int NOT NULL,
  `total_hours` int NOT NULL,
  `status` tinyint(1) DEFAULT '1',
  PRIMARY KEY (`id`) USING BTREE,
  KEY `idx_course_id` (`course_id`) USING BTREE,
  CONSTRAINT `fk_course_selflearning_courses` FOREIGN KEY (`course_id`) REFERENCES `courses` (`id`) ON DELETE CASCADE ON UPDATE RESTRICT
) ENGINE=InnoDB DEFAULT CHARSET=utf8mb4 COLLATE=utf8mb4_0900_ai_ci ROW_FORMAT=DYNAMIC;

LOCK TABLES `course_selflearning` WRITE;
/*!40000 ALTER TABLE `course_selflearning` DISABLE KEYS */;

INSERT INTO `course_selflearning` (`id`, `course_id`, `total_hours`, `status`)
VALUES
	(1,17,0,1),
	(2,22,0,1),
	(3,83,0,1),
	(17,17,0,1),
	(103,103,0,1),
	(106,106,0,1),
	(108,108,0,1),
	(109,109,0,1);

/*!40000 ALTER TABLE `course_selflearning` ENABLE KEYS */;
UNLOCK TABLES;


# Dump of table course_selflearning_resources
# ------------------------------------------------------------

CREATE TABLE `course_selflearning_resources` (
  `id` int NOT NULL AUTO_INCREMENT,
  `main_id` int NOT NULL,
  `internal_text` text CHARACTER SET utf8mb4 COLLATE utf8mb4_0900_ai_ci NOT NULL,
  `position` int NOT NULL,
  `status` tinyint(1) DEFAULT '1',
  PRIMARY KEY (`id`) USING BTREE,
  KEY `idx_main_id` (`main_id`) USING BTREE,
  CONSTRAINT `course_selflearning_resources_ibfk_1` FOREIGN KEY (`main_id`) REFERENCES `course_selflearning_topics` (`id`) ON DELETE CASCADE ON UPDATE RESTRICT
) ENGINE=InnoDB AUTO_INCREMENT=14 DEFAULT CHARSET=utf8mb4 COLLATE=utf8mb4_0900_ai_ci ROW_FORMAT=DYNAMIC;



# Dump of table course_selflearning_topics
# ------------------------------------------------------------

CREATE TABLE `course_selflearning_topics` (
  `id` int NOT NULL AUTO_INCREMENT,
  `main_text` text CHARACTER SET utf8mb4 COLLATE utf8mb4_0900_ai_ci NOT NULL,
  `position` int NOT NULL,
  `status` tinyint(1) DEFAULT '1',
  PRIMARY KEY (`id`) USING BTREE
) ENGINE=InnoDB AUTO_INCREMENT=14 DEFAULT CHARSET=utf8mb4 COLLATE=utf8mb4_0900_ai_ci ROW_FORMAT=DYNAMIC;



# Dump of table course_student_teacher_allocation
# ------------------------------------------------------------

CREATE TABLE `course_student_teacher_allocation` (
  `id` int NOT NULL AUTO_INCREMENT,
  `student_id` int NOT NULL,
  `course_id` int NOT NULL,
  `teacher_id` varchar(45) CHARACTER SET utf8mb4 COLLATE utf8mb4_0900_ai_ci NOT NULL,
  `status` tinyint(1) DEFAULT '1',
  PRIMARY KEY (`id`) USING BTREE,
  UNIQUE KEY `uq_student_course_assign` (`student_id`,`course_id`) USING BTREE,
  KEY `fk_assign_course` (`course_id`) USING BTREE,
  KEY `fk_assign_teacher` (`teacher_id`),
  CONSTRAINT `fk_assign_course` FOREIGN KEY (`course_id`) REFERENCES `courses` (`id`) ON DELETE CASCADE ON UPDATE CASCADE,
  CONSTRAINT `fk_assign_student` FOREIGN KEY (`student_id`) REFERENCES `students` (`id`) ON DELETE CASCADE ON UPDATE CASCADE,
  CONSTRAINT `fk_assign_teacher` FOREIGN KEY (`teacher_id`) REFERENCES `teachers` (`faculty_id`)
) ENGINE=InnoDB AUTO_INCREMENT=2048 DEFAULT CHARSET=utf8mb4 COLLATE=utf8mb4_0900_ai_ci ROW_FORMAT=DYNAMIC;

LOCK TABLES `course_student_teacher_allocation` WRITE;
/*!40000 ALTER TABLE `course_student_teacher_allocation` DISABLE KEYS */;

INSERT INTO `course_student_teacher_allocation` (`id`, `student_id`, `course_id`, `teacher_id`, `status`)
VALUES
	(1,117,146,'AU10645',1),
	(2,118,146,'AU10645',1),
	(3,119,146,'AU10645',1),
	(4,120,146,'AU10645',1),
	(5,121,146,'AU10645',1),
	(6,122,146,'AU10645',1),
	(7,123,146,'AU10645',1),
	(8,124,146,'AU10645',1),
	(9,125,146,'AU10645',1),
	(10,126,146,'AU10645',1),
	(11,127,146,'AU10645',1),
	(12,128,146,'AU10645',1),
	(13,129,146,'AU10645',1),
	(14,130,146,'AU10645',1),
	(15,131,146,'AU10645',1),
	(16,132,146,'AU10645',1),
	(17,133,146,'AU10645',1),
	(18,117,148,'ME10098',1),
	(19,118,148,'ME10098',1),
	(20,119,148,'ME10098',1),
	(21,120,148,'ME10098',1),
	(22,121,148,'ME10098',1),
	(23,122,148,'ME10098',1),
	(24,123,148,'ME10098',1),
	(25,124,148,'ME10098',1),
	(26,125,148,'ME10098',1),
	(27,126,148,'ME10098',1),
	(28,127,148,'ME10098',1),
	(29,128,148,'ME10098',1),
	(30,129,148,'ME10098',1),
	(31,130,148,'ME10098',1),
	(32,131,148,'ME10098',1),
	(33,132,148,'ME10098',1),
	(34,133,148,'ME10098',1),
	(35,117,149,'ME1974',1),
	(36,118,149,'ME1974',1),
	(37,119,149,'ME1974',1),
	(38,120,149,'ME1974',1),
	(39,121,149,'ME1974',1),
	(40,122,149,'ME1974',1),
	(41,123,149,'ME1974',1),
	(42,124,149,'ME1974',1),
	(43,125,149,'ME1974',1),
	(44,126,149,'ME1974',1),
	(45,127,149,'ME1974',1),
	(46,128,149,'ME1974',1),
	(47,129,149,'ME1974',1),
	(48,130,149,'ME1974',1),
	(49,131,149,'ME1974',1),
	(50,132,149,'ME1974',1),
	(51,133,149,'ME1974',1),
	(52,117,151,'ME1094',1),
	(53,118,151,'ME1094',1),
	(54,119,151,'ME1094',1),
	(55,120,151,'ME1094',1),
	(56,121,151,'ME1094',1),
	(57,122,151,'ME1094',1),
	(58,123,151,'ME1094',1),
	(59,124,151,'ME1094',1),
	(60,125,151,'ME1094',1),
	(61,126,151,'ME1094',1),
	(62,127,151,'ME1094',1),
	(63,128,151,'ME1094',1),
	(64,129,151,'ME1094',1),
	(65,130,151,'ME1094',1),
	(66,131,151,'ME1094',1),
	(67,132,151,'ME1094',1),
	(68,133,151,'ME1094',1),
	(69,1,153,'CH10003',1),
	(70,2,153,'CH10225',1),
	(71,3,153,'CH10314',1),
	(72,4,153,'CH10957',1),
	(73,5,153,'CH11127',1),
	(74,6,153,'CH1493',1),
	(75,7,153,'CH1557',1),
	(76,8,153,'CH1558',1),
	(77,9,153,'CH1578',1),
	(78,10,153,'CH1894',1),
	(79,11,153,'CH10003',1),
	(80,12,153,'CH10225',1),
	(81,13,153,'CH10314',1),
	(82,14,153,'CH10957',1),
	(83,15,153,'CH11127',1),
	(84,16,153,'CH1493',1),
	(85,17,153,'CH1557',1),
	(86,18,153,'CH1558',1),
	(87,19,153,'CH1578',1),
	(88,20,153,'CH1894',1),
	(89,21,153,'CH10003',1),
	(90,22,153,'CH10225',1),
	(91,23,153,'CH10314',1),
	(92,24,153,'CH10957',1),
	(93,25,153,'CH11127',1),
	(94,26,153,'CH1493',1),
	(95,27,153,'CH1557',1),
	(96,28,153,'CH1558',1),
	(97,29,153,'CH1578',1),
	(98,30,153,'CH1894',1),
	(99,31,153,'CH10003',1),
	(100,32,153,'CH10225',1),
	(101,33,153,'CH10314',1),
	(102,34,153,'CH10957',1),
	(103,35,153,'CH11127',1),
	(104,36,153,'CH1493',1),
	(105,37,153,'CH1557',1),
	(106,38,153,'CH1558',1),
	(107,39,153,'CH1578',1),
	(108,40,153,'CH1894',1),
	(109,41,153,'CH10003',1),
	(110,42,153,'CH10225',1),
	(111,43,153,'CH10314',1),
	(112,44,153,'CH10957',1),
	(113,45,153,'CH11127',1),
	(114,46,153,'CH1493',1),
	(115,47,153,'CH1557',1),
	(116,48,153,'CH1558',1),
	(117,49,153,'CH1578',1),
	(118,50,153,'CH1894',1),
	(119,51,153,'CH10003',1),
	(120,52,153,'CH10225',1),
	(121,53,153,'CH10314',1),
	(122,54,153,'CH10957',1),
	(123,55,153,'CH11127',1),
	(124,56,153,'CH1493',1),
	(125,57,153,'CH1557',1),
	(126,58,153,'CH1558',1),
	(127,59,153,'CH1578',1),
	(128,60,153,'CH1894',1),
	(129,61,153,'CH10003',1),
	(130,62,153,'CH10225',1),
	(131,63,153,'CH10314',1),
	(132,64,153,'CH10957',1),
	(133,65,153,'CH11127',1),
	(134,66,153,'CH1493',1),
	(135,67,153,'CH1557',1),
	(136,68,153,'CH1558',1),
	(137,69,153,'CH1578',1),
	(138,70,153,'CH1894',1),
	(139,71,153,'CH10003',1),
	(140,72,153,'CH10225',1),
	(141,73,153,'CH10314',1),
	(142,74,153,'CH10957',1),
	(143,75,153,'CH11127',1),
	(144,76,153,'CH1493',1),
	(145,77,153,'CH1557',1),
	(146,78,153,'CH1558',1),
	(147,79,153,'CH1578',1),
	(148,80,153,'CH1894',1),
	(149,81,153,'CH10003',1),
	(150,82,153,'CH10225',1),
	(151,83,153,'CH10314',1),
	(152,84,153,'CH10957',1),
	(153,85,153,'CH11127',1),
	(154,86,153,'CH1493',1),
	(155,87,153,'CH1557',1),
	(156,88,153,'CH1558',1),
	(157,89,153,'CH1578',1),
	(158,90,153,'CH1894',1),
	(159,91,153,'CH10003',1),
	(160,92,153,'CH10225',1),
	(161,93,153,'CH10314',1),
	(162,94,153,'CH10957',1),
	(163,95,153,'CH11127',1),
	(164,96,153,'CH1493',1),
	(165,97,153,'CH1557',1),
	(166,98,153,'CH1558',1),
	(167,99,153,'CH1578',1),
	(168,100,153,'CH1894',1),
	(169,101,153,'CH10003',1),
	(170,102,153,'CH10225',1),
	(171,103,153,'CH10314',1),
	(172,104,153,'CH10957',1),
	(173,105,153,'CH11127',1),
	(174,106,153,'CH1493',1),
	(175,107,153,'CH1557',1),
	(176,108,153,'CH1558',1),
	(177,109,153,'CH1578',1),
	(178,110,153,'CH1894',1),
	(179,111,153,'CH10003',1),
	(180,112,153,'CH10225',1),
	(181,113,153,'CH10314',1),
	(182,114,153,'CH10957',1),
	(183,115,153,'CH11127',1),
	(184,116,153,'CH1493',1),
	(185,117,153,'CH1557',1),
	(186,118,153,'CH1558',1),
	(187,119,153,'CH1578',1),
	(188,120,153,'CH1894',1),
	(189,121,153,'CH10003',1),
	(190,122,153,'CH10225',1),
	(191,123,153,'CH10314',1),
	(192,124,153,'CH10957',1),
	(193,125,153,'CH11127',1),
	(194,126,153,'CH1493',1),
	(195,127,153,'CH1557',1),
	(196,128,153,'CH1558',1),
	(197,129,153,'CH1578',1),
	(198,130,153,'CH1894',1),
	(199,131,153,'CH10003',1),
	(200,132,153,'CH10225',1),
	(201,133,153,'CH10314',1),
	(202,134,153,'CH10957',1),
	(203,135,153,'CH11127',1),
	(204,136,153,'CH1493',1),
	(205,137,153,'CH1557',1),
	(206,138,153,'CH1558',1),
	(207,34,163,'MA10518',1),
	(208,35,163,'MA10518',1),
	(209,36,163,'MA10518',1),
	(210,37,163,'MA10518',1),
	(211,38,163,'MA10518',1),
	(212,39,163,'MA10518',1),
	(213,40,163,'MA10518',1),
	(214,41,163,'MA10518',1),
	(215,42,163,'MA10518',1),
	(216,43,163,'MA10518',1),
	(217,44,163,'MA10518',1),
	(218,45,163,'MA10518',1),
	(219,46,163,'MA10518',1),
	(220,34,177,'CS11094',1),
	(221,35,177,'CS11094',1),
	(222,36,177,'CS11094',1),
	(223,37,177,'CS11094',1),
	(224,38,177,'CS11094',1),
	(225,39,177,'CS11094',1),
	(226,40,177,'CS11094',1),
	(227,41,177,'CS11094',1),
	(228,42,177,'CS11094',1),
	(229,43,177,'CS11094',1),
	(230,44,177,'CS11094',1),
	(231,45,177,'CS11094',1),
	(232,46,177,'CS11094',1),
	(233,13,188,'MA11028',1),
	(234,14,188,'MA11028',1),
	(235,13,190,'AM11095',1),
	(236,14,190,'AM11095',1),
	(237,13,191,'AM10956',1),
	(238,14,191,'AM10956',1),
	(239,13,192,'AM11166',1),
	(240,14,192,'AM11166',1),
	(241,13,193,'AM11052',1),
	(242,14,193,'AM11052',1),
	(243,1,199,'HU11011',1),
	(244,2,199,'HU11125',1),
	(245,3,199,'HU11139',1),
	(246,4,199,'HU11141',1),
	(247,5,199,'HU11151',1),
	(248,6,199,'HU11159',1),
	(249,7,199,'HU11011',1),
	(250,8,199,'HU11125',1),
	(251,9,199,'HU11139',1),
	(252,10,199,'HU11141',1),
	(253,11,199,'HU11151',1),
	(254,12,199,'HU11159',1),
	(255,13,199,'HU11011',1),
	(256,14,199,'HU11125',1),
	(257,15,199,'HU11139',1),
	(258,16,199,'HU11141',1),
	(259,17,199,'HU11151',1),
	(260,18,199,'HU11159',1),
	(261,19,199,'HU11011',1),
	(262,20,199,'HU11125',1),
	(263,21,199,'HU11139',1),
	(264,22,199,'HU11141',1),
	(265,23,199,'HU11151',1),
	(266,24,199,'HU11159',1),
	(267,25,199,'HU11011',1),
	(268,26,199,'HU11125',1),
	(269,34,199,'HU11139',1),
	(270,35,199,'HU11141',1),
	(271,36,199,'HU11151',1),
	(272,37,199,'HU11159',1),
	(273,38,199,'HU11011',1),
	(274,39,199,'HU11125',1),
	(275,40,199,'HU11139',1),
	(276,41,199,'HU11141',1),
	(277,42,199,'HU11151',1),
	(278,43,199,'HU11159',1),
	(279,44,199,'HU11011',1),
	(280,45,199,'HU11125',1),
	(281,46,199,'HU11139',1),
	(282,47,199,'HU11141',1),
	(283,48,199,'HU11151',1),
	(284,49,199,'HU11159',1),
	(285,50,199,'HU11011',1),
	(286,51,199,'HU11125',1),
	(287,52,199,'HU11139',1),
	(288,53,199,'HU11141',1),
	(289,54,199,'HU11151',1),
	(290,55,199,'HU11159',1),
	(291,56,199,'HU11011',1),
	(292,57,199,'HU11125',1),
	(293,58,199,'HU11139',1),
	(294,59,199,'HU11141',1),
	(295,60,199,'HU11151',1),
	(296,61,199,'HU11159',1),
	(297,62,199,'HU11011',1),
	(298,63,199,'HU11125',1),
	(299,64,199,'HU11139',1),
	(300,65,199,'HU11141',1),
	(301,66,199,'HU11151',1),
	(302,67,199,'HU11159',1),
	(303,68,199,'HU11011',1),
	(304,69,199,'HU11125',1),
	(305,70,199,'HU11139',1),
	(306,71,199,'HU11141',1),
	(307,72,199,'HU11151',1),
	(308,73,199,'HU11159',1),
	(309,74,199,'HU11011',1),
	(310,75,199,'HU11125',1),
	(311,76,199,'HU11139',1),
	(312,77,199,'HU11141',1),
	(313,78,199,'HU11151',1),
	(314,79,199,'HU11159',1),
	(315,80,199,'HU11011',1),
	(316,81,199,'HU11125',1),
	(317,82,199,'HU11139',1),
	(318,83,199,'HU11141',1),
	(319,84,199,'HU11151',1),
	(320,85,199,'HU11159',1),
	(321,86,199,'HU11011',1),
	(322,87,199,'HU11125',1),
	(323,88,199,'HU11139',1),
	(324,89,199,'HU11141',1),
	(325,90,199,'HU11151',1),
	(326,91,199,'HU11159',1),
	(327,92,199,'HU11011',1),
	(328,93,199,'HU11125',1),
	(329,94,199,'HU11139',1),
	(330,95,199,'HU11141',1),
	(331,96,199,'HU11151',1),
	(332,97,199,'HU11159',1),
	(333,98,199,'HU11011',1),
	(334,99,199,'HU11125',1),
	(335,100,199,'HU11139',1),
	(336,101,199,'HU11141',1),
	(337,102,199,'HU11151',1),
	(338,103,199,'HU11159',1),
	(339,104,199,'HU11011',1),
	(340,105,199,'HU11125',1),
	(341,106,199,'HU11139',1),
	(342,107,199,'HU11141',1),
	(343,108,199,'HU11151',1),
	(344,109,199,'HU11159',1),
	(345,110,199,'HU11011',1),
	(346,111,199,'HU11125',1),
	(347,112,199,'HU11139',1),
	(348,113,199,'HU11141',1),
	(349,114,199,'HU11151',1),
	(350,115,199,'HU11159',1),
	(351,116,199,'HU11011',1),
	(352,117,199,'HU11125',1),
	(353,118,199,'HU11139',1),
	(354,119,199,'HU11141',1),
	(355,120,199,'HU11151',1),
	(356,121,199,'HU11159',1),
	(357,122,199,'HU11011',1),
	(358,123,199,'HU11125',1),
	(359,124,199,'HU11139',1),
	(360,125,199,'HU11141',1),
	(361,126,199,'HU11151',1),
	(362,127,199,'HU11159',1),
	(363,128,199,'HU11011',1),
	(364,129,199,'HU11125',1),
	(365,130,199,'HU11139',1),
	(366,131,199,'HU11141',1),
	(367,132,199,'HU11151',1),
	(368,133,199,'HU11159',1),
	(369,134,199,'HU11011',1),
	(370,135,199,'HU11125',1),
	(371,136,199,'HU11139',1),
	(372,137,199,'HU11141',1),
	(373,138,199,'HU11151',1),
	(374,2,208,'AD11089',1),
	(375,3,208,'AD11089',1),
	(376,4,208,'AD11089',1),
	(377,5,208,'AD11089',1),
	(378,6,208,'AD11089',1),
	(379,7,208,'AD11089',1),
	(380,8,208,'AD11089',1),
	(381,9,208,'AD11089',1),
	(382,10,208,'AD11089',1),
	(383,11,208,'AD11089',1),
	(384,12,208,'AD11089',1),
	(385,2,211,'AD11068',1),
	(386,3,211,'AD11068',1),
	(387,4,211,'AD11068',1),
	(388,5,211,'AD11068',1),
	(389,6,211,'AD11068',1),
	(390,7,211,'AD11068',1),
	(391,8,211,'AD11068',1),
	(392,9,211,'AD11068',1),
	(393,10,211,'AD11068',1),
	(394,11,211,'AD11068',1),
	(395,12,211,'AD11068',1),
	(396,2,213,'AD11104',1),
	(397,3,213,'AD11104',1),
	(398,4,213,'AD11104',1),
	(399,5,213,'AD11104',1),
	(400,6,213,'AD11104',1),
	(401,7,213,'AD11104',1),
	(402,8,213,'AD11104',1),
	(403,9,213,'AD11104',1),
	(404,10,213,'AD11104',1),
	(405,11,213,'AD11104',1),
	(406,12,213,'AD11104',1),
	(407,2,218,'AD10931',1),
	(408,3,218,'AD10931',1),
	(409,4,218,'AD10931',1),
	(410,5,218,'AD10931',1),
	(411,6,218,'AD10931',1),
	(412,7,218,'AD10931',1),
	(413,8,218,'AD10931',1),
	(414,9,218,'AD10931',1),
	(415,10,218,'AD10931',1),
	(416,11,218,'AD10931',1),
	(417,12,218,'AD10931',1),
	(418,69,221,'EC10680',1),
	(419,70,221,'EC10680',1),
	(420,71,221,'EC10680',1),
	(421,72,221,'EC10680',1),
	(422,73,221,'EC10680',1),
	(423,74,221,'EC10680',1),
	(424,75,221,'EC10680',1),
	(425,76,221,'EC10680',1),
	(426,77,221,'EC10680',1),
	(427,78,221,'EC10680',1),
	(428,79,221,'EC10680',1),
	(429,80,221,'EC10680',1),
	(430,81,221,'EC10680',1),
	(431,82,221,'EC10680',1),
	(432,83,221,'EC10680',1),
	(433,84,221,'EC10680',1),
	(434,85,221,'EC10680',1),
	(435,86,221,'EC10680',1),
	(436,87,221,'EC10680',1),
	(437,88,221,'EC10680',1),
	(438,89,221,'EC10680',1),
	(439,90,221,'EC10680',1),
	(440,69,226,'EC10969',1),
	(441,70,226,'EC10969',1),
	(442,71,226,'EC10969',1),
	(443,72,226,'EC10969',1),
	(444,73,226,'EC10969',1),
	(445,74,226,'EC10969',1),
	(446,75,226,'EC10969',1),
	(447,76,226,'EC10969',1),
	(448,77,226,'EC10969',1),
	(449,78,226,'EC10969',1),
	(450,79,226,'EC10969',1),
	(451,80,226,'EC10969',1),
	(452,81,226,'EC10969',1),
	(453,82,226,'EC10969',1),
	(454,83,226,'EC10969',1),
	(455,84,226,'EC10969',1),
	(456,85,226,'EC10969',1),
	(457,86,226,'EC10969',1),
	(458,87,226,'EC10969',1),
	(459,88,226,'EC10969',1),
	(460,89,226,'EC10969',1),
	(461,90,226,'EC10969',1),
	(462,117,227,'ME1877',1),
	(463,118,227,'ME1877',1),
	(464,119,227,'ME1877',1),
	(465,120,227,'ME1877',1),
	(466,121,227,'ME1877',1),
	(467,122,227,'ME1877',1),
	(468,123,227,'ME1877',1),
	(469,124,227,'ME1877',1),
	(470,125,227,'ME1877',1),
	(471,126,227,'ME1877',1),
	(472,127,227,'ME1877',1),
	(473,128,227,'ME1877',1),
	(474,129,227,'ME1877',1),
	(475,130,227,'ME1877',1),
	(476,131,227,'ME1877',1),
	(477,132,227,'ME1877',1),
	(478,133,227,'ME1877',1),
	(479,69,235,'EC1834',1),
	(480,70,235,'EC1834',1),
	(481,71,235,'EC1834',1),
	(482,72,235,'EC1834',1),
	(483,73,235,'EC1834',1),
	(484,74,235,'EC1834',1),
	(485,75,235,'EC1834',1),
	(486,76,235,'EC1834',1),
	(487,77,235,'EC1834',1),
	(488,78,235,'EC1834',1),
	(489,79,235,'EC1834',1),
	(490,80,235,'EC1834',1),
	(491,81,235,'EC1834',1),
	(492,82,235,'EC1834',1),
	(493,83,235,'EC1834',1),
	(494,84,235,'EC1834',1),
	(495,85,235,'EC1834',1),
	(496,86,235,'EC1834',1),
	(497,87,235,'EC1834',1),
	(498,88,235,'EC1834',1),
	(499,89,235,'EC1834',1),
	(500,90,235,'EC1834',1),
	(501,97,243,'MA10518',1),
	(502,98,243,'MA10518',1),
	(503,99,243,'MA10518',1),
	(504,100,243,'MA10518',1),
	(505,101,243,'MA10518',1),
	(506,102,243,'MA10518',1),
	(507,103,243,'MA10518',1),
	(508,104,243,'MA10518',1),
	(509,105,243,'MA10518',1),
	(510,106,243,'MA10518',1),
	(511,107,243,'MA10518',1),
	(512,108,243,'MA10518',1),
	(513,109,243,'MA10518',1),
	(514,110,243,'MA10518',1),
	(515,111,243,'MA10518',1),
	(516,112,243,'MA10518',1),
	(517,113,243,'MA10518',1),
	(518,114,243,'MA10518',1),
	(519,115,243,'MA10518',1),
	(520,116,243,'MA10518',1),
	(521,97,245,'IT10262',1),
	(522,98,245,'IT10262',1),
	(523,99,245,'IT10262',1),
	(524,100,245,'IT10262',1),
	(525,101,245,'IT10262',1),
	(526,102,245,'IT10262',1),
	(527,103,245,'IT10262',1),
	(528,104,245,'IT10262',1),
	(529,105,245,'IT10262',1),
	(530,106,245,'IT10262',1),
	(531,107,245,'IT10262',1),
	(532,108,245,'IT10262',1),
	(533,109,245,'IT10262',1),
	(534,110,245,'IT10262',1),
	(535,111,245,'IT10262',1),
	(536,112,245,'IT10262',1),
	(537,113,245,'IT10262',1),
	(538,114,245,'IT10262',1),
	(539,115,245,'IT10262',1),
	(540,116,245,'IT10262',1),
	(541,97,247,'IT11144',1),
	(542,98,247,'IT11144',1),
	(543,99,247,'IT11144',1),
	(544,100,247,'IT11144',1),
	(545,101,247,'IT11144',1),
	(546,102,247,'IT11144',1),
	(547,103,247,'IT11144',1),
	(548,104,247,'IT11144',1),
	(549,105,247,'IT11144',1),
	(550,106,247,'IT11144',1),
	(551,107,247,'IT11144',1),
	(552,108,247,'IT11144',1),
	(553,109,247,'IT11144',1),
	(554,110,247,'IT11144',1),
	(555,111,247,'IT11144',1),
	(556,112,247,'IT11144',1),
	(557,113,247,'IT11144',1),
	(558,114,247,'IT11144',1),
	(559,115,247,'IT11144',1),
	(560,116,247,'IT11144',1),
	(561,97,249,'IT10824',1),
	(562,98,249,'IT10824',1),
	(563,99,249,'IT10824',1),
	(564,100,249,'IT10824',1),
	(565,101,249,'IT10824',1),
	(566,102,249,'IT10824',1),
	(567,103,249,'IT10824',1),
	(568,104,249,'IT10824',1),
	(569,105,249,'IT10824',1),
	(570,106,249,'IT10824',1),
	(571,107,249,'IT10824',1),
	(572,108,249,'IT10824',1),
	(573,109,249,'IT10824',1),
	(574,110,249,'IT10824',1),
	(575,111,249,'IT10824',1),
	(576,112,249,'IT10824',1),
	(577,113,249,'IT10824',1),
	(578,114,249,'IT10824',1),
	(579,115,249,'IT10824',1),
	(580,116,249,'IT10824',1),
	(581,15,256,'BT1477',1),
	(582,16,256,'BT1477',1),
	(583,17,256,'BT1477',1),
	(584,18,256,'BT1477',1),
	(585,19,256,'BT1477',1),
	(586,20,256,'BT1477',1),
	(587,21,256,'BT1477',1),
	(588,22,256,'BT1477',1),
	(589,23,256,'BT1477',1),
	(590,24,256,'BT1477',1),
	(591,25,256,'BT1477',1),
	(592,26,256,'BT1477',1),
	(593,15,258,'ME10492',1),
	(594,16,258,'ME10492',1),
	(595,17,258,'ME10492',1),
	(596,18,258,'ME10492',1),
	(597,19,258,'ME10492',1),
	(598,20,258,'ME10492',1),
	(599,21,258,'ME10492',1),
	(600,22,258,'ME10492',1),
	(601,23,258,'ME10492',1),
	(602,24,258,'ME10492',1),
	(603,25,258,'ME10492',1),
	(604,26,258,'ME10492',1),
	(605,15,260,'BT11050',1),
	(606,16,260,'BT11050',1),
	(607,17,260,'BT11050',1),
	(608,18,260,'BT11050',1),
	(609,19,260,'BT11050',1),
	(610,20,260,'BT11050',1),
	(611,21,260,'BT11050',1),
	(612,22,260,'BT11050',1),
	(613,23,260,'BT11050',1),
	(614,24,260,'BT11050',1),
	(615,25,260,'BT11050',1),
	(616,26,260,'BT11050',1),
	(617,15,261,'BT10708',1),
	(618,16,261,'BT10708',1),
	(619,17,261,'BT10708',1),
	(620,18,261,'BT10708',1),
	(621,19,261,'BT10708',1),
	(622,20,261,'BT10708',1),
	(623,21,261,'BT10708',1),
	(624,22,261,'BT10708',1),
	(625,23,261,'BT10708',1),
	(626,24,261,'BT10708',1),
	(627,25,261,'BT10708',1),
	(628,26,261,'BT10708',1),
	(629,15,263,'BT1388',1),
	(630,16,263,'BT1388',1),
	(631,17,263,'BT1388',1),
	(632,18,263,'BT1388',1),
	(633,19,263,'BT1388',1),
	(634,20,263,'BT1388',1),
	(635,21,263,'BT1388',1),
	(636,22,263,'BT1388',1),
	(637,23,263,'BT1388',1),
	(638,24,263,'BT1388',1),
	(639,25,263,'BT1388',1),
	(640,26,263,'BT1388',1),
	(641,13,267,'AM2241',1),
	(642,98,333,'IT1846',1),
	(643,100,333,'IT1846',1),
	(644,105,333,'IT1846',1),
	(645,110,333,'IT1846',1),
	(646,116,333,'IT1846',1),
	(647,97,334,'IT11105',1),
	(648,99,334,'IT11105',1),
	(649,101,334,'IT11105',1),
	(650,102,334,'IT11105',1),
	(651,103,334,'IT11105',1),
	(652,104,334,'IT11105',1),
	(653,106,334,'IT11105',1),
	(654,107,334,'IT11105',1),
	(655,108,334,'IT11105',1),
	(656,109,334,'IT11105',1),
	(657,111,334,'IT11105',1),
	(658,112,334,'IT11105',1),
	(659,113,334,'IT11105',1),
	(660,114,334,'IT11105',1),
	(661,115,334,'IT11105',1),
	(662,70,339,'EC11147',1),
	(663,71,339,'EC11147',1),
	(664,72,339,'EC11147',1),
	(665,73,339,'EC11147',1),
	(666,74,339,'EC11147',1),
	(667,77,339,'EC11147',1),
	(668,78,339,'EC11147',1),
	(669,82,339,'EC11147',1),
	(670,85,339,'EC11147',1),
	(671,87,339,'EC11147',1),
	(672,88,339,'EC11147',1),
	(673,89,339,'EC11147',1),
	(674,90,339,'EC11147',1),
	(675,15,346,'BT10375',1),
	(676,16,346,'BT10375',1),
	(677,19,346,'BT10375',1),
	(678,20,346,'BT10375',1),
	(679,21,346,'BT10375',1),
	(680,23,346,'BT10375',1),
	(681,24,346,'BT10375',1),
	(682,26,346,'BT10375',1),
	(683,4,349,'AD11009',1),
	(684,5,349,'AD11009',1),
	(685,8,349,'AD11009',1),
	(686,9,349,'AD11009',1),
	(687,10,349,'AD11009',1),
	(688,12,349,'AD11009',1),
	(689,17,402,'BT10978',1),
	(690,18,402,'BT10978',1),
	(691,22,402,'BT10978',1),
	(692,25,402,'BT10978',1),
	(693,14,460,'AD11169',1),
	(694,36,610,'CS10861',1),
	(695,45,610,'CS10861',1),
	(696,37,611,'CS10963',1),
	(697,41,611,'CS10963',1),
	(698,42,611,'CS10963',1),
	(699,46,611,'CS10963',1),
	(700,36,612,'CS10861',1),
	(701,45,612,'CS10861',1),
	(702,34,613,'CS11185',1),
	(703,35,613,'CS11185',1),
	(704,38,613,'CS11185',1),
	(705,39,613,'CS11185',1),
	(706,40,613,'CS11185',1),
	(707,43,613,'CS11185',1),
	(708,44,613,'CS11185',1),
	(709,27,614,'CB11170',1),
	(710,28,614,'CB11170',1),
	(711,29,614,'CB11170',1),
	(712,30,614,'CB11170',1),
	(713,31,614,'CB11170',1),
	(714,32,614,'CB11170',1),
	(715,33,614,'CB11170',1),
	(716,91,679,'EI10249',1),
	(717,92,679,'EI10249',1),
	(718,93,679,'EI10249',1),
	(719,94,679,'EI10249',1),
	(720,95,679,'EI10249',1),
	(721,96,679,'EI10249',1),
	(722,69,680,'IT11173',1),
	(723,75,680,'IT11173',1),
	(724,76,680,'IT11173',1),
	(725,79,680,'IT11173',1),
	(726,80,680,'IT11173',1),
	(727,81,680,'IT11173',1),
	(728,83,680,'IT11173',1),
	(729,84,680,'IT11173',1),
	(730,86,680,'IT11173',1),
	(731,48,681,'EE1311',1),
	(732,49,681,'EE1311',1),
	(733,51,681,'EE1311',1),
	(734,55,681,'EE1311',1),
	(735,56,681,'EE1311',1),
	(736,57,681,'EE1311',1),
	(737,58,681,'EE1311',1),
	(738,59,681,'EE1311',1),
	(739,61,681,'EE1311',1),
	(740,62,681,'EE1311',1),
	(741,66,681,'EE1311',1),
	(742,47,682,'EE10155',1),
	(743,50,682,'EE10155',1),
	(744,52,682,'EE10155',1),
	(745,53,682,'EE10155',1),
	(746,54,682,'EE10155',1),
	(747,60,682,'EE10155',1),
	(748,63,682,'EE10155',1),
	(749,64,682,'EE10155',1),
	(750,65,682,'EE10155',1),
	(751,67,682,'EE10155',1),
	(752,68,682,'EE10155',1),
	(753,47,685,'EE1437',1),
	(754,48,685,'EE1437',1),
	(755,49,685,'EE1437',1),
	(756,50,685,'EE1437',1),
	(757,51,685,'EE1437',1),
	(758,52,685,'EE1437',1),
	(759,53,685,'EE1437',1),
	(760,54,685,'EE1437',1),
	(761,55,685,'EE1437',1),
	(762,56,685,'EE1437',1),
	(763,57,685,'EE1437',1),
	(764,58,685,'EE1437',1),
	(765,59,685,'EE1437',1),
	(766,60,685,'EE1437',1),
	(767,61,685,'EE1437',1),
	(768,62,685,'EE1437',1),
	(769,63,685,'EE1437',1),
	(770,64,685,'EE1437',1),
	(771,65,685,'EE1437',1),
	(772,66,685,'EE1437',1),
	(773,67,685,'EE1437',1),
	(774,68,685,'EE1437',1),
	(775,47,686,'EE1785',1),
	(776,48,686,'EE1785',1),
	(777,49,686,'EE1785',1),
	(778,50,686,'EE1785',1),
	(779,51,686,'EE1785',1),
	(780,52,686,'EE1785',1),
	(781,53,686,'EE1785',1),
	(782,54,686,'EE1785',1),
	(783,55,686,'EE1785',1),
	(784,56,686,'EE1785',1),
	(785,57,686,'EE1785',1),
	(786,58,686,'EE1785',1),
	(787,59,686,'EE1785',1),
	(788,60,686,'EE1785',1),
	(789,61,686,'EE1785',1),
	(790,62,686,'EE1785',1),
	(791,63,686,'EE1785',1),
	(792,64,686,'EE1785',1),
	(793,65,686,'EE1785',1),
	(794,66,686,'EE1785',1),
	(795,67,686,'EE1785',1),
	(796,68,686,'EE1785',1),
	(797,47,687,'EE1325',1),
	(798,48,687,'EE1325',1),
	(799,49,687,'EE1325',1),
	(800,50,687,'EE1325',1),
	(801,51,687,'EE1325',1),
	(802,52,687,'EE1325',1),
	(803,53,687,'EE1325',1),
	(804,54,687,'EE1325',1),
	(805,55,687,'EE1325',1),
	(806,56,687,'EE1325',1),
	(807,57,687,'EE1325',1),
	(808,58,687,'EE1325',1),
	(809,59,687,'EE1325',1),
	(810,60,687,'EE1325',1),
	(811,61,687,'EE1325',1),
	(812,62,687,'EE1325',1),
	(813,63,687,'EE1325',1),
	(814,64,687,'EE1325',1),
	(815,65,687,'EE1325',1),
	(816,66,687,'EE1325',1),
	(817,67,687,'EE1325',1),
	(818,68,687,'EE1325',1),
	(819,47,688,'EE10786',1),
	(820,48,688,'EE10786',1),
	(821,49,688,'EE10786',1),
	(822,50,688,'EE10786',1),
	(823,51,688,'EE10786',1),
	(824,52,688,'EE10786',1),
	(825,53,688,'EE10786',1),
	(826,54,688,'EE10786',1),
	(827,55,688,'EE10786',1),
	(828,56,688,'EE10786',1),
	(829,57,688,'EE10786',1),
	(830,58,688,'EE10786',1),
	(831,59,688,'EE10786',1),
	(832,60,688,'EE10786',1),
	(833,61,688,'EE10786',1),
	(834,62,688,'EE10786',1),
	(835,63,688,'EE10786',1),
	(836,64,688,'EE10786',1),
	(837,65,688,'EE10786',1),
	(838,66,688,'EE10786',1),
	(839,67,688,'EE10786',1),
	(840,68,688,'EE10786',1),
	(841,91,689,'EI1996',1),
	(842,92,689,'EI1996',1),
	(843,93,689,'EI1996',1),
	(844,94,689,'EI1996',1),
	(845,95,689,'EI1996',1),
	(846,96,689,'EI1996',1),
	(847,91,690,'EI10459',1),
	(848,92,690,'EI10459',1),
	(849,93,690,'EI10459',1),
	(850,94,690,'EI10459',1),
	(851,95,690,'EI10459',1),
	(852,96,690,'EI10459',1),
	(853,91,691,'EI1276',1),
	(854,92,691,'EI1276',1),
	(855,93,691,'EI1276',1),
	(856,94,691,'EI1276',1),
	(857,95,691,'EI1276',1),
	(858,96,691,'EI1276',1),
	(859,91,692,'EI10266',1),
	(860,92,692,'EI10266',1),
	(861,93,692,'EI10266',1),
	(862,94,692,'EI10266',1),
	(863,95,692,'EI10266',1),
	(864,96,692,'EI10266',1),
	(865,134,693,'MC10597',1),
	(866,135,693,'MC10597',1),
	(867,136,693,'MC10597',1),
	(868,137,693,'MC10597',1),
	(869,138,693,'MC10597',1),
	(870,134,694,'MC10697',1),
	(871,135,694,'MC10697',1),
	(872,136,694,'MC10697',1),
	(873,137,694,'MC10697',1),
	(874,138,694,'MC10697',1),
	(875,134,695,'MC1843',1),
	(876,135,695,'MC1843',1),
	(877,136,695,'MC1843',1),
	(878,137,695,'MC1843',1),
	(879,138,695,'MC1843',1),
	(880,134,696,'MC10369',1),
	(881,135,696,'MC10369',1),
	(882,136,696,'MC10369',1),
	(883,137,696,'MC10369',1),
	(884,138,696,'MC10369',1),
	(885,134,697,'MC1878',1),
	(886,135,697,'MC1878',1),
	(887,136,697,'MC1878',1),
	(888,137,697,'MC1878',1),
	(889,138,697,'MC1878',1),
	(890,34,698,'CS11119',1),
	(891,35,698,'CS11119',1),
	(892,36,698,'CS11119',1),
	(893,37,698,'CS11119',1),
	(894,38,698,'CS11119',1),
	(895,39,698,'CS11119',1),
	(896,40,698,'CS11119',1),
	(897,41,698,'CS11119',1),
	(898,42,698,'CS11119',1),
	(899,43,698,'CS11119',1),
	(900,44,698,'CS11119',1),
	(901,45,698,'CS11119',1),
	(902,46,698,'CS11119',1),
	(903,34,699,'IS10823',1),
	(904,35,699,'IS10823',1),
	(905,36,699,'IS10823',1),
	(906,37,699,'IS10823',1),
	(907,38,699,'IS10823',1),
	(908,39,699,'IS10823',1),
	(909,40,699,'IS10823',1),
	(910,41,699,'IS10823',1),
	(911,42,699,'IS10823',1),
	(912,43,699,'IS10823',1),
	(913,44,699,'IS10823',1),
	(914,45,699,'IS10823',1),
	(915,46,699,'IS10823',1),
	(916,34,700,'CS11101',1),
	(917,35,700,'CS11101',1),
	(918,36,700,'CS11101',1),
	(919,37,700,'CS11101',1),
	(920,38,700,'CS11101',1),
	(921,39,700,'CS11101',1),
	(922,40,700,'CS11101',1),
	(923,41,700,'CS11101',1),
	(924,42,700,'CS11101',1),
	(925,43,700,'CS11101',1),
	(926,44,700,'CS11101',1),
	(927,45,700,'CS11101',1),
	(928,46,700,'CS11101',1),
	(929,97,701,'IT11146',1),
	(930,98,701,'IT11146',1),
	(931,99,701,'IT11146',1),
	(932,100,701,'IT11146',1),
	(933,101,701,'IT11146',1),
	(934,102,701,'IT11146',1),
	(935,103,701,'IT11146',1),
	(936,104,701,'IT11146',1),
	(937,105,701,'IT11146',1),
	(938,106,701,'IT11146',1),
	(939,107,701,'IT11146',1),
	(940,108,701,'IT11146',1),
	(941,109,701,'IT11146',1),
	(942,110,701,'IT11146',1),
	(943,111,701,'IT11146',1),
	(944,112,701,'IT11146',1),
	(945,113,701,'IT11146',1),
	(946,114,701,'IT11146',1),
	(947,115,701,'IT11146',1),
	(948,116,701,'IT11146',1),
	(949,47,702,'EE10647',1),
	(950,48,702,'EE10647',1),
	(951,49,702,'EE10647',1),
	(952,50,702,'EE10647',1),
	(953,51,702,'EE10647',1),
	(954,52,702,'EE10647',1),
	(955,53,702,'EE10647',1),
	(956,54,702,'EE10647',1),
	(957,55,702,'EE10647',1),
	(958,56,702,'EE10647',1),
	(959,57,702,'EE10647',1),
	(960,58,702,'EE10647',1),
	(961,59,702,'EE10647',1),
	(962,60,702,'EE10647',1),
	(963,61,702,'EE10647',1),
	(964,62,702,'EE10647',1),
	(965,63,702,'EE10647',1),
	(966,64,702,'EE10647',1),
	(967,65,702,'EE10647',1),
	(968,66,702,'EE10647',1),
	(969,67,702,'EE10647',1),
	(970,68,702,'EE10647',1),
	(971,91,703,'MA1373',1),
	(972,92,703,'MA1373',1),
	(973,93,703,'MA1373',1),
	(974,94,703,'MA1373',1),
	(975,95,703,'MA1373',1),
	(976,96,703,'MA1373',1),
	(977,117,704,'ME1819',1),
	(978,118,704,'ME1819',1),
	(979,119,704,'ME1819',1),
	(980,120,704,'ME1819',1),
	(981,121,704,'ME1819',1),
	(982,122,704,'ME1819',1),
	(983,123,704,'ME1819',1),
	(984,124,704,'ME1819',1),
	(985,125,704,'ME1819',1),
	(986,126,704,'ME1819',1),
	(987,127,704,'ME1819',1),
	(988,128,704,'ME1819',1),
	(989,129,704,'ME1819',1),
	(990,130,704,'ME1819',1),
	(991,131,704,'ME1819',1),
	(992,132,704,'ME1819',1),
	(993,133,704,'ME1819',1),
	(994,134,705,'MA1334',1),
	(995,135,705,'MA1334',1),
	(996,136,705,'MA1334',1),
	(997,137,705,'MA1334',1),
	(998,138,705,'MA1334',1),
	(999,1,706,'AG10895',1),
	(1000,1,707,'AG11083',1),
	(1001,1,708,'AG10172',1),
	(1002,1,709,'MC10299',1),
	(1003,1,710,'AG1312',1),
	(1004,1,711,'AG10092',1),
	(1005,69,712,'EC11190',1),
	(1006,70,712,'EC11190',1),
	(1007,71,712,'EC11190',1),
	(1008,72,712,'EC11190',1),
	(1009,73,712,'EC11190',1),
	(1010,74,712,'EC11190',1),
	(1011,75,712,'EC11190',1),
	(1012,76,712,'EC11190',1),
	(1013,77,712,'EC11190',1),
	(1014,78,712,'EC11190',1),
	(1015,79,712,'EC11190',1),
	(1016,80,712,'EC11190',1),
	(1017,81,712,'EC11190',1),
	(1018,82,712,'EC11190',1),
	(1019,83,712,'EC11190',1),
	(1020,84,712,'EC11190',1),
	(1021,85,712,'EC11190',1),
	(1022,86,712,'EC11190',1),
	(1023,87,712,'EC11190',1),
	(1024,88,712,'EC11190',1),
	(1025,89,712,'EC11190',1),
	(1026,90,712,'EC11190',1),
	(1027,69,713,'EC11131',1),
	(1028,70,713,'EC11131',1),
	(1029,71,713,'EC11131',1),
	(1030,72,713,'EC11131',1),
	(1031,73,713,'EC11131',1),
	(1032,74,713,'EC11131',1),
	(1033,75,713,'EC11131',1),
	(1034,76,713,'EC11131',1),
	(1035,77,713,'EC11131',1),
	(1036,78,713,'EC11131',1),
	(1037,79,713,'EC11131',1),
	(1038,80,713,'EC11131',1),
	(1039,81,713,'EC11131',1),
	(1040,82,713,'EC11131',1),
	(1041,83,713,'EC11131',1),
	(1042,84,713,'EC11131',1),
	(1043,85,713,'EC11131',1),
	(1044,86,713,'EC11131',1),
	(1045,87,713,'EC11131',1),
	(1046,88,713,'EC11131',1),
	(1047,89,713,'EC11131',1),
	(1048,90,713,'EC11131',1),
	(1049,27,714,'CB10992',1),
	(1050,28,714,'CB10992',1),
	(1051,29,714,'CB10992',1),
	(1052,30,714,'CB10992',1),
	(1053,31,714,'CB10992',1),
	(1054,32,714,'CB10992',1),
	(1055,33,714,'CB10992',1),
	(1056,27,715,'CB10890',1),
	(1057,28,715,'CB10890',1),
	(1058,29,715,'CB10890',1),
	(1059,30,715,'CB10890',1),
	(1060,31,715,'CB10890',1),
	(1061,32,715,'CB10890',1),
	(1062,33,715,'CB10890',1),
	(1063,27,716,'CB10791',1),
	(1064,28,716,'CB10791',1),
	(1065,29,716,'CB10791',1),
	(1066,30,716,'CB10791',1),
	(1067,31,716,'CB10791',1),
	(1068,32,716,'CB10791',1),
	(1069,33,716,'CB10791',1),
	(1070,27,717,'CB11107',1),
	(1071,28,717,'CB11107',1),
	(1072,29,717,'CB11107',1),
	(1073,30,717,'CB11107',1),
	(1074,31,717,'CB11107',1),
	(1075,32,717,'CB11107',1),
	(1076,33,717,'CB11107',1),
	(1077,27,718,'MA1342',1),
	(1078,28,718,'MA1342',1),
	(1079,29,718,'MA1342',1),
	(1080,30,718,'MA1342',1),
	(1081,31,718,'MA1342',1),
	(1082,32,718,'MA1342',1),
	(1083,33,718,'MA1342',1),
	(1084,27,719,'SM11120',1),
	(1085,28,719,'SM11120',1),
	(1086,29,719,'SM11120',1),
	(1087,30,719,'SM11120',1),
	(1088,31,719,'SM11120',1),
	(1089,32,719,'SM11120',1),
	(1090,33,719,'SM11120',1);

/*!40000 ALTER TABLE `course_student_teacher_allocation` ENABLE KEYS */;
UNLOCK TABLES;


# Dump of table course_teamwork
# ------------------------------------------------------------

CREATE TABLE `course_teamwork` (
  `id` int NOT NULL,
  `course_id` int NOT NULL,
  `total_hours` int NOT NULL,
  `status` tinyint(1) DEFAULT '1',
  PRIMARY KEY (`id`) USING BTREE,
  KEY `idx_course_id` (`course_id`) USING BTREE,
  CONSTRAINT `fk_course_teamwork_courses` FOREIGN KEY (`course_id`) REFERENCES `courses` (`id`) ON DELETE CASCADE ON UPDATE RESTRICT
) ENGINE=InnoDB DEFAULT CHARSET=utf8mb4 COLLATE=utf8mb4_0900_ai_ci ROW_FORMAT=DYNAMIC;

LOCK TABLES `course_teamwork` WRITE;
/*!40000 ALTER TABLE `course_teamwork` DISABLE KEYS */;

INSERT INTO `course_teamwork` (`id`, `course_id`, `total_hours`, `status`)
VALUES
	(1,17,0,NULL),
	(2,22,0,NULL),
	(3,83,0,NULL),
	(17,17,0,1),
	(103,103,0,1),
	(106,106,0,1),
	(108,108,0,1),
	(109,109,0,1);

/*!40000 ALTER TABLE `course_teamwork` ENABLE KEYS */;
UNLOCK TABLES;


# Dump of table course_teamwork_activities
# ------------------------------------------------------------

CREATE TABLE `course_teamwork_activities` (
  `id` int NOT NULL AUTO_INCREMENT,
  `course_id` int NOT NULL,
  `activity` text CHARACTER SET utf8mb4 COLLATE utf8mb4_0900_ai_ci NOT NULL,
  `position` int NOT NULL,
  `status` tinyint(1) DEFAULT '1',
  PRIMARY KEY (`id`) USING BTREE,
  KEY `idx_curriculum_id` (`course_id`) USING BTREE,
  CONSTRAINT `course_teamwork_activities_ibfk_1` FOREIGN KEY (`course_id`) REFERENCES `courses` (`id`) ON DELETE CASCADE ON UPDATE RESTRICT
) ENGINE=InnoDB AUTO_INCREMENT=28 DEFAULT CHARSET=utf8mb4 COLLATE=utf8mb4_0900_ai_ci ROW_FORMAT=DYNAMIC;

LOCK TABLES `course_teamwork_activities` WRITE;
/*!40000 ALTER TABLE `course_teamwork_activities` DISABLE KEYS */;

INSERT INTO `course_teamwork_activities` (`id`, `course_id`, `activity`, `position`, `status`)
VALUES
	(27,22,'hello',0,1);

/*!40000 ALTER TABLE `course_teamwork_activities` ENABLE KEYS */;
UNLOCK TABLES;


# Dump of table course_type
# ------------------------------------------------------------

CREATE TABLE `course_type` (
  `id` int NOT NULL AUTO_INCREMENT,
  `course_type` varchar(50) CHARACTER SET utf8mb4 COLLATE utf8mb4_0900_ai_ci NOT NULL,
  `status` tinyint(1) DEFAULT '1',
  PRIMARY KEY (`id`) USING BTREE
) ENGINE=InnoDB AUTO_INCREMENT=6 DEFAULT CHARSET=utf8mb4 COLLATE=utf8mb4_0900_ai_ci ROW_FORMAT=DYNAMIC;

LOCK TABLES `course_type` WRITE;
/*!40000 ALTER TABLE `course_type` DISABLE KEYS */;

INSERT INTO `course_type` (`id`, `course_type`, `status`)
VALUES
	(1,'Theory',1),
	(2,'Lab',1),
	(3,'Theory With Lab',1),
	(5,'NA',1);

/*!40000 ALTER TABLE `course_type` ENABLE KEYS */;
UNLOCK TABLES;


# Dump of table courses
# ------------------------------------------------------------

CREATE TABLE `courses` (
  `id` int NOT NULL AUTO_INCREMENT,
  `course_code` varchar(50) CHARACTER SET utf8mb4 COLLATE utf8mb4_0900_ai_ci NOT NULL,
  `course_name` varchar(255) CHARACTER SET utf8mb4 COLLATE utf8mb4_0900_ai_ci NOT NULL,
  `course_type` int DEFAULT NULL,
  `credit` int DEFAULT NULL,
  `lecture_hrs` int DEFAULT '0',
  `tutorial_hrs` int DEFAULT '0',
  `practical_hrs` int DEFAULT '0',
  `activity_hrs` int DEFAULT '0',
  `category` varchar(50) CHARACTER SET utf8mb4 COLLATE utf8mb4_0900_ai_ci DEFAULT NULL,
  `cia_marks` int DEFAULT '40',
  `see_marks` int DEFAULT '60',
  `total_marks` int GENERATED ALWAYS AS ((`cia_marks` + `see_marks`)) STORED,
  `theory_total_hrs` int DEFAULT '0',
  `tutorial_total_hrs` int DEFAULT '0',
  `practical_total_hrs` int DEFAULT NULL,
  `activity_total_hrs` int DEFAULT '0',
  `tw/sl` int DEFAULT NULL,
  `visibility` enum('UNIQUE','CLUSTER') CHARACTER SET utf8mb4 COLLATE utf8mb4_0900_ai_ci DEFAULT 'UNIQUE',
  `source_curriculum_id` int DEFAULT NULL,
  `curriculum_ref_id` int DEFAULT NULL,
  `total_hrs` int GENERATED ALWAYS AS ((((`theory_total_hrs` + `activity_total_hrs`) + `tutorial_total_hrs`) + coalesce(`practical_total_hrs`,0))) STORED,
  `status` tinyint(1) DEFAULT '1',
  PRIMARY KEY (`id`) USING BTREE,
  KEY `fk_courses_course_type` (`course_type`) USING BTREE,
  CONSTRAINT `fk_courses_course_type` FOREIGN KEY (`course_type`) REFERENCES `course_type` (`id`) ON DELETE RESTRICT ON UPDATE RESTRICT
) ENGINE=InnoDB AUTO_INCREMENT=720 DEFAULT CHARSET=utf8mb4 COLLATE=utf8mb4_0900_ai_ci ROW_FORMAT=DYNAMIC;

LOCK TABLES `courses` WRITE;
/*!40000 ALTER TABLE `courses` DISABLE KEYS */;

INSERT INTO `courses` (`id`, `course_code`, `course_name`, `course_type`, `credit`, `lecture_hrs`, `tutorial_hrs`, `practical_hrs`, `activity_hrs`, `category`, `cia_marks`, `see_marks`, `total_marks`, `theory_total_hrs`, `tutorial_total_hrs`, `practical_total_hrs`, `activity_total_hrs`, `tw/sl`, `visibility`, `source_curriculum_id`, `curriculum_ref_id`, `total_hrs`, `status`)
VALUES
	(1,'CS101','Introduction to Programming',1,3,0,0,0,0,'Core',40,60,100,0,0,NULL,0,NULL,'UNIQUE',NULL,NULL,0,1),
	(2,'CS3801','Cloud Computing',1,3,0,0,0,0,'Elective',40,60,100,0,0,NULL,0,NULL,'UNIQUE',NULL,NULL,0,1),
	(3,'CS201','Data Structures',1,4,3,1,0,0,'Core',40,60,100,0,0,NULL,0,NULL,'UNIQUE',NULL,NULL,0,1),
	(4,'CS3501','Database Management Systems',1,4,3,1,2,0,'Core',40,60,100,0,0,NULL,0,NULL,'UNIQUE',NULL,NULL,0,1),
	(17,'22MA101','ENGINEERING MATHEMATICS I ',1,4,3,1,0,1,'BS - Basic Sciences',40,60,100,45,15,0,15,0,'CLUSTER',NULL,NULL,75,1),
	(18,'22PH102 ','ENGINEERING PHYSICS ',1,3,2,0,2,3,'BS - Basic Sciences',50,50,100,30,0,30,45,0,'UNIQUE',NULL,NULL,105,1),
	(19,'22CSH01 ','EXPLORATORY DATA ANALYSIS ',1,3,2,0,2,300,'PE - Professional Elective',40,60,100,0,0,NULL,0,NULL,'UNIQUE',NULL,NULL,0,1),
	(20,'26MA101','Linear Algebra and Calculus',1,4,3,1,0,0,'ES - Engineering Sciences',40,60,100,0,0,NULL,0,NULL,'UNIQUE',NULL,NULL,0,1),
	(21,'26PH102','Engineering Physics',1,3,3,1,0,0,'ES - Engineering Sciences',45,55,100,0,0,NULL,0,NULL,'UNIQUE',NULL,NULL,0,1),
	(22,'26CH103','Engineering Chemistry',1,2,2,0,0,0,'ES - Engineering Sciences',30,70,100,0,0,NULL,0,NULL,'UNIQUE',NULL,NULL,0,1),
	(23,'26GE004','Digital Computer Electronics',1,3,3,0,0,0,'ES - Engineering Sciences',45,55,100,0,0,NULL,0,NULL,'UNIQUE',NULL,NULL,0,1),
	(24,'26GE005','Problem Solving using C',1,3,2,0,0,0,'ES - Engineering Sciences',30,70,100,0,0,NULL,0,NULL,'UNIQUE',NULL,NULL,0,1),
	(25,'26HS001','Communicative English',1,2,2,0,0,0,'HSS - Humanities and Social Sciences',30,70,100,0,0,NULL,0,NULL,'UNIQUE',NULL,NULL,0,1),
	(26,'26HS002','தமிழர் மரபு / Heritage of Tamils ',1,1,1,0,0,0,'HSS - Humanities and Social Sciences',15,85,100,0,0,NULL,0,NULL,'UNIQUE',NULL,NULL,0,1),
	(27,'26PH108','Physical Science Laboratory',3,2,0,0,4,0,'ES - Engineering Sciences',40,60,100,0,0,NULL,0,NULL,'UNIQUE',NULL,NULL,0,1),
	(28,'26GE006','C Programming Laboratory',3,1,0,0,2,0,'ES - Engineering Sciences',40,60,100,0,0,NULL,0,NULL,'UNIQUE',NULL,NULL,0,1),
	(29,'26SD001','Skill Development Course  I',3,1,0,0,2,0,'EEC - Employability Enhancement Course',40,60,100,0,0,NULL,0,NULL,'UNIQUE',NULL,NULL,0,1),
	(30,'26MA201','Differential Equations and Transforms',1,4,3,1,0,0,'ES - Engineering Sciences',60,40,100,0,0,NULL,0,NULL,'UNIQUE',NULL,NULL,0,1),
	(31,'26PH202','Materials Science',1,3,3,0,0,0,'BS - Basic Sciences',45,55,100,0,0,NULL,0,NULL,'UNIQUE',NULL,NULL,0,1),
	(32,'26CS203','Fundamentals of Web Principles',1,3,3,0,0,0,'ES - Engineering Sciences',45,55,100,0,0,NULL,0,NULL,'UNIQUE',NULL,NULL,0,1),
	(33,'26CS204','Computer Organization and Architecture',1,3,3,0,0,0,'ES - Engineering Sciences',45,55,100,0,0,NULL,0,NULL,'UNIQUE',NULL,NULL,0,1),
	(34,'26GE007','Python Programming',1,3,3,0,0,0,'ES - Engineering Sciences',45,55,100,0,0,NULL,0,NULL,'UNIQUE',NULL,NULL,0,1),
	(35,'26HS005','Professional Communication',1,2,2,0,0,0,'HSS - Humanities and Social Sciences',30,70,100,0,0,NULL,0,NULL,'UNIQUE',NULL,NULL,0,1),
	(36,'26HS006','தமிழரும் தொழில்நுட்பமும் / Tamils and Technology',1,1,1,0,0,0,'HSS - Humanities and Social Sciences',15,85,100,0,0,NULL,0,NULL,'UNIQUE',NULL,NULL,0,1),
	(37,'26GE008','Python Programming Laboratory',3,1,0,0,2,0,'ES - Engineering Sciences',40,60,100,0,0,NULL,0,NULL,'UNIQUE',NULL,NULL,0,1),
	(38,'26CS209','Web Principles Laboratory',3,1,0,0,2,0,'ES - Engineering Sciences',40,60,100,0,0,NULL,0,NULL,'UNIQUE',NULL,NULL,0,1),
	(39,'26SD002','Skill Development Course II',3,1,0,0,2,0,'EEC - Employability Enhancement Course',40,60,100,0,0,NULL,0,NULL,'UNIQUE',NULL,NULL,0,1),
	(40,'26CS301','Discrete Mathematics',1,4,3,1,0,0,'BS - Basic Sciences',60,60,120,0,0,NULL,0,NULL,'UNIQUE',NULL,NULL,0,1),
	(41,'26CS302','Data Structures and Algorithms',1,3,3,0,0,0,'ES - Engineering Sciences',45,55,100,0,0,NULL,0,NULL,'UNIQUE',NULL,NULL,0,1),
	(42,'26CS303','Operating Systems',1,3,3,0,0,0,'ES - Engineering Sciences',45,55,100,0,0,NULL,0,NULL,'UNIQUE',NULL,NULL,0,1),
	(43,'26CS304','Object Oriented Programming with Java',1,3,2,0,2,0,'ES',30,70,100,0,0,NULL,0,NULL,'UNIQUE',NULL,NULL,0,1),
	(44,'26CS305','Software Engineering',1,3,3,0,0,0,'ES - Engineering Sciences',45,55,100,0,0,NULL,0,NULL,'UNIQUE',NULL,NULL,0,1),
	(45,'26CS306','Database Management Systems',1,3,3,0,0,0,'ES - Engineering Sciences',45,55,100,0,0,NULL,0,NULL,'UNIQUE',NULL,NULL,0,1),
	(46,'26CS307','Standards in Computer Science',1,1,1,0,0,0,'ES - Engineering Sciences',15,85,100,0,0,NULL,0,NULL,'UNIQUE',NULL,NULL,0,1),
	(47,'26CS308','Data Structures and Algorithms Laboratory',3,1,0,0,2,0,'ES - Engineering Sciences',40,60,100,0,0,NULL,0,NULL,'UNIQUE',NULL,NULL,0,1),
	(48,'26CS309','Database Management Systems Laboratory',3,1,0,0,2,0,'ES - Engineering Sciences',40,60,100,0,0,NULL,0,NULL,'UNIQUE',NULL,NULL,0,1),
	(49,'26CS310','Design Thinking and Innovation Laboratory (AICTE, & NEP)',3,1,0,0,2,0,'ES - Engineering Sciences',40,60,100,0,0,NULL,0,NULL,'UNIQUE',NULL,NULL,0,1),
	(50,'26CS401','Probability and Statistics',1,4,3,1,0,0,'ES - Engineering Sciences',60,40,100,0,0,NULL,0,NULL,'UNIQUE',NULL,NULL,0,1),
	(51,'26CS402','Full Stack Development',1,3,3,0,0,0,'ES - Engineering Sciences',45,55,100,0,0,NULL,0,NULL,'UNIQUE',NULL,NULL,0,1),
	(52,'26CS403','Artificial Intelligence Essentials',1,3,3,0,0,0,'ES',45,55,100,0,0,NULL,0,NULL,'UNIQUE',NULL,NULL,0,1),
	(53,'26CS404','Design and Analysis of Algorithms',1,3,3,0,0,0,'ES - Engineering Sciences',45,55,100,0,0,NULL,0,NULL,'UNIQUE',NULL,NULL,0,1),
	(54,'26CS405','Theory of Computation',1,4,3,1,0,0,'ES - Engineering Sciences',60,40,100,0,0,NULL,0,NULL,'UNIQUE',NULL,NULL,0,1),
	(55,'26CS406','Computer Networks',1,3,3,0,0,0,'ES - Engineering Sciences',45,55,100,0,0,NULL,0,NULL,'UNIQUE',NULL,NULL,0,1),
	(56,'26HS009','Environmental Sciences and Sustainability ',1,2,2,0,0,0,'HSS - Humanities and Social Sciences',30,70,100,0,0,NULL,0,NULL,'UNIQUE',NULL,NULL,0,1),
	(57,'26CS408','Full Stack Development Laboratory',3,1,0,0,2,0,'ES - Engineering Sciences',40,60,100,0,0,NULL,0,NULL,'UNIQUE',NULL,NULL,0,1),
	(58,'26CS409','Computer Networks Laboratory',2,1,0,0,2,0,'ES',40,60,100,0,0,NULL,0,NULL,'UNIQUE',NULL,NULL,0,1),
	(59,'26CS410','Community Engagement Project',3,1,0,0,2,0,'ES - Engineering Sciences',40,60,100,0,0,NULL,0,NULL,'UNIQUE',NULL,NULL,0,1),
	(60,'26CS501','Compiler Design',1,4,3,1,0,0,'ES - Engineering Sciences',60,40,100,0,0,NULL,0,NULL,'UNIQUE',NULL,NULL,0,1),
	(61,'26CS502','Cloud Infrastructure Services',1,3,3,0,0,0,'ES - Engineering Sciences',45,55,100,0,0,NULL,0,NULL,'UNIQUE',NULL,NULL,0,1),
	(62,'26CS503','Bigdata Analytics',1,3,3,0,0,0,'ES - Engineering Sciences',45,55,100,0,0,NULL,0,NULL,'UNIQUE',NULL,NULL,0,1),
	(63,'26CS504','Machine Learning Essentials',1,3,3,0,0,0,'ES - Engineering Sciences',45,55,100,0,0,NULL,0,NULL,'UNIQUE',NULL,NULL,0,1),
	(64,'26XXIV','Professional Elective IV',1,3,0,0,0,0,'ES',40,60,100,0,0,NULL,0,NULL,'UNIQUE',NULL,NULL,0,1),
	(65,'26CS507','Cloud Infrastructure Services Laboratory',3,1,0,0,2,0,'ES - Engineering Sciences',40,60,100,0,0,NULL,0,NULL,'UNIQUE',NULL,NULL,0,1),
	(66,'26CS508','Machine Learning Essentials Laboratory',3,1,0,0,2,0,'ES - Engineering Sciences',40,60,100,0,0,NULL,0,NULL,'UNIQUE',NULL,NULL,0,1),
	(67,'26CS509','Technology Integration Project',3,1,0,0,2,0,'ES - Engineering Sciences',40,60,100,0,0,NULL,0,NULL,'UNIQUE',NULL,NULL,0,1),
	(68,'26CS601','Software Project Management and Quality Assurance',1,3,3,0,0,0,'ES - Engineering Sciences',45,55,100,0,0,NULL,0,NULL,'UNIQUE',NULL,NULL,0,1),
	(69,'26CS602','Deep Learning',1,3,3,0,0,0,'ES - Engineering Sciences',45,55,100,0,0,NULL,0,NULL,'UNIQUE',NULL,NULL,0,1),
	(70,'26CS603','Cryptography and Cyber Security',1,3,3,0,0,0,'ES - Engineering Sciences',45,55,100,0,0,NULL,0,NULL,'UNIQUE',NULL,NULL,0,1),
	(71,'26CS607','Software Project Management and Quality Assurance Laboratory',3,1,0,0,2,0,'ES - Engineering Sciences',40,60,100,0,0,NULL,0,NULL,'UNIQUE',NULL,NULL,0,1),
	(72,'26CS608','Deep Learning Laboratory ',3,1,0,0,2,0,'ES - Engineering Sciences',40,60,100,0,0,NULL,0,NULL,'UNIQUE',NULL,NULL,0,1),
	(73,'26CS609','Innovation and Product Development Project / Industry Oriented Course / Summer Internship',3,1,0,0,2,0,'ES - Engineering Sciences',40,60,100,0,0,NULL,0,NULL,'UNIQUE',NULL,NULL,0,1),
	(74,'26CS701','Generative AI and Large Language Models',1,3,3,0,0,0,'ES - Engineering Sciences',45,55,100,0,0,NULL,0,NULL,'UNIQUE',NULL,NULL,0,1),
	(75,'26CS702','IoT and Edge Computing',1,3,3,0,0,0,'ES - Engineering Sciences',45,55,100,0,0,NULL,0,NULL,'UNIQUE',NULL,NULL,0,1),
	(76,'26XXIV','Professional Elective IV',1,3,0,0,0,0,'ES',40,60,100,0,0,NULL,0,NULL,'UNIQUE',NULL,NULL,0,1),
	(77,'26XXV','Professional Elective V',1,3,0,0,0,0,'ES',40,60,100,0,0,NULL,0,NULL,'UNIQUE',NULL,NULL,0,1),
	(78,'26XXVI','Professional Elective VI',1,3,0,0,0,0,'ES - Engineering Sciences',40,60,100,0,0,NULL,0,NULL,'UNIQUE',NULL,NULL,0,1),
	(79,'26CS706','Generative AI and Large Language Models Laboratory',3,1,0,0,2,0,'ES - Engineering Sciences',40,60,100,0,0,NULL,0,NULL,'UNIQUE',NULL,NULL,0,1),
	(80,'26CS707','Capstone Project work Level I / Internship Pro',3,3,0,0,6,0,'ES - Engineering Sciences',40,60,100,0,0,NULL,0,NULL,'UNIQUE',NULL,NULL,0,1),
	(81,'26CS801','Capstone Project Work Level II / Internship Project / Startup Product',3,8,0,0,16,0,'ES - Engineering Sciences',40,60,100,0,0,NULL,0,NULL,'UNIQUE',NULL,NULL,0,1),
	(82,'hello','efvwbg',1,2,1,0,2,0,'ES - Engineering Sciences',40,60,100,0,0,NULL,0,NULL,'UNIQUE',NULL,NULL,0,1),
	(83,'wcnejce','ervewvwrv',1,3,0,0,0,0,'BS - Basic Sciences',40,60,100,0,0,NULL,0,NULL,'UNIQUE',NULL,NULL,0,1),
	(84,'bdzhgd','bgbdfb',1,2,1,134,0,0,'ES - Engineering Sciences',40,60,100,13,0,NULL,0,NULL,'UNIQUE',NULL,NULL,13,1),
	(85,'CS130','check1',1,3,3,15,0,30,'BS - Basic Sciences',40,60,100,45,0,NULL,0,NULL,'UNIQUE',NULL,NULL,45,1),
	(86,'CS230','check 2',1,3,3,1,0,2,'ES - Engineering Sciences',40,60,100,0,0,NULL,0,NULL,'UNIQUE',NULL,NULL,0,1),
	(87,'CS303','check 3',1,3,3,1,0,2,'BS - Basic Sciences',40,60,100,45,15,NULL,30,NULL,'UNIQUE',NULL,NULL,90,1),
	(88,'cs102323','check4',2,3,0,0,3,0,'BS - Basic Sciences',40,60,100,0,0,45,0,10,'UNIQUE',NULL,NULL,45,1),
	(89,'CS134','check5',3,3,2,1,1,0,'ES - Engineering Sciences',40,60,100,30,15,15,0,0,'UNIQUE',NULL,NULL,60,1),
	(90,'CS140','1check2022',1,3,1,2,0,0,'ES - Engineering Sciences',40,60,100,15,30,0,0,0,'UNIQUE',NULL,NULL,45,1),
	(91,'CS120','2Check2022',2,32,1,2,1,0,'BS - Basic Sciences',40,60,100,15,30,15,0,0,'UNIQUE',NULL,NULL,60,1),
	(92,'CS150','3maincheck',2,3,2,2,4,0,'PE - Professional Elective',40,60,100,30,30,60,0,0,'UNIQUE',NULL,NULL,120,1),
	(93,'CS1','check2026theory',1,3,1,2,0,3,'BS - Basic Sciences',40,60,100,15,30,0,45,0,'UNIQUE',NULL,NULL,90,1),
	(94,'CS2','check2026lab',2,3,1,2,3,1,'ES - Engineering Sciences',40,60,100,15,30,45,15,10,'UNIQUE',NULL,NULL,105,1),
	(95,'CS3','check 123',2,3,1,2,3,3,'ES - Engineering Sciences',40,60,100,0,0,45,0,10,'UNIQUE',NULL,NULL,45,1),
	(96,'CS1234','1234',1,3,1,3,3,1,'HSS - Humanities and Social Sciences',40,60,100,15,45,0,15,0,'UNIQUE',NULL,NULL,75,1),
	(97,'CS789','hello',1,3,1,2,0,1,'ES - Engineering Sciences',40,60,100,15,30,0,15,0,'UNIQUE',NULL,NULL,60,1),
	(98,'CS190','2026 theory check',1,3,1,2,0,1,'ES - Engineering Sciences',40,60,100,15,30,0,15,0,'UNIQUE',NULL,NULL,60,1),
	(99,'CS600','theory check',1,3,1,2,0,0,'BS - Basic Sciences',40,60,100,15,30,0,0,0,'UNIQUE',NULL,NULL,45,1),
	(100,'CS601','lathery',2,3,0,0,2,0,'ES - Engineering Sciences',40,60,100,0,0,30,0,0,'UNIQUE',NULL,NULL,30,1),
	(101,'CS603','theory&labcheck',3,3,2,2,1,0,'ES - Engineering Sciences',40,60,100,30,30,15,0,0,'UNIQUE',NULL,NULL,75,1),
	(102,'22MA2','ENGINEERING MATHEMATICS I',1,3,45,15,0,0,'BS - Basic Sciences',40,60,100,675,225,0,0,0,'UNIQUE',NULL,NULL,900,1),
	(103,'22PH102','ENGINEERING PHYSICS ',3,3,30,0,30,0,'BS - Basic Sciences',50,50,100,450,0,450,0,0,'UNIQUE',NULL,NULL,900,1),
	(104,'22CH103','ENGINEERING CHEMISTRY I ',3,3,30,0,30,0,'BS - Basic Sciences',50,50,100,450,0,450,0,0,'UNIQUE',NULL,NULL,900,1),
	(105,'22GE001','FUNDAMENTALS OF COMPUTING',1,3,45,0,0,0,'ES - Engineering Sciences',40,60,100,675,0,0,0,0,'UNIQUE',NULL,NULL,675,1),
	(106,'22HS001','FOUNDATIONAL ENGLISH',1,2,15,0,30,0,'HSS - Humanities and Social Sciences',100,60,160,225,0,450,0,0,'UNIQUE',NULL,NULL,675,1),
	(107,'22GE004','BASICS OF ELECTRONICS ENGINEERING',3,3,30,0,30,0,'ES - Engineering Sciences',50,50,100,450,0,450,0,0,'UNIQUE',NULL,NULL,900,1),
	(108,'22HS002','STARTUP MANAGEMENT',2,2,15,0,30,0,'EEC - Employability Enhancement Course',50,50,100,225,0,450,0,0,'UNIQUE',NULL,NULL,675,1),
	(109,'22HS003','தமிழர்மரபு HERITAGE OF TAMILS',1,1,1,0,0,0,'HSS - Humanities and Social Sciences',40,60,100,15,0,0,0,0,'UNIQUE',NULL,NULL,15,1),
	(110,'22AI108','COMPREHENSIVE WORK',2,1,0,0,30,0,'EEC - Employability Enhancement Course',100,60,160,0,0,450,0,0,'UNIQUE',NULL,NULL,450,1),
	(111,'22MA201','ENGINEERING MATHEMATICS II',1,4,3,1,0,0,'BS - Basic Sciences',40,60,100,45,15,0,0,0,'UNIQUE',NULL,NULL,60,1),
	(113,'22PH202','ELECTROMAGNETISM AND MODERN PHYSICS ',3,3,2,0,2,0,'BS - Basic Sciences',50,50,100,30,0,30,0,0,'UNIQUE',NULL,NULL,60,1),
	(114,'22GE001 ','FUNDAMENTALS OF COMPUTING',1,3,3,0,0,0,'ES - Engineering Sciences',40,60,100,45,0,0,0,0,'UNIQUE',NULL,NULL,45,1),
	(115,'22AM108 ','COMPREHENSIVE WORK',2,1,0,0,2,0,'EEC - Employability Enhancement Course',100,60,160,0,0,30,0,0,'UNIQUE',NULL,NULL,30,1),
	(116,'22CH203 ','ENGINEERING CHEMISTRY II ',3,3,2,0,2,0,'BS - Basic Sciences',50,50,100,30,0,30,0,0,'UNIQUE',NULL,NULL,60,1),
	(117,'22GE002','COMPUTATIONAL PROBLEM SOLVING',1,3,3,0,0,0,'ES - Engineering Sciences',40,60,100,45,0,0,0,0,'UNIQUE',NULL,NULL,45,1),
	(118,'22GE003','BASICS OF ELECTRICAL ENGINEERING',3,3,2,0,2,0,'ES - Engineering Sciences',50,50,100,30,0,30,0,0,'UNIQUE',NULL,NULL,60,1),
	(119,'22AM206','DIGITAL COMPUTER ELECTRONICS ',3,4,3,0,2,0,'ES - Engineering Sciences',50,50,100,45,0,30,0,0,'UNIQUE',NULL,NULL,75,1),
	(120,'22HS006','தமிழரும் ததொழில்நுட்பமும் TAMILS AND TECHNOLOGY^',1,1,1,0,0,0,'HSS - Humanities and Social Sciences',40,60,100,15,0,0,0,0,'UNIQUE',NULL,NULL,15,1),
	(121,'22CS301','PROBABILITY, STATISTICS AND QUEUING THEORY',1,4,3,1,0,0,'BS - Basic Sciences',40,60,100,45,15,0,0,0,'UNIQUE',NULL,NULL,60,1),
	(122,'22MA101 ','ENGINEERING MATHEMATICS I',1,4,3,1,0,0,'BS - Basic Sciences',40,60,100,45,15,0,0,0,'UNIQUE',NULL,NULL,60,1),
	(123,'22CH103 ','ENGINEERING CHEMISTRY I',3,3,2,0,2,0,'BS - Basic Sciences',50,50,100,30,0,30,0,0,'UNIQUE',NULL,NULL,60,1),
	(124,'22HS001 ','FOUNDATIONAL ENGLISH ',3,2,1,0,2,0,'HSS - Humanities and Social Sciences',50,50,100,15,0,30,0,0,'UNIQUE',NULL,NULL,45,1),
	(125,'22GE005','ENGINEERING DRAWING',3,2,1,0,2,0,'ES - Engineering Sciences',50,50,100,15,0,30,0,0,'UNIQUE',NULL,NULL,45,1),
	(126,'22ME108 ','COMPREHENSIVE WORK',2,1,0,0,2,0,'EEC - Employability Enhancement Course',100,0,100,0,0,30,0,0,'UNIQUE',NULL,NULL,30,1),
	(127,'22PH202 ','ELECTROMAGNETISM AND MODERN PHYSICS ',3,3,2,0,2,0,'BS - Basic Sciences',50,50,100,30,0,30,0,0,'UNIQUE',NULL,NULL,60,1),
	(128,'22GE002 ','COMPUTATIONAL PROBLEM SOLVING',1,3,3,0,0,0,'ES - Engineering Sciences',40,60,100,45,0,0,0,0,'UNIQUE',NULL,NULL,45,1),
	(129,'22HS002 ','STARTUP MANAGEMENT',3,2,1,0,2,0,'EEC - Employability Enhancement Course',50,50,100,15,0,30,0,0,'UNIQUE',NULL,NULL,45,1),
	(130,'22HS006 ','தமிழரும் ததொழில்நுட்பமும் TAMILS AND TECHNOLOGY',1,1,1,0,0,0,'HSS - Humanities and Social Sciences',40,60,100,15,0,0,0,0,'UNIQUE',NULL,NULL,15,1),
	(131,'22CS108','COMPREHENSIVE WORKS',2,1,0,0,2,0,'EEC - Employability Enhancement Course',100,60,160,0,0,30,0,0,'UNIQUE',NULL,NULL,30,1),
	(132,'22HS009 ','COCURRICULAR OR EXTRACURRICULAR ACTIVITY',2,0,0,0,0,0,'HSS - Humanities and Social Sciences',100,60,160,0,0,0,0,0,'UNIQUE',NULL,NULL,0,1),
	(133,'22ME301 ','ENGINEERING MATHEMATICS III',1,4,3,1,0,0,'ES - Engineering Sciences',40,60,100,45,15,0,0,0,'UNIQUE',NULL,NULL,60,1),
	(134,'22ME302','ELECTRIC MACHINES AND DRIVES ',3,3,2,0,2,0,'ES - Engineering Sciences',50,50,100,30,0,30,0,0,'UNIQUE',NULL,NULL,60,1),
	(135,'22ME303','ENGINEERING THERMODYNAMICS ',1,4,3,1,0,0,'PC - Professional Core',40,60,100,45,15,0,0,0,'UNIQUE',NULL,NULL,60,1),
	(136,'22ME304','FLUID MECHANICS AND MACHINERY ',3,4,3,0,2,0,'PC - Professional Core',50,50,100,45,0,30,0,0,'UNIQUE',NULL,NULL,75,1),
	(137,'22ME305 ','ENGINEERING MECHANICS ',1,4,3,1,0,0,'PC - Professional Core',40,60,100,45,15,0,0,0,'UNIQUE',NULL,NULL,60,1),
	(138,'22HS004 ','HUMAN VALUES AND ETHICS ',1,2,2,0,0,0,'HSS - Humanities and Social Sciences',40,60,100,30,0,0,0,0,'UNIQUE',NULL,NULL,30,1),
	(139,'22HS005','SOFT SKILLS AND EFFECTIVE COMMUNICATION',2,1,0,0,2,0,'HSS - Humanities and Social Sciences',60,40,100,0,0,30,0,0,'UNIQUE',NULL,NULL,30,1),
	(140,'22ME309','MODELING AND SIMULATION LABORATORY',2,2,0,0,4,0,'PC - Professional Core',60,40,100,0,0,60,0,0,'UNIQUE',NULL,NULL,60,1),
	(141,'22CH203','ENGINEERING CHEMISTRY II ',3,3,2,0,2,0,'BS - Basic Sciences',50,50,100,30,0,30,0,0,'UNIQUE',NULL,NULL,60,1),
	(142,'22HS003*','தமிழர்மரபு HERITAGE OF TAMILS',1,1,1,0,0,0,'HSS - Humanities and Social Sciences',40,60,100,15,0,0,0,0,'UNIQUE',NULL,NULL,15,1),
	(143,'22ME401 ','KINEMATICS AND DYNAMICS OFMACHINERY',3,4,2,1,2,5,'PC - Professional Core',50,50,100,30,15,30,0,0,'UNIQUE',NULL,NULL,75,1),
	(144,'22EC108$','COMPREHENSIVE WORK ',2,1,0,0,2,0,'EEC - Employability Enhancement Course',40,60,100,0,0,30,0,0,'UNIQUE',NULL,NULL,30,1),
	(145,'22CS206','DIGITAL COMPUTER ELECTRONICS ',3,4,3,0,2,0,'ES - Engineering Sciences',50,50,100,45,0,30,0,0,'UNIQUE',NULL,NULL,75,1),
	(146,'22ME402','SENSORS AND TRANSDUCER ',3,4,3,0,2,5,'ES - Engineering Sciences',50,50,100,45,0,30,0,0,'UNIQUE',NULL,NULL,75,1),
	(147,'-','LANGUAGE ELECTIVE ',3,2,1,0,2,0,'HSS - Humanities and Social Sciences',50,50,100,15,0,30,0,0,'UNIQUE',NULL,NULL,45,1),
	(148,'22ME403','STRENGTH OF MATERIALS ',3,4,2,1,2,5,'PC - Professional Core',50,50,100,30,15,30,0,0,'UNIQUE',NULL,NULL,75,1),
	(149,'22ME404','INDUSTRIAL AUTOMATION WITH PLC* ',3,4,2,1,2,5,'PC - Professional Core',50,50,100,30,15,30,0,0,'UNIQUE',NULL,NULL,75,1),
	(150,'22HS009','COCURRICULAR OR EXTRACURRICULAR  ACTIVITY* ',2,0,0,0,0,0,'HSS - Humanities and Social Sciences',100,60,160,0,0,0,0,0,'UNIQUE',NULL,NULL,0,1),
	(151,'22ME405','MATERIALS AND MANUFACTURING PROCESSES',3,3,2,0,2,4,'PC - Professional Core',50,50,100,30,0,30,0,0,'UNIQUE',NULL,NULL,60,1),
	(152,'22CS302','DATA STRUCTURES I ',3,4,3,0,2,0,'PC - Professional Core',50,50,100,45,0,30,0,0,'UNIQUE',NULL,NULL,75,1),
	(153,'22HS007','ENVIRONMENTAL SCIENCE',1,0,2,0,0,2,'HSS - Humanities and Social Sciences',100,60,160,30,0,0,30,0,'UNIQUE',NULL,NULL,60,1),
	(154,'22CS303',' COMPUTER ORGANIZATION AND ARCHITECTURE',1,4,3,1,0,0,'ES - Engineering Sciences',40,60,100,45,15,0,0,0,'UNIQUE',NULL,NULL,60,1),
	(155,'22CS304','PRINCIPLES OF PROGRAMMING LANGUAGES',3,4,3,0,2,0,'PC - Professional Core',50,50,100,45,0,30,0,0,'UNIQUE',NULL,NULL,75,1),
	(156,'22HS008 ','ADVANCED ENGLISH AND TECHNICALEXPRESSION ',2,1,0,0,2,2,'HSS - Humanities and Social Sciences',60,40,100,0,0,30,0,0,'UNIQUE',NULL,NULL,30,1),
	(157,'22CS305','SOFTWARE ENGINEERING ',1,3,3,0,0,0,'PC - Professional Core',40,60,100,45,0,0,0,0,'UNIQUE',NULL,NULL,45,1),
	(158,'22HS004','HUMAN VALUES AND ETHICS ',1,2,2,0,0,0,'HSS - Humanities and Social Sciences',40,60,100,30,0,0,0,0,'UNIQUE',NULL,NULL,30,1),
	(159,'22HS010 ','SOCIALLY RELEVANT PROJECT',2,0,0,0,0,0,'HSS - Humanities and Social Sciences',100,60,160,0,0,0,0,0,'UNIQUE',NULL,NULL,0,1),
	(160,'22AM301','PROBABILITY AND STATISTICS',1,4,3,1,0,0,'BS - Basic Sciences',40,60,100,45,15,0,0,0,'UNIQUE',NULL,NULL,60,1),
	(161,'22HS006*','தமிழரும் ததொழில்நுட்பமும் TAMILS AND TECHNOLOGY ',1,1,1,0,0,0,'HSS - Humanities and Social Sciences',40,60,100,15,0,0,0,0,'UNIQUE',NULL,NULL,15,1),
	(162,'22ME501 ','MECHATRONICS',3,3,2,0,2,0,'PC - Professional Core',50,50,100,30,0,30,0,0,'UNIQUE',NULL,NULL,60,1),
	(163,'22CS401','DISCRETE MATHEMATICS ',1,4,3,1,0,0,'ES - Engineering Sciences',40,60,100,45,15,0,0,0,'UNIQUE',NULL,NULL,60,1),
	(164,'22ME502 ','DESIGN OF MACHINE ELEMENTS',1,4,3,1,0,0,'PC - Professional Core',40,60,100,45,15,0,0,0,'UNIQUE',NULL,NULL,60,1),
	(165,'22HS009* ','COCURRICULAR OR EXTRACURRICULAR ACTIVITIE',2,0,0,0,0,0,'HSS - Humanities and Social Sciences',100,60,160,0,0,0,0,0,'UNIQUE',NULL,NULL,0,1),
	(166,'22ME503 ','THERMAL ENGINEERING ',3,4,2,1,2,0,'PC - Professional Core',50,50,100,30,15,30,0,0,'UNIQUE',NULL,NULL,75,1),
	(167,'22ME504 ','MACHINING AND METROLOGY ',3,4,3,0,2,0,'PC - Professional Core',50,50,100,45,0,30,0,0,'UNIQUE',NULL,NULL,75,1),
	(168,'22ME507','MINI PROJECT I',2,1,0,0,2,0,'EEC - Employability Enhancement Course',60,40,100,0,0,30,0,0,'UNIQUE',NULL,NULL,30,1),
	(169,'22ME508 ','ADVANCED MODELING LABORATORY ',2,2,0,0,4,0,'EEC - Employability Enhancement Course',60,40,100,0,0,60,0,0,'UNIQUE',NULL,NULL,60,1),
	(170,'22ME601','HEAT AND MASS TRANSFER ',3,4,2,1,2,0,'PC - Professional Core',50,50,100,30,15,30,0,0,'UNIQUE',NULL,NULL,75,1),
	(171,'22EC301 ','PROBABILITY, STATISTICS AND RANDOM PROCESS*',1,4,3,1,0,0,'BS - Basic Sciences',40,60,100,45,15,0,0,0,'UNIQUE',NULL,NULL,60,1),
	(172,'22ME602','FINITE ELEMENT ANALYSIS',3,4,2,1,2,0,'PC - Professional Core',50,50,100,30,15,30,0,0,'UNIQUE',NULL,NULL,75,1),
	(173,'22ME603 ','COMPUTER AIDED MANUFACTURING ',3,3,2,0,2,0,'PC - Professional Core',50,50,100,30,0,30,0,0,'UNIQUE',NULL,NULL,60,1),
	(174,'22EC302','CIRCUIT ANALYSIS ',1,4,3,1,0,0,'ES - Engineering Sciences',40,60,100,45,15,0,0,0,'UNIQUE',NULL,NULL,60,1),
	(175,'22AM302','DATA STRUCTURES I',3,4,3,0,2,0,'ES - Engineering Sciences',50,50,100,45,0,30,0,0,'UNIQUE',NULL,NULL,75,1),
	(176,'22ME607 ','MINI PROJECT II ',2,1,0,0,2,0,'EEC - Employability Enhancement Course',60,40,100,0,0,30,0,0,'UNIQUE',NULL,NULL,30,1),
	(177,'22CS402','DATA STRUCTURES II',3,4,3,0,2,0,'PC - Professional Core',50,50,100,45,0,30,0,0,'UNIQUE',NULL,NULL,75,1),
	(178,'22ME701 ','INDUSTRIAL ROBOTICS ',3,3,2,0,2,0,'PC - Professional Core',50,50,100,30,0,30,0,0,'UNIQUE',NULL,NULL,60,1),
	(179,'22EC303 ','DIGITAL LOGIC CIRCUIT DESIGN',3,4,3,0,2,0,'PC - Professional Core',40,60,100,45,0,30,0,0,'UNIQUE',NULL,NULL,75,1),
	(180,'22AM303','COMPUTER ORGANIZATION AND ARCHITECTURE',1,4,3,1,0,0,'PC - Professional Core',40,60,100,45,15,0,0,0,'UNIQUE',NULL,NULL,60,1),
	(181,'22ME702 ','IoT FOR AUTOMATION ',3,3,2,0,2,0,'PC - Professional Core',50,50,100,30,0,30,0,0,'UNIQUE',NULL,NULL,60,1),
	(182,'22AM304','PRINCIPLES OF PROGRAMMING LANGUAGES',3,4,3,0,2,0,'PC - Professional Core',50,50,100,45,0,30,0,0,'UNIQUE',NULL,NULL,75,1),
	(183,'22ME707 ','PROJECT WORK I ',2,2,0,0,4,0,'EEC - Employability Enhancement Course',60,40,100,0,0,60,0,0,'UNIQUE',NULL,NULL,60,1),
	(184,'22ME801 ','PROJECT WORK II ',2,10,0,0,20,0,'EEC - Employability Enhancement Course',60,40,100,0,0,300,0,0,'UNIQUE',NULL,NULL,300,1),
	(185,'22AM305','SOFTWARE ENGINEERING ',1,3,3,0,0,0,'PC - Professional Core',40,60,100,45,0,0,0,0,'UNIQUE',NULL,NULL,45,1),
	(186,'22AI206','DIGITAL COMPUTER ELECTRONICS ',3,4,3,0,2,0,'ES - Engineering Sciences',50,50,100,45,0,30,0,0,'UNIQUE',NULL,NULL,75,1),
	(187,'22IT108','COMPREHENSIVE WORK',2,1,0,0,2,0,'EEC - Employability Enhancement Course',100,60,160,0,0,30,0,0,'UNIQUE',NULL,NULL,30,1),
	(188,'22AM401','APPLIED LINEAR ALGEBRA ',1,4,3,1,0,0,'ES - Engineering Sciences',40,60,100,45,15,0,0,0,'UNIQUE',NULL,NULL,60,1),
	(189,'22BT108','COMPREHENSIVE WORK',2,1,0,0,2,0,'EEC - Employability Enhancement Course',100,60,160,0,0,30,0,0,'UNIQUE',NULL,NULL,30,1),
	(190,'22AM402','DATA STRUCTURES II',3,4,3,0,2,0,'PC - Professional Core',50,50,100,45,0,30,0,0,'UNIQUE',NULL,NULL,75,1),
	(191,'22AM403','OPERATING SYSTEMS',1,4,3,1,0,0,'PC - Professional Core',40,60,100,45,15,0,0,0,'UNIQUE',NULL,NULL,60,1),
	(192,'22AM404','WEB TECHNOLOGY AND FRAMEWORKS',3,3,2,0,2,0,'PC - Professional Core',50,50,100,30,0,30,0,0,'UNIQUE',NULL,NULL,60,1),
	(193,'22AM405','DATABASE MANAGEMENT SYSTEM ',3,4,3,0,2,0,'PC - Professional Core',50,50,100,45,0,30,0,0,'UNIQUE',NULL,NULL,75,1),
	(194,'22AI301','PROBABILITY AND STATISTICS',1,4,3,1,0,0,'BS - Basic Sciences',40,60,100,45,15,0,0,0,'UNIQUE',NULL,NULL,60,1),
	(195,'22AI302','DATA STRUCTURES I ',3,4,3,0,2,0,'ES - Engineering Sciences',50,50,100,45,0,30,0,0,'UNIQUE',NULL,NULL,75,1),
	(196,'22IT206','DIGITAL COMPUTER ELECTRONICS',3,4,3,0,2,0,'ES - Engineering Sciences',50,50,100,45,0,30,0,0,'UNIQUE',NULL,NULL,75,1),
	(197,'22AI303','COMPUTER ORGANIZATION AND ARCHITECTURE**',1,4,3,1,0,0,'PC - Professional Core',40,60,100,45,15,0,0,0,'UNIQUE',NULL,NULL,60,1),
	(198,'22AI304','PRINCIPLES OF PROGRAMMING LANGUAGES',3,4,3,0,2,0,'PC - Professional Core',50,50,100,45,0,30,0,0,'UNIQUE',NULL,NULL,75,1),
	(199,'22HS008','ADVANCED ENGLISH AND TECHNICAL EXPRESSION',2,1,0,0,2,0,'HSS - Humanities and Social Sciences',60,40,100,0,0,30,0,0,'UNIQUE',NULL,NULL,30,1),
	(200,'22AI305','SOFTWARE ENGINEERING',1,3,3,0,0,0,'PC - Professional Core',40,60,100,45,0,0,0,0,'UNIQUE',NULL,NULL,45,1),
	(201,'22AM501',' ARTIFICIAL INTELLIGENCE',3,4,3,0,2,0,'PC - Professional Core',50,50,100,45,0,30,0,0,'UNIQUE',NULL,NULL,75,1),
	(202,'22AM502','BIG DATA TECHNOLOGIES ',1,3,3,0,0,0,'PC - Professional Core',40,60,100,45,0,0,0,0,'UNIQUE',NULL,NULL,45,1),
	(203,'22EC304','ANALOG ELECTRONICS AND INTEGRATED CIRCUITS ',3,4,3,0,2,0,'PC - Professional Core',40,60,100,45,0,30,0,0,'UNIQUE',NULL,NULL,75,1),
	(204,'22EC305 ','DATA STRUCTURES AND ALGORITHMS ',3,3,2,0,2,0,'PC - Professional Core',40,60,100,30,0,30,0,0,'UNIQUE',NULL,NULL,60,1),
	(205,'22AM503','MACHINE LEARNING',3,4,3,0,2,0,'PC - Professional Core',50,50,100,45,0,30,0,0,'UNIQUE',NULL,NULL,75,1),
	(206,'22AI401 ','APPLIED LINEAR ALGEBRA',1,4,3,1,0,0,'ES - Engineering Sciences',40,60,100,45,15,0,0,0,'UNIQUE',NULL,NULL,60,1),
	(207,'22AM504','CLOUD COMPUTING',3,4,3,0,2,0,'PC - Professional Core',50,50,100,45,0,30,0,0,'UNIQUE',NULL,NULL,75,1),
	(208,'22AI402','DATA STRUCTURES II',3,4,3,0,2,0,'PC - Professional Core',50,50,100,45,0,30,0,0,'UNIQUE',NULL,NULL,75,1),
	(209,'22AM507','MINI PROJECT I',2,1,0,0,2,0,'EEC - Employability Enhancement Course',60,40,100,0,0,30,0,0,'UNIQUE',NULL,NULL,30,1),
	(210,'22IT301','PROBABILITY, STATISTICS AND QUEUING THEORY',1,4,4,1,0,0,'ES - Engineering Sciences',39,60,99,60,15,0,0,0,'UNIQUE',NULL,NULL,75,1),
	(211,'22AI403','OPERATING SYSTEMS',1,4,3,1,0,0,'PC - Professional Core',40,60,100,45,15,0,0,0,'UNIQUE',NULL,NULL,60,1),
	(212,'22HS201','COMMUNICATIVE ENGLISH II',3,2,1,0,2,0,'HSS - Humanities and Social Sciences',50,50,100,15,0,30,0,0,'UNIQUE',NULL,NULL,45,0),
	(213,'22AI404','WEB TECHNOLOGY AND FRAMEWORKS ',3,3,2,0,2,0,'PC - Professional Core',50,50,100,30,0,30,0,0,'UNIQUE',NULL,NULL,60,1),
	(214,'22HSH01 ','HINDI',3,2,1,0,2,0,'HSS - Humanities and Social Sciences',50,50,100,15,0,30,0,0,'UNIQUE',NULL,NULL,45,1),
	(215,'22EC401 ','SIGNALS AND SYSTEMS',1,4,2,1,0,0,'BS - Basic Sciences',40,60,100,30,15,0,0,0,'UNIQUE',NULL,NULL,45,1),
	(216,'22HSG01','GERMAN ',3,2,1,0,2,0,'HSS - Humanities and Social Sciences',50,50,100,15,0,30,0,0,'UNIQUE',NULL,NULL,45,0),
	(217,'22AM601','NATURAL LANGUAGE PROCESSING **',3,3,2,0,2,0,'PC - Professional Core',50,50,100,30,0,30,0,0,'UNIQUE',NULL,NULL,60,1),
	(218,'22AI405','DATABASE MANAGEMENT SYSTEM',3,4,3,0,2,0,'PC - Professional Core',50,50,100,45,0,30,0,0,'UNIQUE',NULL,NULL,75,1),
	(219,'22HSJ01','JAPANESE ',3,2,1,0,2,0,'HSS - Humanities and Social Sciences',100,60,160,15,0,30,0,0,'UNIQUE',NULL,NULL,45,0),
	(220,'22AM602','COMPUTER VISION AND DIGITAL IMAGING',3,4,3,0,2,0,'PC - Professional Core',50,50,100,45,0,30,0,0,'UNIQUE',NULL,NULL,75,1),
	(221,'22EC402','ANALOG COMMUNICATION',3,4,3,0,2,0,'PC - Professional Core',50,50,100,45,0,30,0,0,'UNIQUE',NULL,NULL,75,1),
	(222,'22HSF01','FRENCH ',3,2,1,0,2,0,'HSS - Humanities and Social Sciences',50,50,100,15,0,30,0,0,'UNIQUE',NULL,NULL,45,0),
	(223,'22IT302','DATA STRUCTURES I',3,4,3,0,2,0,'ES - Engineering Sciences',50,50,100,45,0,30,0,0,'UNIQUE',NULL,NULL,75,1),
	(224,'22AM603','DEEP LEARNING',3,4,3,0,2,0,'PC - Professional Core',50,50,100,45,0,30,0,0,'UNIQUE',NULL,NULL,75,1),
	(225,'22IT303 ','COMPUTER ORGANIZATION AND ARCHITECTURE',1,4,4,1,0,0,'PC - Professional Core',40,60,100,60,15,0,0,0,'UNIQUE',NULL,NULL,75,1),
	(226,'22EC403','ELECTROMAGNETIC FIELDS AND WAVEGUIDES',1,4,3,1,0,0,'BS - Basic Sciences',40,60,100,45,15,0,0,0,'UNIQUE',NULL,NULL,60,1),
	(227,'22ME001','CONCEPTS OF ENGINEERING DESIGN ',1,3,3,0,0,0,'PE - Professional Elective',40,60,100,45,0,0,0,0,'UNIQUE',NULL,NULL,45,1),
	(228,'22IT304','PRINCIPLES OF PROGRAMMING LANGUAGES',3,4,3,0,2,0,'PC - Professional Core',50,50,100,45,0,30,0,0,'UNIQUE',NULL,NULL,75,1),
	(229,'22ME002 ','COMPOSITE MATERIALS AND MECHANICS ',1,3,3,0,0,0,'PE - Professional Elective',40,60,100,45,0,0,0,0,'UNIQUE',NULL,NULL,45,1),
	(230,'22EC404 ','CMOS DIGITAL INTEGRATED CIRCUITS',3,3,3,0,2,0,'PC - Professional Core',50,50,100,45,0,30,0,0,'UNIQUE',NULL,NULL,75,1),
	(231,'22ME003 ','COMPUTER AIDED DESIGN',1,3,3,0,0,0,'PE - Professional Elective',40,60,100,45,0,0,0,0,'UNIQUE',NULL,NULL,45,1),
	(232,'22AM607','MINI PROJECT II',2,1,0,0,2,0,'EEC - Employability Enhancement Course',60,40,100,0,0,30,0,0,'UNIQUE',NULL,NULL,30,1),
	(233,'22IT305','SOFTWARE ENGINEERING',1,3,3,0,0,0,'PC - Professional Core',37,60,97,45,0,0,0,0,'UNIQUE',NULL,NULL,45,1),
	(234,'22ME004 ','MECHANICAL VIBRATIONS ',1,3,3,0,0,0,'PE - Professional Elective',40,60,100,45,0,0,0,0,'UNIQUE',NULL,NULL,45,1),
	(235,'22EC405','EMBEDDED SYSTEMS ',3,4,3,0,2,0,'PC - Professional Core',50,50,100,45,0,30,0,0,'UNIQUE',NULL,NULL,75,1),
	(236,'22ME005','ENGINEERING TRIBOLOGY',1,3,3,0,0,0,'PE - Professional Elective',40,60,100,45,0,0,0,0,'UNIQUE',NULL,NULL,45,1),
	(237,'22BT301','FOURIER SERIES, TRANSFORMS AND BIOSTATISTICS',1,4,3,1,0,0,'BS - Basic Sciences',40,60,100,45,15,0,0,0,'UNIQUE',NULL,NULL,60,1),
	(238,'22ME006 ','FAILURE ANALYSIS AND DESIGN ',1,3,3,0,0,0,'PE - Professional Elective',40,60,100,45,0,0,0,0,'UNIQUE',NULL,NULL,45,1),
	(239,'22AM701','PATTERN AND ANOMALY DETECTION',3,4,3,0,2,0,'PC - Professional Core',50,50,100,45,0,30,0,0,'UNIQUE',NULL,NULL,75,1),
	(240,'22ME007','DESIGN OF AUTOMOTIVE SYSTEMS',1,3,3,0,0,0,'PE - Professional Elective',40,60,100,45,0,0,0,0,'UNIQUE',NULL,NULL,45,1),
	(241,'22AM702','BUSINESS ANALYTICS',1,3,3,0,0,0,'PC - Professional Core',40,60,100,45,0,0,0,0,'UNIQUE',NULL,NULL,45,1),
	(242,'22BT302','BIOCHEMISTRY ',3,4,3,0,2,0,'ES - Engineering Sciences',50,50,100,45,0,30,0,0,'UNIQUE',NULL,NULL,75,1),
	(243,'22IT401','DISCRETE MATHEMATICS',1,4,4,1,0,0,'ES - Engineering Sciences',40,60,100,60,15,0,0,0,'UNIQUE',NULL,NULL,75,1),
	(244,'22BT303','ENGINEERING THERMODYNAMICS',1,4,3,1,0,0,'PC - Professional Core',40,60,100,45,15,0,0,0,'UNIQUE',NULL,NULL,60,1),
	(245,'22IT402','DATA STRUCTURES II',3,4,3,0,2,0,'PC - Professional Core',50,50,100,45,0,30,0,0,'UNIQUE',NULL,NULL,75,1),
	(246,'22BT304','MICROBIOLOGY',3,4,3,0,2,0,'PC - Professional Core',50,50,100,45,0,30,0,0,'UNIQUE',NULL,NULL,75,1),
	(247,'22IT403','OPERATING SYSTEMS',1,4,4,1,0,0,'PC - Professional Core',40,60,100,60,15,0,0,0,'UNIQUE',NULL,NULL,75,1),
	(248,'22BT305','PROCESS CALCULATIONS AND UNIT OPERATIONS',1,4,3,1,0,0,'BS - Basic Sciences',40,60,100,45,15,0,0,0,'UNIQUE',NULL,NULL,60,1),
	(249,'22IT404','WEB TECHNOLOGY AND FRAMEWORKS',3,3,2,0,2,0,'PC - Professional Core',50,50,100,30,0,30,0,0,'UNIQUE',NULL,NULL,60,1),
	(250,'22HS010$','SOCIALLY RELEVANT PROJECT ',2,0,0,0,0,0,'HSS - Humanities and Social Sciences',100,60,160,0,0,0,0,0,'UNIQUE',NULL,NULL,0,1),
	(251,'22AM707','PROJECT WORK I',2,2,0,0,4,0,'EEC - Employability Enhancement Course',60,40,100,0,0,60,0,0,'UNIQUE',NULL,NULL,60,1),
	(252,'22HS010','SOCIALLY RELEVANT PROJECT ',2,0,0,0,2,0,'HSS - Humanities and Social Sciences',100,60,160,0,0,30,0,0,'UNIQUE',NULL,NULL,30,1),
	(253,'22IT405 ','DATABASE MANAGEMENT SYSTEM',3,4,3,0,2,0,'PC - Professional Core',50,50,100,45,0,30,0,0,'UNIQUE',NULL,NULL,75,1),
	(254,'22AM801','PROJECT WORK II',2,10,0,0,20,0,'EEC - Employability Enhancement Course',60,40,100,0,0,300,0,0,'UNIQUE',NULL,NULL,300,1),
	(255,'22AI501',' ARTIFICIAL INTELLIGENCE ',3,4,3,0,2,0,'PC - Professional Core',50,50,100,45,0,30,0,0,'UNIQUE',NULL,NULL,75,1),
	(256,'22BT401','BIOORGANIC CHEMISTRY',3,4,3,0,2,0,'ES - Engineering Sciences',50,50,100,45,0,30,0,0,'UNIQUE',NULL,NULL,75,1),
	(257,'22HSH01','HINDI ',3,2,1,0,2,0,'HSS - Humanities and Social Sciences',50,50,100,15,0,30,0,0,'UNIQUE',NULL,NULL,45,0),
	(258,'22BT402','HEAT AND MASS TRANSFER',3,4,3,0,2,0,'ES - Engineering Sciences',50,50,100,45,0,30,0,0,'UNIQUE',NULL,NULL,75,1),
	(259,'22AI502','COMPUTER NETWORKS ',3,4,3,0,2,0,'PC - Professional Core',50,50,100,45,0,30,0,0,'UNIQUE',NULL,NULL,75,1),
	(260,'22BT403','CELL AND MOLECULAR BIOLOGY',3,4,3,0,2,0,'PC - Professional Core',50,50,100,45,0,30,0,0,'UNIQUE',NULL,NULL,75,1),
	(261,'22BT404','INSTRUMENTAL METHODS OF ANALYSIS ',3,4,3,0,2,0,'PC - Professional Core',50,50,100,45,0,30,0,0,'UNIQUE',NULL,NULL,75,1),
	(262,'22AI503 ','MACHINE LEARNING',3,4,3,0,2,0,'PC - Professional Core',50,50,100,45,0,30,0,0,'UNIQUE',NULL,NULL,75,1),
	(263,'22BT405','PLANT TISSUE CULTURE',3,3,2,0,2,0,'PC - Professional Core',50,50,100,30,0,30,0,0,'UNIQUE',NULL,NULL,60,1),
	(264,'22AI504','CLOUD COMPUTING',3,4,3,0,2,0,'PC - Professional Core',50,50,100,45,0,30,0,0,'UNIQUE',NULL,NULL,75,1),
	(265,'22AM001','AGILE SOFTWARE DEVELOPMENT',1,3,3,0,0,0,'PE - Professional Elective',40,60,100,45,0,0,0,0,'UNIQUE',NULL,NULL,45,1),
	(266,'22AI507',' MINI PROJECT I',2,1,0,0,2,0,'EEC - Employability Enhancement Course',60,40,100,0,0,30,0,0,'UNIQUE',NULL,NULL,30,1),
	(267,'22AM002','UI AND UX DESIGN',1,3,3,0,0,0,'PE - Professional Elective',40,60,100,45,0,0,0,0,'UNIQUE',NULL,NULL,45,1),
	(268,'22AM003','WEB FRAMEWORKS',1,3,3,0,0,0,'PE - Professional Elective',40,60,100,45,0,0,0,0,'UNIQUE',NULL,NULL,45,1),
	(269,'22AI601','NATURAL LANGUAGE PROCESSING',3,4,3,0,2,0,'PC - Professional Core',50,50,100,45,0,30,0,0,'UNIQUE',NULL,NULL,75,1),
	(270,'22AM004','APP DEVELOPMENT',3,3,2,0,2,0,'PE - Professional Elective',50,50,100,30,0,30,0,0,'UNIQUE',NULL,NULL,60,1),
	(271,'22MEM18','OPERATIONS MANAGEMENT ',1,3,3,0,0,3,'PE - Professional Elective',40,60,100,45,0,0,45,0,'UNIQUE',NULL,NULL,90,1),
	(272,'22AM005','SOFTWARE TESTING AND AUTOMATION',1,3,3,0,0,0,'PE - Professional Elective',40,60,100,45,0,0,0,0,'UNIQUE',NULL,NULL,45,1),
	(273,'22CE108','COMPREHENSIVE WORK',2,1,0,0,2,0,'EEC - Employability Enhancement Course',100,60,160,0,0,30,0,0,'UNIQUE',NULL,NULL,30,1),
	(274,'22AI602','COMPUTER VISION AND DIGITAL IMAGING',3,4,3,0,2,0,'PC - Professional Core',50,50,100,45,0,30,0,0,'UNIQUE',NULL,NULL,75,1),
	(275,'22MEM18 ','OPERATIONS MANAGEMENT ',1,3,3,0,0,3,'PE - Professional Elective',40,60,100,45,0,0,45,0,'UNIQUE',NULL,NULL,90,1),
	(276,'22BT501','GENETIC ENGINEERING',3,4,3,0,2,0,'PC - Professional Core',50,50,100,45,0,30,0,0,'UNIQUE',NULL,NULL,75,1),
	(277,'22AI603','DEEP LEARNING ',3,4,3,0,2,0,'PC - Professional Core',50,50,100,45,0,30,0,0,'UNIQUE',NULL,NULL,75,1),
	(278,'22BT502','BIOPROCESS ENGINEERING',3,4,3,0,2,0,'PC - Professional Core',50,50,100,45,0,30,0,0,'UNIQUE',NULL,NULL,75,1),
	(279,'22AI607','MINI PROJECT II ',2,1,0,0,2,0,'EEC - Employability Enhancement Course',60,40,100,0,0,30,0,0,'UNIQUE',NULL,NULL,30,1),
	(280,'22EC501 ','DIGITAL COMMUNICATION',3,4,3,0,2,0,'PC - Professional Core',50,47,97,45,0,30,0,0,'UNIQUE',NULL,NULL,75,1),
	(281,'22IT501','PRINCIPLES OF COMMUNICATION',1,3,3,0,0,0,'PC - Professional Core',40,60,100,45,0,0,0,0,'UNIQUE',NULL,NULL,45,1),
	(282,'22BT503','ANIMAL TISSUE CULTURE',3,4,3,0,2,0,'PC - Professional Core',50,50,100,45,0,30,0,0,'UNIQUE',NULL,NULL,75,1),
	(283,'22IT502','COMPUTER NETWORKS',3,4,3,0,2,0,'PC - Professional Core',50,50,100,45,0,30,0,0,'UNIQUE',NULL,NULL,75,1),
	(284,'22EC502','DIGITAL SIGNAL PROCESSING',3,4,3,0,2,0,'PC - Professional Core',50,48,98,45,0,30,0,0,'UNIQUE',NULL,NULL,75,1),
	(285,'22BT504','BIOINFORMATICS',3,4,3,0,2,0,'PC - Professional Core',50,50,100,45,0,30,0,0,'UNIQUE',NULL,NULL,75,1),
	(286,'22IT503','INFORMATION CODING TECHNIQUES',1,4,4,1,0,0,'PC - Professional Core',40,60,100,60,15,0,0,0,'UNIQUE',NULL,NULL,75,1),
	(287,'22AI701','DATA VISUALIZATION',3,4,3,0,2,0,'PC - Professional Core',50,50,100,45,0,30,0,0,'UNIQUE',NULL,NULL,75,1),
	(288,'22BT507','MINI PROJECT I',2,1,0,0,2,0,'EEC - Employability Enhancement Course',60,40,100,0,0,30,0,0,'UNIQUE',NULL,NULL,30,1),
	(289,'22EC503','TRANSMISSION LINES AND ANTENNAS ',3,4,3,0,2,0,'PC - Professional Core',50,50,100,45,0,30,0,0,'UNIQUE',NULL,NULL,75,1),
	(290,'22IT504','INTERNET OF THINGS',3,3,2,0,2,0,'PC - Professional Core',50,50,100,30,0,30,0,0,'UNIQUE',NULL,NULL,60,1),
	(291,'22IT507','MINI PROJECT I',2,1,0,0,2,0,'EEC - Employability Enhancement Course',60,40,100,0,0,30,0,0,'UNIQUE',NULL,NULL,30,1),
	(292,'22BT601','DOWNSTREAM PROCESSING',3,4,3,0,2,0,'PC - Professional Core',50,50,100,45,0,30,0,0,'UNIQUE',NULL,NULL,75,1),
	(293,'22EC504','INTERNET OF THINGS AND ITS APPLICATIONS ',3,4,3,0,2,0,'PC - Professional Core',50,49,99,45,0,30,0,0,'UNIQUE',NULL,NULL,75,1),
	(294,'22AI702','AI FOR ROBOTICS',1,3,3,0,0,0,'PC - Professional Core',40,60,100,45,0,0,0,0,'UNIQUE',NULL,NULL,45,1),
	(295,'22BT602','IMMUNOLOGY',3,4,3,0,2,0,'PC - Professional Core',50,50,100,45,0,30,0,0,'UNIQUE',NULL,NULL,75,1),
	(296,'22IT601','DATA MINING AND WAREHOUSING',3,4,3,0,2,0,'PC - Professional Core',50,50,100,45,0,30,0,0,'UNIQUE',NULL,NULL,75,1),
	(297,'22EC507 ','MINI PROJECT I',2,1,0,0,2,0,'EEC - Employability Enhancement Course',60,40,100,0,0,30,0,0,'UNIQUE',NULL,NULL,30,1),
	(298,'22IT602','PRINCIPLES OF COMPILER DESIGN',1,4,4,1,0,0,'PC - Professional Core',40,60,100,60,15,0,0,0,'UNIQUE',NULL,NULL,75,1),
	(299,'22BT603','ENZYME AND PROTEIN ENGINEERING',3,4,3,0,2,0,'PC - Professional Core',50,50,100,45,0,30,0,0,'UNIQUE',NULL,NULL,75,1),
	(300,'22EC601','COMPUTER NETWORKS AND PROTOCOLS ',1,3,3,0,0,0,'PC - Professional Core',40,60,100,45,0,0,0,0,'UNIQUE',NULL,NULL,45,1),
	(301,'22IT603','CLOUD COMPUTING',3,4,3,0,2,0,'PC - Professional Core',50,50,100,45,0,30,0,0,'UNIQUE',NULL,NULL,75,1),
	(302,'22BT607','MINI PROJECT II',2,1,0,0,2,0,'EEC - Employability Enhancement Course',60,40,100,0,0,30,0,0,'UNIQUE',NULL,NULL,30,1),
	(303,'22IT607','MINI PROJECT II ',2,1,0,0,2,0,'EEC - Employability Enhancement Course',60,40,100,0,0,30,0,0,'UNIQUE',NULL,NULL,30,1),
	(304,'22BT701','GENOMICS AND PROTEOMICS',3,4,3,0,2,0,'PC - Professional Core',50,50,100,45,0,30,0,0,'UNIQUE',NULL,NULL,75,1),
	(305,'22EC602','DIGITAL SYSTEM DESIGN WITH FPGA',3,4,3,0,2,0,'PC - Professional Core',50,50,100,45,0,30,0,0,'UNIQUE',NULL,NULL,75,1),
	(306,'22IT701','CRYPTOGRAPHY AND INFORMATION SECURITY',1,3,3,0,0,0,'PC - Professional Core',40,60,100,45,0,0,0,0,'UNIQUE',NULL,NULL,45,1),
	(307,'22BT702','BIOPHARMACEUTICAL TECHNOLOGY',3,4,3,0,2,0,'PC - Professional Core',50,50,100,45,0,30,0,0,'UNIQUE',NULL,NULL,75,1),
	(308,'22IT702','ARTIFICIAL INTELLIGENCE AND EXPERT SYSTEM',3,4,3,0,2,0,'PC - Professional Core',50,50,100,45,0,30,0,0,'UNIQUE',NULL,NULL,75,1),
	(309,'22EC603 ','ARTIFICIAL INTELLIGENCE AND MACHINE LEARNING',3,4,3,0,2,0,'PC - Professional Core',50,50,100,45,0,30,0,0,'UNIQUE',NULL,NULL,75,1),
	(310,'22AI707',' PROJECT WORK I ',2,2,0,0,4,0,'EEC - Employability Enhancement Course',60,40,100,0,0,60,0,0,'UNIQUE',NULL,NULL,60,1),
	(311,'22BT707','PROJECT WORK I',2,2,0,0,4,0,'EEC - Employability Enhancement Course',50,50,100,0,0,60,0,0,'UNIQUE',NULL,NULL,60,1),
	(312,'22IT707','PROJECT WORK I',2,2,0,0,4,0,'EEC - Employability Enhancement Course',60,40,100,0,0,60,0,0,'UNIQUE',NULL,NULL,60,1),
	(313,'22EC607 ','MINI PROJECT II ',2,1,0,0,2,0,'EEC - Employability Enhancement Course',60,38,98,0,0,30,0,0,'UNIQUE',NULL,NULL,30,1),
	(314,'22BT801','PROJECT WORK II ',2,10,0,0,20,0,'EEC - Employability Enhancement Course',50,50,100,0,0,300,0,0,'UNIQUE',NULL,NULL,300,1),
	(315,'22EC701','MICROWAVE ENGINEERING',3,3,2,0,2,0,'PC - Professional Core',50,50,100,30,0,30,0,0,'UNIQUE',NULL,NULL,60,1),
	(316,'22AI801','PROJECT WORK II',2,10,0,0,20,0,'EEC - Employability Enhancement Course',60,40,100,0,0,300,0,0,'UNIQUE',NULL,NULL,300,1),
	(317,'22EC702','WIRELESS COMMUNICATION ',3,4,3,0,2,0,'PC - Professional Core',50,50,100,45,0,30,0,0,'UNIQUE',NULL,NULL,75,1),
	(318,'22EC707','PROJECT WORK I',2,2,0,0,4,0,'EEC - Employability Enhancement Course',60,40,100,0,0,60,0,0,'UNIQUE',NULL,NULL,60,1),
	(319,'22EC801 ','PROJECT WORK II ',2,10,0,0,20,0,'EEC - Employability Enhancement Course',60,39,99,0,0,300,0,0,'UNIQUE',NULL,NULL,300,1),
	(320,'22HSC01','CHINESE',3,2,1,0,2,0,'HSS - Humanities and Social Sciences',100,60,160,15,0,30,0,0,'UNIQUE',NULL,NULL,45,1),
	(321,'22IT001','EXPLORATORY DATA ANALYSIS',3,3,2,0,2,0,'PE - Professional Elective',50,50,100,30,0,30,0,0,'UNIQUE',NULL,NULL,60,1),
	(322,'22IT002','RECOMMENDER SYSTEMS',1,3,3,0,0,0,'PE - Professional Elective',40,60,100,45,0,0,0,0,'UNIQUE',NULL,NULL,45,1),
	(323,'22CE301','NUMERICAL METHODS AND STATISTICS ',1,4,3,1,0,0,'ES - Engineering Sciences',40,60,100,45,15,0,0,0,'UNIQUE',NULL,NULL,60,1),
	(324,'22IT003','BIG DATA ANALYTICS',1,3,3,0,0,0,'PE - Professional Elective',40,60,100,45,0,0,0,0,'UNIQUE',NULL,NULL,45,1),
	(325,'22IT004','NEURAL NETWORKS AND DEEP LEARNING',3,3,2,0,2,0,'PE - Professional Elective',50,50,100,30,0,30,0,0,'UNIQUE',NULL,NULL,60,1),
	(326,'22CE302','CONSTRUCTION MATERIALS, EQUIPMENT AND TECHNIQUES',3,3,2,0,2,0,'ES - Engineering Sciences',50,49,99,30,0,30,0,0,'UNIQUE',NULL,NULL,60,1),
	(327,'22IT005','NATURAL LANGUAGE PROCESSING',3,3,2,0,2,0,'PE - Professional Elective',50,50,100,30,0,30,0,0,'UNIQUE',NULL,NULL,60,1),
	(328,'22IT006','COMPUTER VISION ',3,3,2,0,2,0,'PE - Professional Elective',50,50,100,30,0,30,0,0,'UNIQUE',NULL,NULL,60,1),
	(329,'22CE303','SURVEY AND GEOMATICS',3,4,3,0,2,0,'PC - Professional Core',50,50,100,45,0,30,0,0,'UNIQUE',NULL,NULL,75,1),
	(330,'22CE304','FLUID MECHANICS AND MACHINERY ',3,4,3,0,2,0,'PC - Professional Core',50,50,100,45,0,30,0,0,'UNIQUE',NULL,NULL,75,1),
	(331,'22CE305','ENGINEERING MECHANICS',1,4,3,1,0,0,'PC - Professional Core',40,60,100,45,15,0,0,0,'UNIQUE',NULL,NULL,60,1),
	(332,'22HSF01 ','FRENCH',3,2,1,0,2,0,'HSS - Humanities and Social Sciences',50,47,97,15,0,30,0,0,'UNIQUE',NULL,NULL,45,1),
	(333,'22IT007','AGILE SOFTWARE DEVELOPMENT',1,3,3,0,0,0,'PE - Professional Elective',40,60,100,45,0,0,0,0,'UNIQUE',NULL,NULL,45,1),
	(334,'22IT008','UI AND UX DESIGN',1,3,3,0,0,0,'PE - Professional Elective',40,60,100,45,0,0,0,0,'UNIQUE',NULL,NULL,45,1),
	(335,'22IT009','WEB FRAMEWORKS',1,3,3,0,0,0,'PE - Professional Elective',40,60,100,45,0,0,0,0,'UNIQUE',NULL,NULL,45,1),
	(336,'22CE401','WATER RESOURCES ENGINEERING',1,4,3,1,0,0,'ES - Engineering Sciences',40,60,100,45,15,0,0,0,'UNIQUE',NULL,NULL,60,1),
	(337,'22IT010','APP DEVELOPMENT ',3,3,2,0,2,0,'PE - Professional Elective',50,50,100,30,0,30,0,0,'UNIQUE',NULL,NULL,60,1),
	(338,'22IT011','SOFTWARE TESTING AND AUTOMATION ',1,0,3,0,0,0,'PE - Professional Elective',40,60,100,45,0,0,0,0,'UNIQUE',NULL,NULL,45,1),
	(339,'22EC001','ADVANCED PROCESSOR ARCHITECTURES',1,3,3,0,0,0,'PE - Professional Elective',40,60,100,45,0,0,0,0,'UNIQUE',NULL,NULL,45,1),
	(340,'22IT012','DEVOPS',1,3,3,0,0,0,'PE - Professional Elective',40,60,100,45,0,0,0,0,'UNIQUE',NULL,NULL,45,1),
	(341,'22BT001','FERMENTATION TECHNOLOGY',1,3,3,0,0,3,'PE - Professional Elective',40,60,100,45,0,0,45,0,'UNIQUE',NULL,NULL,90,1),
	(342,'22IT013','VIRTUALIZATION IN CLOUD COMPUTING ',1,3,3,0,0,0,'PE - Professional Elective',40,60,100,45,0,0,0,0,'UNIQUE',NULL,NULL,45,1),
	(343,'22AI001','AGILE SOFTWARE DEVELOPMENT',1,3,3,0,0,0,'PE - Professional Elective',40,60,100,45,0,0,0,0,'UNIQUE',NULL,NULL,45,1),
	(344,'22IT014','CLOUD SERVICES AND DATA MANAGEMENT',1,3,3,0,0,0,'PE - Professional Elective',40,60,100,45,0,0,0,0,'UNIQUE',NULL,NULL,45,1),
	(345,'22BT002','INDUSTRIAL MICROBIOLOGY',1,3,3,0,0,3,'PE - Professional Elective',40,60,100,45,0,0,45,0,'UNIQUE',NULL,NULL,90,1),
	(346,'22BT003','ENVIRONMENTAL BIOTECHNOLOGY',1,3,3,0,0,3,'PE - Professional Elective',40,60,100,45,0,0,45,0,'UNIQUE',NULL,NULL,90,1),
	(347,'22BT004','BIOENERGY AND BIOFUELS',1,3,3,0,0,3,'PE - Professional Elective',40,60,100,45,0,0,45,0,'UNIQUE',NULL,NULL,90,1),
	(348,'22BT005','BIOREACTOR DESIGN, MODELING AND SIMULATION',1,3,3,0,0,3,'PE - Professional Elective',40,60,100,45,0,0,45,0,'UNIQUE',NULL,NULL,90,1),
	(349,'22AI002','UI AND UX DESIGN',1,3,3,0,0,0,'PE - Professional Elective',40,60,100,45,0,0,0,0,'UNIQUE',NULL,NULL,45,1),
	(350,'22BT006','BIOPROCESS CONTROL AND INSTRUMENTATION',1,3,3,0,0,3,'PE - Professional Elective',40,60,100,45,0,0,45,0,'UNIQUE',NULL,NULL,90,1),
	(351,'22CE402','MECHANICS OF DEFORMABLE BODIES',3,4,2,1,2,0,'PC - Professional Core',50,50,100,30,15,30,0,0,'UNIQUE',NULL,NULL,75,1),
	(352,'22AI003','WEB FRAMEWORKS ',1,3,3,0,0,0,'PE - Professional Elective',40,60,100,45,0,0,0,0,'UNIQUE',NULL,NULL,45,1),
	(353,'22AI004','APP DEVELOPMENT',3,3,2,0,2,0,'PE - Professional Elective',50,50,100,30,0,30,0,0,'UNIQUE',NULL,NULL,60,1),
	(354,'22EC003','EMBEDDED C PROGRAMMING ',1,2,3,0,0,0,'PE - Professional Elective',40,60,100,45,0,0,0,0,'UNIQUE',NULL,NULL,45,1),
	(355,'22AI005','SOFTWARE TESTING AND AUTOMATION',1,3,3,0,0,0,'PE - Professional Elective',40,60,100,45,0,0,0,0,'UNIQUE',NULL,NULL,45,1),
	(356,'22EC002','COMMUNICATION PROTOCOLS AND STANDARDS',1,3,3,0,0,0,'PE - Professional Elective',40,60,100,45,0,0,0,0,'UNIQUE',NULL,NULL,45,1),
	(357,'22AI006','DevOps ',1,3,3,0,0,0,'PE - Professional Elective',40,60,100,45,0,0,0,0,'UNIQUE',NULL,NULL,45,1),
	(358,'22EC004','REAL TIME OPERATING SYSTEMS',1,3,3,0,0,0,'PE - Professional Elective',40,60,100,45,0,0,0,0,'UNIQUE',NULL,NULL,45,1),
	(359,'22EC005','EMBEDDED LINUX ',1,3,3,0,0,0,'PE - Professional Elective',40,60,100,45,0,0,0,0,'UNIQUE',NULL,NULL,45,1),
	(360,'22EC006','VIRTUAL INSTRUMENTATION IN EMBEDDED SYSTEMS',1,3,3,0,0,0,'PE - Professional Elective',40,60,100,45,0,0,0,0,'UNIQUE',NULL,NULL,45,1),
	(361,'22CE403','CONCRETE TECHNOLOGY',3,4,3,0,2,0,'PC - Professional Core',50,50,100,45,0,30,0,0,'UNIQUE',NULL,NULL,75,1),
	(362,'22CE404','GEOTECHNICAL ENGINEERING I',3,4,3,0,2,0,'PC - Professional Core',50,50,100,45,0,30,0,0,'UNIQUE',NULL,NULL,75,1),
	(363,'22CE405','CONSTRUCTION MANAGEMENT',3,4,3,0,2,0,'PC - Professional Core',50,50,100,45,0,30,0,0,'UNIQUE',NULL,NULL,75,1),
	(364,'22AI007','VIRTUALIZATION IN CLOUD COMPUTING',1,3,3,0,0,0,'PE - Professional Elective',40,60,100,45,0,0,0,0,'UNIQUE',NULL,NULL,45,1),
	(365,'22CE501','DESIGN OF RCC ELEMENTS',1,4,3,1,0,0,'PC - Professional Core',40,62,102,45,15,0,0,0,'UNIQUE',NULL,NULL,60,1),
	(366,'22CE502','STRUCTURAL ANALYSIS I',1,4,3,1,0,0,'PC - Professional Core',40,60,100,45,15,0,0,0,'UNIQUE',NULL,NULL,60,1),
	(367,'22CE503','WATER SUPPLY AND WASTEWATER ENGINEERING',3,4,3,0,2,0,'PC - Professional Core',50,50,100,45,0,30,0,0,'UNIQUE',NULL,NULL,75,1),
	(368,'22CE504','GEOTECHNICAL ENGINEERING II',1,3,3,0,0,0,'PC - Professional Core',40,60,100,45,0,0,0,0,'UNIQUE',NULL,NULL,45,1),
	(369,'22CE507','MINI PROJECT I',2,1,0,0,2,0,'EEC - Employability Enhancement Course',60,38,98,0,0,30,0,0,'UNIQUE',NULL,NULL,30,1),
	(370,'22CE601','DESIGN OF RCC STRUCTURES',1,4,3,1,0,0,'PC - Professional Core',40,60,100,45,15,0,0,0,'UNIQUE',NULL,NULL,60,1),
	(371,'22CE602','STRUCTURAL ANALYSIS II',1,4,3,1,0,0,'PC - Professional Core',40,60,100,45,15,0,0,0,'UNIQUE',NULL,NULL,60,1),
	(372,'22CE603','DESIGN OF STEEL STRUCTURES',3,4,3,0,2,0,'PC - Professional Core',50,50,100,45,0,30,0,0,'UNIQUE',NULL,NULL,75,1),
	(373,'22CE607','MINI PROJECT II',2,1,0,0,2,0,'EEC - Employability Enhancement Course',60,40,100,0,0,30,0,0,'UNIQUE',NULL,NULL,30,1),
	(374,'22CE701','HIGHWAY AND RAILWAY ENGINEERING',3,4,3,0,2,0,'PC - Professional Core',50,50,100,45,0,30,0,0,'UNIQUE',NULL,NULL,75,1),
	(375,'22CE702','ESTIMATION, COSTING AND QUANTITY SURVEYING',1,4,3,1,0,0,'PC - Professional Core',40,60,100,45,15,0,0,0,'UNIQUE',NULL,NULL,60,1),
	(376,'22CE707','PROJECT WORK I',2,2,0,0,4,0,'EEC - Employability Enhancement Course',60,40,100,0,0,60,0,0,'UNIQUE',NULL,NULL,60,1),
	(377,'22CT108','COMPREHENSIVE WORK',2,1,0,0,2,0,'EEC - Employability Enhancement Course',100,60,160,0,0,30,0,0,'UNIQUE',NULL,NULL,30,1),
	(378,'22CE801','PROJECT WORK II',2,10,0,0,20,0,'EEC - Employability Enhancement Course',60,40,100,0,0,300,0,0,'UNIQUE',NULL,NULL,300,1),
	(379,'22GE003 ','BASICS OF ELECTRICAL ENGINEERING',3,3,2,0,2,0,'ES - Engineering Sciences',50,50,100,30,0,30,0,0,'UNIQUE',NULL,NULL,60,1),
	(380,'22CT206','DIGITAL COMPUTER ELECTRONICS',3,4,3,0,2,0,'ES - Engineering Sciences',50,50,100,45,0,30,0,0,'UNIQUE',NULL,NULL,75,1),
	(381,'22HSG01 ','GERMAN',3,2,1,0,2,0,'HSS - Humanities and Social Sciences',100,60,160,15,0,30,0,0,'UNIQUE',NULL,NULL,45,1),
	(382,'22CT301','PROBABILITY, STATISTICS AND QUEUING THEORY',1,4,3,1,0,0,'BS - Basic Sciences',40,60,100,45,15,0,0,0,'UNIQUE',NULL,NULL,60,1),
	(383,'22CT302','DATA STRUCTURES I ',3,4,3,0,2,0,'PC - Professional Core',50,50,100,45,0,30,0,0,'UNIQUE',NULL,NULL,75,1),
	(384,'22CT303','COMPUTER ORGANIZATION AND ARCHITECTURE',1,4,3,1,0,0,'ES - Engineering Sciences',40,60,100,45,15,0,0,0,'UNIQUE',NULL,NULL,60,1),
	(385,'22CT304','PRINCIPLES OF PROGRAMMING LANGUAGES',3,4,3,0,2,0,'PC - Professional Core',50,50,100,45,0,30,0,0,'UNIQUE',NULL,NULL,75,1),
	(386,'22CT305','SOFTWARE ENGINEERING',1,3,3,0,0,0,'PC - Professional Core',40,60,100,45,0,0,0,0,'UNIQUE',NULL,NULL,45,1),
	(387,'22CT401','DISCRETE MATHEMATICS',1,4,3,1,0,0,'ES - Engineering Sciences',40,58,98,45,15,0,0,0,'UNIQUE',NULL,NULL,60,1),
	(388,'22CT402','DATA STRUCTURES II',3,4,3,0,2,0,'PC - Professional Core',50,50,100,45,0,30,0,0,'UNIQUE',NULL,NULL,75,1),
	(389,'22CT403','OPERATING SYSTEMS',1,4,3,1,0,0,'PC - Professional Core',40,60,100,45,15,0,0,0,'UNIQUE',NULL,NULL,60,1),
	(390,'22CT404 ','WEB TECHNOLOGY AND FRAMEWORKS',3,3,0,0,2,0,'PC - Professional Core',50,50,100,0,0,30,0,0,'UNIQUE',NULL,NULL,30,1),
	(391,'22CT405','DATABASE MANAGEMENT SYSTEM',3,4,3,0,2,0,'PC - Professional Core',50,50,100,45,0,30,0,0,'UNIQUE',NULL,NULL,75,1),
	(392,'22CT501','PRINCIPLES OF COMPILER DESIGN',1,4,3,1,0,0,'PC - Professional Core',40,60,100,45,15,0,0,0,'UNIQUE',NULL,NULL,60,1),
	(393,'22CT502','COMPUTER NETWORKS',3,4,3,0,2,0,'PC - Professional Core',50,50,100,45,0,30,0,0,'UNIQUE',NULL,NULL,75,1),
	(394,'22CT503','EMBEDDED SYSTEMS ',1,3,3,0,0,0,'ES - Engineering Sciences',40,60,100,45,0,0,0,0,'UNIQUE',NULL,NULL,45,1),
	(395,'22CT504','ARTIFICIAL INTELLIGENCE SYSTEMS',3,3,2,0,2,0,'PC - Professional Core',50,50,100,30,0,30,0,0,'UNIQUE',NULL,NULL,60,1),
	(396,'22CT507','MINI PROJECT I',2,1,0,0,2,0,'EEC - Employability Enhancement Course',60,40,100,0,0,30,0,0,'UNIQUE',NULL,NULL,30,1),
	(397,'22BT007','TRANSPORT PHENOMENON IN BIOLOGICAL SYSTEMS',1,3,3,0,0,0,'PE - Professional Elective',40,60,100,45,0,0,0,0,'UNIQUE',NULL,NULL,45,1),
	(398,'22BT008','ASTROBIOLOGY AND ASTROCHEMISTRY',1,2,3,0,0,0,'PE - Professional Elective',40,60,100,45,0,0,0,0,'UNIQUE',NULL,NULL,45,1),
	(399,'22BT009','BIOPROSPECTING AND QUALITY ANALYSIS',1,3,3,0,0,0,'PE - Professional Elective',40,60,100,45,0,0,0,0,'UNIQUE',NULL,NULL,45,1),
	(400,'22BT010','FOOD PROCESS AND TECHNOLOGY',1,3,3,0,0,0,'PE - Professional Elective',40,60,100,45,0,0,0,0,'UNIQUE',NULL,NULL,45,1),
	(401,'22BT011','MARINE BIOTECHNOLOGY',1,3,3,0,0,0,'PE - Professional Elective',40,60,100,45,0,0,0,0,'UNIQUE',NULL,NULL,45,1),
	(402,'22BT012','BIODIVERSITY AND AGROFORESTRY',1,3,3,0,0,0,'PE - Professional Elective',40,60,100,45,0,0,0,0,'UNIQUE',NULL,NULL,45,1),
	(403,'22BT013','BIOSENSORS',1,3,3,0,0,0,'PE - Professional Elective',40,60,100,45,0,0,0,0,'UNIQUE',NULL,NULL,45,1),
	(404,'22BT014','BIOMATERIALS',1,3,3,0,0,0,'PE - Professional Elective',40,60,100,45,0,0,0,0,'UNIQUE',NULL,NULL,45,1),
	(405,'22BT015','PROGRAMS FOR BIOINFORMATICS',1,3,3,0,0,0,'PE - Professional Elective',40,60,100,45,0,0,0,0,'UNIQUE',NULL,NULL,45,1),
	(406,'22BT016','FUNDAMENTALS OF ALGORITHMS FOR BIOINFORMATICS',1,3,3,0,0,0,'PE - Professional Elective',40,60,100,45,0,0,0,0,'UNIQUE',NULL,NULL,45,1),
	(407,'22BT017','MOLECULAR MODELING',1,3,3,0,0,0,'PE - Professional Elective',40,60,100,45,0,0,0,0,'UNIQUE',NULL,NULL,45,1),
	(408,'22BT018','COMPUTER AIDED DRUG DESIGN',1,3,3,0,0,0,'PE - Professional Elective',40,60,100,45,0,0,0,0,'UNIQUE',NULL,NULL,45,1),
	(409,'22BT019','METABOLOMICS AND GENOMICS- BIG DATA ANALYTICS',1,3,3,0,0,0,'PE - Professional Elective',40,60,100,45,0,0,0,0,'UNIQUE',NULL,NULL,45,1),
	(410,'22BT020','DATA MINING AND MACHINE LEARNING TECHNIQUES FOR INFORMATICS',1,3,3,0,0,0,'PE - Professional Elective',40,60,100,45,0,0,0,0,'UNIQUE',NULL,NULL,45,1),
	(411,'22BT021','SYSTEMS AND SYNTHETIC BIOLOGY',1,3,3,0,0,0,'PE - Professional Elective',40,60,100,45,0,0,0,0,'UNIQUE',NULL,NULL,45,1),
	(412,'22BT022','PLANT TISSUE CULTURE AND TRANSFORMATION TECHNIQUE',1,3,3,0,0,0,'PE - Professional Elective',40,60,100,45,0,0,0,0,'UNIQUE',NULL,NULL,45,1),
	(413,'22AM006','DevOps',1,3,3,0,0,0,'PE - Professional Elective',40,60,100,45,0,0,0,0,'UNIQUE',NULL,NULL,45,1),
	(414,'22BT023','TRANSGENIC TECHNOLOGY IN AGRICULTURE',1,3,3,0,0,0,'PE - Professional Elective',40,60,100,45,0,0,0,0,'UNIQUE',NULL,NULL,45,1),
	(415,'22AI008','CLOUD SERVICES AND DATA MANAGEMENT',1,3,3,0,0,0,'PE - Professional Elective',40,60,100,45,0,0,0,0,'UNIQUE',NULL,NULL,45,1),
	(416,'22BT024','BIOFERTILIZERS AND BIOPESTICIDES PRODUCTION',1,3,3,0,0,0,'PE - Professional Elective',40,60,100,45,0,0,0,0,'UNIQUE',NULL,NULL,45,1),
	(417,'22AM007','VIRTUALIZATION IN CLOUD COMPUTING ',1,3,3,0,0,0,'PE - Professional Elective',40,60,100,45,0,0,0,0,'UNIQUE',NULL,NULL,45,1),
	(418,'22BT025','MUSHROOM CULTIVATION AND VERMICOMPOSTING',1,3,3,0,0,0,'PE - Professional Elective',40,60,100,45,0,0,0,0,'UNIQUE',NULL,NULL,45,1),
	(419,'22AI009','CLOUD STORAGE TECHNOLOGIES',1,3,3,0,0,0,'PE - Professional Elective',40,60,100,45,0,0,0,0,'UNIQUE',NULL,NULL,45,1),
	(420,'22AM008','CLOUD SERVICES AND DATA MANAGEMENT',1,3,3,0,0,0,'PE - Professional Elective',40,60,100,45,0,0,0,0,'UNIQUE',NULL,NULL,45,1),
	(421,'22BT026','FUNGAL AND ALGAL TECHNOLOGY',1,3,3,0,0,0,'PE - Professional Elective',40,60,100,45,0,0,0,0,'UNIQUE',NULL,NULL,45,1),
	(422,'22BT027','PHYTOTHERAPEUTICS',1,3,3,0,0,0,'PE - Professional Elective',40,60,100,45,0,0,0,0,'UNIQUE',NULL,NULL,45,1),
	(423,'22AM009','CLOUD STORAGE TECHNOLOGIES',1,3,3,0,0,0,'PE - Professional Elective',40,60,100,45,0,0,0,0,'UNIQUE',NULL,NULL,45,1),
	(424,'22AI010','CLOUD AUTOMATION TOOLS AND APPLICATIONS',1,3,3,0,0,0,'PE - Professional Elective',40,60,100,45,0,0,0,0,'UNIQUE',NULL,NULL,45,1),
	(425,'22AM010','CLOUD AUTOMATION TOOLS AND APPLICATIONS',1,3,3,0,0,0,'PE - Professional Elective',40,60,100,45,0,0,0,0,'UNIQUE',NULL,NULL,45,1),
	(426,'22AM011','SOFTWARE DEFINED NETWORKS ',3,3,2,0,2,0,'PE - Professional Elective',50,50,100,30,0,30,0,0,'UNIQUE',NULL,NULL,60,1),
	(427,'22AI011','SOFTWARE DEFINED NETWORKS',3,3,2,0,2,0,'PE - Professional Elective',50,50,100,30,0,30,0,0,'UNIQUE',NULL,NULL,60,1),
	(428,'22AM012','SECURITY AND PRIVACY IN CLOUD',1,3,3,0,0,0,'PE - Professional Elective',40,60,100,45,0,0,0,0,'UNIQUE',NULL,NULL,45,1),
	(429,'22AI012','SECURITY AND PRIVACY IN CLOUD',1,3,3,0,0,0,'PE - Professional Elective',40,60,100,45,0,0,0,0,'UNIQUE',NULL,NULL,45,1),
	(430,'22AM013','CYBER SECURITY',1,3,3,0,0,0,'PE - Professional Elective',40,60,100,45,0,0,0,0,'UNIQUE',NULL,NULL,45,1),
	(431,'22AI013','CYBER SECURITY',1,3,3,0,0,0,'PE - Professional Elective',40,60,100,45,0,0,0,0,'UNIQUE',NULL,NULL,45,1),
	(432,'22AM014','MODERN CRYPTOGRAPHY',1,3,3,0,0,0,'PE - Professional Elective',40,60,100,45,0,0,0,0,'UNIQUE',NULL,NULL,45,1),
	(433,'22AI014','MODERN CRYPTOGRAPHY',1,3,3,0,0,0,'PE - Professional Elective',40,60,100,45,0,0,0,0,'UNIQUE',NULL,NULL,45,1),
	(434,'22AM015','CYBER FORENSICS',1,3,3,0,0,0,'PE - Professional Elective',40,60,100,45,0,0,0,0,'UNIQUE',NULL,NULL,45,1),
	(435,'22AM016','ETHICAL HACKING',1,3,3,0,0,0,'PE - Professional Elective',40,60,100,45,0,0,0,0,'UNIQUE',NULL,NULL,45,1),
	(436,'22AI015','CYBER FORENSICS',1,3,3,0,0,0,'PE - Professional Elective',40,60,100,45,0,0,0,0,'UNIQUE',NULL,NULL,45,1),
	(437,'22AM017','CRYPTOCURRENCY AND BLOCKCHAIN TECHNOLOGIES',3,3,2,0,2,0,'PE - Professional Elective',50,50,100,30,0,30,0,0,'UNIQUE',NULL,NULL,60,1),
	(438,'22AI016','ETHICAL HACKING',1,3,3,0,0,0,'PE - Professional Elective',40,60,100,45,0,0,0,0,'UNIQUE',NULL,NULL,45,1),
	(439,'22AM018','MALWARE ANALYSIS ',1,3,3,0,0,0,'PE - Professional Elective',40,60,100,45,0,0,0,0,'UNIQUE',NULL,NULL,45,1),
	(440,'22AI017','CRYPTOCURRENCY AND BLOCKCHAIN TECHNOLOGIES',3,3,2,0,2,0,'PE - Professional Elective',50,50,100,30,0,30,0,0,'UNIQUE',NULL,NULL,60,1),
	(441,'22AM019','ROBOTIC PROCESS AUTOMATION',1,3,3,0,0,0,'PE - Professional Elective',40,60,100,45,0,0,0,0,'UNIQUE',NULL,NULL,45,1),
	(442,'22AI018','MALWARE ANALYSIS',1,3,3,0,0,0,'PE - Professional Elective',40,60,100,45,0,0,0,0,'UNIQUE',NULL,NULL,45,1),
	(443,'22AM020','TEXT AND SPEECH ANALYSIS',3,3,2,0,2,0,'PE - Professional Elective',50,50,100,30,0,30,0,0,'UNIQUE',NULL,NULL,60,1),
	(444,'22CS403 ','OPERATING SYSTEMS',1,4,3,1,0,0,'PC - Professional Core',40,60,100,45,15,0,0,0,'UNIQUE',NULL,NULL,60,1),
	(445,'22AM021','EDGE COMPUTING',1,3,3,0,0,0,'PE - Professional Elective',40,60,100,45,0,0,0,0,'UNIQUE',NULL,NULL,45,1),
	(446,'22AM022','INTELLIGENT ROBOTS AND DRONE TECHNOLOGY',1,3,3,0,0,0,'PE - Professional Elective',40,60,100,45,0,0,0,0,'UNIQUE',NULL,NULL,45,1),
	(447,'22BT028','ANIMAL PHYSIOLOGY AND METABOLISM',1,3,3,0,0,0,'PE - Professional Elective',40,60,100,45,0,0,0,0,'UNIQUE',NULL,NULL,45,1),
	(448,'22AM023','INTELLIGENT TRANSPORTATION SYSTEMS ',1,3,3,0,0,0,'PE - Professional Elective',40,60,100,45,0,0,0,0,'UNIQUE',NULL,NULL,45,1),
	(449,'22AM024','EXPERT SYSTEMS',1,3,3,0,0,0,'PE - Professional Elective',40,60,100,45,0,0,0,0,'UNIQUE',NULL,NULL,45,1),
	(450,'22AI019','ROBOTIC PROCESS AUTOMATION',1,3,3,0,0,0,'PE - Professional Elective',40,60,100,45,0,0,0,0,'UNIQUE',NULL,NULL,45,1),
	(451,'22AI020','REINFORCEMENT LEARNING',1,3,3,0,0,0,'PE - Professional Elective',40,60,100,45,0,0,0,0,'UNIQUE',NULL,NULL,45,1),
	(452,'22AI021','EDGE COMPUTING',1,3,3,0,0,0,'PE - Professional Elective',40,60,100,45,0,0,0,0,'UNIQUE',NULL,NULL,45,1),
	(453,'22AI022','INTELLIGENT ROBOTS AND DRONE TECHNOLOGY',1,3,3,0,0,0,'PE - Professional Elective',40,60,100,45,0,0,0,0,'UNIQUE',NULL,NULL,45,1),
	(454,'22AI023','INTELLIGENT TRANSPORTATION SYSTEMS',1,3,3,0,0,0,'PE - Professional Elective',40,60,100,45,0,0,0,0,'UNIQUE',NULL,NULL,45,1),
	(455,'22BT029','ANIMAL HEALTH AND NUTRITION',1,3,3,0,0,0,'PE - Professional Elective',40,60,100,45,0,0,0,0,'UNIQUE',NULL,NULL,45,1),
	(456,'22AM025','WEB FRAMEWORKS AND APPLICATIONS',1,3,3,0,0,0,'PE - Professional Elective',40,60,100,45,0,0,0,0,'UNIQUE',NULL,NULL,45,1),
	(457,'22AI024','EXPERT SYSTEMS',1,3,3,0,0,0,'PE - Professional Elective',40,60,100,45,0,0,0,0,'UNIQUE',NULL,NULL,45,1),
	(458,'22AI025','KNOWLEDGE ENGINEERING',1,3,3,0,0,0,'PE - Professional Elective',40,60,100,45,0,0,0,0,'UNIQUE',NULL,NULL,45,1),
	(459,'22AM026','ECOMMERCE AND WEB DEVELOPMENT',1,3,3,0,0,0,'PE - Professional Elective',40,60,100,45,0,0,0,0,'UNIQUE',NULL,NULL,45,1),
	(460,'22AM027','MOBILE AND WEB APPLICATION ',1,3,3,0,0,0,'PE - Professional Elective',40,60,100,45,0,0,0,0,'UNIQUE',NULL,NULL,45,1),
	(461,'22AI026','HEALTH CARE ANALYTICS',1,3,3,0,0,0,'PE - Professional Elective',40,60,100,45,0,0,0,0,'UNIQUE',NULL,NULL,45,1),
	(462,'22AI027','OPTIMIZATION TECHNIQUES',1,3,3,0,0,0,'PE - Professional Elective',40,60,100,45,0,0,0,0,'UNIQUE',NULL,NULL,45,1),
	(463,'22AM028','NoSQL DATABASE',3,3,2,0,2,0,'PE - Professional Elective',50,50,100,30,0,30,0,0,'UNIQUE',NULL,NULL,60,1),
	(464,'22AI028','BIG DATA ANALYTICS',1,3,3,0,0,0,'PE - Professional Elective',40,60,100,45,0,0,0,0,'UNIQUE',NULL,NULL,45,1),
	(465,'22AM029','SMART PRODUCT DEVELOPMENT ',1,3,3,0,0,0,'PE - Professional Elective',40,60,100,45,0,0,0,0,'UNIQUE',NULL,NULL,45,1),
	(466,'22AI029','QUANTUM COMPUTING',1,3,3,0,0,0,'PE - Professional Elective',40,60,100,45,0,0,0,0,'UNIQUE',NULL,NULL,45,1),
	(467,'22AM030','BIO MEDICAL IMAGE ANALYSIS ',3,3,2,0,2,0,'PE - Professional Elective',50,50,100,30,0,30,0,0,'UNIQUE',NULL,NULL,60,1),
	(468,'22AI030','COGNITIVE SCIENCE ',1,3,3,0,0,0,'PE - Professional Elective',40,60,100,45,0,0,0,0,'UNIQUE',NULL,NULL,45,1),
	(469,'22AM031',' DATA ANALYTICS AND DATA SCIENCE',1,3,3,0,0,0,'PE - Professional Elective',40,60,100,45,0,0,0,0,'UNIQUE',NULL,NULL,45,1),
	(470,'22AM032','VIDEO ANALYTICS',1,3,3,0,0,0,'PE - Professional Elective',40,60,100,45,0,0,0,0,'UNIQUE',NULL,NULL,45,1),
	(471,'22AM033','CYBER THREAT ANALYTICS ',1,3,3,0,0,0,'PE - Professional Elective',40,60,100,45,0,0,0,0,'UNIQUE',NULL,NULL,45,1),
	(472,'22AI031','BIO MEDICAL IMAGE ANALYSIS',3,3,2,0,2,0,'PE - Professional Elective',50,50,100,30,0,30,0,0,'UNIQUE',NULL,NULL,60,1),
	(473,'22AM034','BUSINESS INTELLIGENCE',1,3,3,0,0,0,'PE - Professional Elective',40,60,100,45,0,0,0,0,'UNIQUE',NULL,NULL,45,1),
	(474,'22AI032','RECOMMENDER SYSTEMS ',1,3,3,0,0,0,'PE - Professional Elective',40,60,100,45,0,0,0,0,'UNIQUE',NULL,NULL,45,1),
	(475,'22AM035','DIGITAL MARKETING AND MANAGEMENT',1,3,3,0,0,0,'PE - Professional Elective',40,60,100,45,0,0,0,0,'UNIQUE',NULL,NULL,45,1),
	(476,'22AI033','IMAGE AND VIDEO ANALYTICS',1,3,3,0,0,0,'PE - Professional Elective',40,60,100,45,0,0,0,0,'UNIQUE',NULL,NULL,45,1),
	(477,'22AM036','INTERNET OF THINGS AND ITS APPLICATIONS ',1,2,3,0,0,0,'PE - Professional Elective',40,60,100,45,0,0,0,0,'UNIQUE',NULL,NULL,45,1),
	(478,'22AM037','BIOINFORMATICS',1,3,3,0,0,0,'PE - Professional Elective',40,60,100,45,0,0,0,0,'UNIQUE',NULL,NULL,45,1),
	(479,'22AI034','CYBER THREAT ANALYTICS',1,3,3,0,0,0,'PE - Professional Elective',40,60,100,45,0,0,0,0,'UNIQUE',NULL,NULL,45,1),
	(480,'22CS404 ','WEB TECHNOLOGY AND FRAMEWORKS',3,3,2,0,2,0,'PC - Professional Core',50,50,100,30,0,30,0,0,'UNIQUE',NULL,NULL,60,1),
	(481,'22CT601','DISTRIBUTED COMPUTING',1,3,3,0,0,0,'PC - Professional Core',40,60,100,45,0,0,0,0,'UNIQUE',NULL,NULL,45,1),
	(482,'22CT602','MACHINE LEARNING ESSENTIALS',3,4,3,0,2,0,'PC - Professional Core',50,50,100,45,0,30,0,0,'UNIQUE',NULL,NULL,75,1),
	(483,'22CT603','CLOUD COMPUTING',3,4,3,0,2,0,'PC - Professional Core',50,50,100,45,0,30,0,0,'UNIQUE',NULL,NULL,75,1),
	(484,'22CT607','MINI PROJECT II ',2,1,0,0,2,0,'EEC - Employability Enhancement Course',60,40,100,0,0,30,0,0,'UNIQUE',NULL,NULL,30,1),
	(485,'22CT701','BLOCKCHAIN TECHNOLOGY',3,4,3,0,2,0,'PC - Professional Core',50,50,100,45,0,30,0,0,'UNIQUE',NULL,NULL,75,1),
	(486,'22CT702','MOBILE APPLICATION DEVELOPMENT',3,4,3,0,2,0,'PC - Professional Core',50,50,100,45,0,30,0,0,'UNIQUE',NULL,NULL,75,1),
	(487,'22CT707','PROJECT WORK I ',2,2,0,0,4,0,'EEC - Employability Enhancement Course',60,40,100,0,0,60,0,0,'UNIQUE',NULL,NULL,60,1),
	(488,'22CT001','EXPLORATORY DATA ANALYSIS',3,3,2,0,2,0,'PE - Professional Elective',50,50,100,30,0,30,0,0,'UNIQUE',NULL,NULL,60,1),
	(489,'22CT002','RECOMMENDER SYSTEMS',1,3,3,0,0,0,'PE - Professional Elective',40,60,100,45,0,0,0,0,'UNIQUE',NULL,NULL,45,1),
	(490,'22CE001','REPAIR AND REHABILITATION OF STRUCTURES ',1,3,3,0,0,0,'PE - Professional Elective',40,60,100,45,0,0,0,0,'UNIQUE',NULL,NULL,45,1),
	(491,'22CE002','PRESTRESSED CONCRETE STRUCTURES',1,3,3,0,0,0,'PE - Professional Elective',40,60,100,45,0,0,0,0,'UNIQUE',NULL,NULL,45,1),
	(492,'22CE003','STRUCTURAL DYNAMICS AND EARTHQUAKE ENGINEERING',1,3,3,0,0,0,'PE - Professional Elective',40,60,100,45,0,0,0,0,'UNIQUE',NULL,NULL,45,1),
	(493,'22CE004','BRIDGE ENGINEERING',1,3,3,0,0,0,'PE - Professional Elective',40,60,100,45,0,0,0,0,'UNIQUE',NULL,NULL,45,1),
	(494,'22CE005','TALL STRUCTURES',1,3,3,0,0,0,'PE - Professional Elective',40,60,100,45,0,0,0,0,'UNIQUE',NULL,NULL,45,1),
	(495,'22CE006','STRUCTURAL HEALTH MONITORING',1,3,3,0,0,0,'PE - Professional Elective',40,60,100,45,0,0,0,0,'UNIQUE',NULL,NULL,45,1),
	(496,'22CE007 ','DESIGN OF TIMBER AND MASONRY ELEMENTS ',1,3,3,0,0,0,'PE - Professional Elective',40,60,100,45,0,0,0,0,'UNIQUE',NULL,NULL,45,1),
	(497,'22CE008','ADVANCED RC DESIGN',1,3,3,0,0,0,'PE - Professional Elective',40,60,100,45,0,0,0,0,'UNIQUE',NULL,NULL,45,1),
	(498,'22CE009','ADVANCED STEEL DESIGN',1,3,3,0,0,0,'PE - Professional Elective',40,60,100,45,0,0,0,0,'UNIQUE',NULL,NULL,45,1),
	(499,'22CE010','INDUSTRIAL STRUCTURES',1,3,3,0,0,0,'PE - Professional Elective',40,60,100,45,0,0,0,0,'UNIQUE',NULL,NULL,45,1),
	(500,'22CE011','FINITE ELEMENT ANALYSIS',1,3,3,0,0,0,'PE - Professional Elective',40,60,100,45,0,0,0,0,'UNIQUE',NULL,NULL,45,1),
	(501,'22CE012','STEEL CONCRETE COMPOSITE STRUCTURES ',1,3,3,0,0,0,'PE - Professional Elective',40,60,100,45,0,0,0,0,'UNIQUE',NULL,NULL,45,1),
	(502,'22CE013','BUILDING SERVICES',1,3,3,0,0,0,'PE - Professional Elective',40,60,100,45,0,0,0,0,'UNIQUE',NULL,NULL,45,1),
	(503,'22CE014','CONCEPTUAL PLANNING AND BYE LAWS',1,3,3,0,0,0,'PE - Professional Elective',40,60,100,45,0,0,0,0,'UNIQUE',NULL,NULL,45,1),
	(504,'22CE015','COST EFFECTIVE CONSTRUCTION AND GREEN BUILDING',1,3,3,0,0,0,'PE - Professional Elective',40,60,100,45,0,0,0,0,'UNIQUE',NULL,NULL,45,1),
	(505,'22CE016','PREFABRICATED STRUCTURES AND PREENGINEEREDBUILDING',1,3,3,0,0,0,'PE - Professional Elective',40,60,100,45,0,0,0,0,'UNIQUE',NULL,NULL,45,1),
	(506,'22CE017','ENERGY EFFICIENT BUILDINGS',1,3,3,0,0,0,'PE - Professional Elective',40,60,100,45,0,0,0,0,'UNIQUE',NULL,NULL,45,1),
	(507,'22CE018','CONSTRUCTION MANAGEMENT AND SAFETY ',1,3,3,0,0,0,'PE - Professional Elective',40,60,100,45,0,0,0,0,'UNIQUE',NULL,NULL,45,1),
	(508,'22CE019','GROUND IMPROVEMENT TECHNIQUES',1,3,3,0,0,0,'PE - Professional Elective',40,60,100,45,0,0,0,0,'UNIQUE',NULL,NULL,45,1),
	(509,'22CE020 ','GEOENVIRONMENTAL ENGINEERING',1,3,3,0,0,0,'PE - Professional Elective',40,60,100,45,0,0,0,0,'UNIQUE',NULL,NULL,45,1),
	(510,'22CE021','INTRODUCTION TO GEOTECHNICAL EARTHQUAKE ENGINEERING',1,3,3,0,0,0,'PE - Professional Elective',40,60,100,45,0,0,0,0,'UNIQUE',NULL,NULL,45,1),
	(511,'22CE022','REINFORCED SOIL STRUCTURES',1,3,3,0,0,0,'PE - Professional Elective',40,60,100,45,0,0,0,0,'UNIQUE',NULL,NULL,45,1),
	(512,'22CE023','ROCK MECHANICS AND APPLICATIONS',1,3,3,0,0,0,'PE - Professional Elective',40,60,100,45,0,0,0,0,'UNIQUE',NULL,NULL,45,1),
	(513,'22CE024','EARTH RETAINING STRUCTURES',1,3,3,0,0,0,'PE - Professional Elective',40,60,100,45,0,0,0,0,'UNIQUE',NULL,NULL,45,1),
	(514,'22CE025','URBAN TRANSPORTATION PLANNING AND SYSTEMS',1,1,3,0,0,0,'PE - Professional Elective',40,60,100,45,0,0,0,0,'UNIQUE',NULL,NULL,45,1),
	(515,'22CE026','MASS TRANSPORTATION SYSTEMS',1,3,3,0,0,0,'PE - Professional Elective',40,60,100,45,0,0,0,0,'UNIQUE',NULL,NULL,45,1),
	(516,'22AI035','BUSINESS ANALYTICS',1,3,45,0,0,0,'PE - Professional Elective',40,60,100,675,0,0,0,0,'UNIQUE',NULL,NULL,675,1),
	(517,'22AI036 ','DIGITAL MARKETING AND MANAGEMENT',1,3,45,0,0,0,'PE - Professional Elective',40,60,100,675,0,0,0,0,'UNIQUE',NULL,NULL,675,1),
	(518,'22AI037','TIME SERIES ANALYSIS AND FORECASTING',1,3,45,0,0,0,'PE - Professional Elective',40,60,100,675,0,0,0,0,'UNIQUE',NULL,NULL,675,1),
	(519,'22AI038 ','HUMAN COMPUTER INTERACTION',1,3,45,0,0,0,'PE - Professional Elective',40,60,100,675,0,0,0,0,'UNIQUE',NULL,NULL,675,1),
	(520,'22AI039 ','PATTERN RECOGNITION ',1,3,0,0,0,0,'PE - Professional Elective',39,60,99,0,0,0,0,0,'UNIQUE',NULL,NULL,0,1),
	(521,'22AI040 ','ETHICS AND AI',1,3,45,0,0,0,'PE - Professional Elective',40,60,100,675,0,0,0,0,'UNIQUE',NULL,NULL,675,1),
	(522,'22AI041','MULTIMEDIA AND ANIMATION',3,3,30,0,30,0,'PE - Professional Elective',40,60,100,450,0,450,0,0,'UNIQUE',NULL,NULL,900,1),
	(523,'22AI042 ','SOFTWARE PROJECT MANAGEMENT',1,3,45,0,0,0,'PE - Professional Elective',40,60,100,675,0,0,0,0,'UNIQUE',NULL,NULL,675,1),
	(524,'22AI043 ','PYTHON FOR DATA SCIENCE ',1,3,45,0,0,0,'PE - Professional Elective',40,60,100,675,0,0,0,0,'UNIQUE',NULL,NULL,675,1),
	(525,'22AI044 ','EXPLORATORY DATA ANALYSIS',3,3,30,0,30,0,'PE - Professional Elective',40,60,100,450,0,450,0,0,'UNIQUE',NULL,NULL,900,1),
	(526,'22AI045','FUNDAMENTALS OF MACHINE LEARNING',1,3,45,0,0,0,'PE - Professional Elective',40,60,100,675,0,0,0,0,'UNIQUE',NULL,NULL,675,1),
	(527,'22AI046','DEEP LEARNING ESSENTIALS',1,3,45,0,0,0,'PE - Professional Elective',40,60,100,675,0,0,0,0,'UNIQUE',NULL,NULL,675,1),
	(528,'22AI047 ','TEXT AND SPEECH ANALYSIS',1,3,45,0,0,0,'PE - Professional Elective',40,60,100,675,0,0,0,0,'UNIQUE',NULL,NULL,675,1),
	(529,'22AI048 ','COMPUTER VISION AND IMAGE PROCESSING',1,3,45,0,0,0,'PE - Professional Elective',40,60,100,675,0,0,0,0,'UNIQUE',NULL,NULL,675,1),
	(530,'22AI049 ','ETHICS IN DATA SCIENCE ',1,3,45,0,0,0,'PE - Professional Elective',40,60,100,675,0,0,0,0,'UNIQUE',NULL,NULL,675,1),
	(531,'22OAI01','FUNDAMENTALS OF DATA SCIENCE',1,3,45,0,0,0,'PE - Professional Elective',40,60,100,675,0,0,0,0,'UNIQUE',NULL,NULL,675,0),
	(532,'22AIH07','VIRTUALIZATION IN CLOUD COMPUTING',1,3,45,0,0,0,'PE - Professional Elective',40,60,100,675,0,0,0,0,'UNIQUE',NULL,NULL,675,1),
	(533,'22AIH08','CLOUD SERVICES AND DATA MANAGEMENT',1,3,45,0,0,0,'PE - Professional Elective',40,60,100,675,0,0,0,0,'UNIQUE',NULL,NULL,675,1),
	(534,'22AIH09 ','CLOUD STORAGE TECHNOLOGIES',1,3,45,0,0,0,'PE - Professional Elective',40,60,100,675,0,0,0,0,'UNIQUE',NULL,NULL,675,1),
	(535,'22AIH10','CLOUD AUTOMATION TOOLS AND APPLICATIONS',1,3,45,0,0,0,'PE - Professional Elective',40,60,100,645,0,0,0,0,'UNIQUE',NULL,NULL,645,1),
	(536,'22AIH11 ','SOFTWARE DEFINED NETWORKS',3,3,30,0,30,0,'PE - Professional Elective',40,60,100,450,0,450,0,0,'UNIQUE',NULL,NULL,900,1),
	(537,'22AIH12','SECURITY AND PRIVACY IN CLOUD',1,3,45,0,0,0,'PE - Professional Elective',40,60,100,675,0,0,0,0,'UNIQUE',NULL,NULL,675,1),
	(538,'22AIH13','CYBER SECURITY ',1,3,45,0,0,0,'PE - Professional Elective',40,60,100,675,0,0,0,0,'UNIQUE',NULL,NULL,675,1),
	(539,'22AIH14 ',' MODERN CRYPTOGRAPHY',1,3,45,0,0,0,'PE - Professional Elective',40,60,100,630,0,0,0,0,'UNIQUE',NULL,NULL,630,1),
	(540,'22AIH15','CYBER FORENSICS ',1,3,45,0,0,0,'PE - Professional Elective',40,60,100,675,0,0,0,0,'UNIQUE',NULL,NULL,675,1),
	(541,'22AIH16','ETHICAL HACKING',1,3,45,0,0,0,'PE - Professional Elective',40,60,100,675,0,0,0,0,'UNIQUE',NULL,NULL,675,1),
	(542,'22AIH17','CRYPTOCURRENCY AND BLOCKCHAIN TECHNOLOGIES',3,3,30,0,30,0,'PE - Professional Elective',40,60,100,450,0,450,0,0,'UNIQUE',NULL,NULL,900,1),
	(543,'22AIH18 ','MALWARE ANALYSIS ',1,3,45,0,0,0,'PE - Professional Elective',40,60,100,570,0,0,0,0,'UNIQUE',NULL,NULL,570,1),
	(544,'22AIM43','PYTHON FOR DATA SCIENCE',1,3,45,0,0,0,'PE - Professional Elective',40,60,100,675,0,0,0,0,'UNIQUE',NULL,NULL,675,1),
	(545,'22AIM44','EXPLORATORY DATA ANALYSIS',3,3,30,0,30,0,'PE - Professional Elective',40,60,100,450,0,420,0,0,'UNIQUE',NULL,NULL,870,1),
	(546,'22AIM45 ','FUNDAMENTALS OF MACHINE LEARNING',1,3,45,0,0,0,'PE - Professional Elective',40,60,100,675,0,0,0,0,'UNIQUE',NULL,NULL,675,1),
	(547,'22AIM46 ','DEEP LEARNING ESSENTIALS',1,3,45,0,0,0,'PE - Professional Elective',40,60,100,630,0,0,0,0,'UNIQUE',NULL,NULL,630,1),
	(548,'22AIM47 ','TEXT AND SPEECH ANALYSIS',1,3,45,0,0,0,'PE - Professional Elective',40,60,100,600,0,0,0,0,'UNIQUE',NULL,NULL,600,1),
	(549,'22AIM48 ','COMPUTER VISION AND IMAGE PROCESSING',1,3,45,0,0,0,'PE - Professional Elective',40,60,100,585,0,0,0,0,'UNIQUE',NULL,NULL,585,1),
	(550,'22AIM49','ETHICS IN DATA SCIENCE ',1,3,45,0,0,0,'PE - Professional Elective',40,60,100,675,0,0,0,0,'UNIQUE',NULL,NULL,675,1),
	(551,'22AI0XA','MACHINE LEARNING IN INTERNET OF ROBOTIC THINGS (IoRT)',1,1,15,0,0,0,'EEC - Employability Enhancement Course',40,60,100,225,0,0,0,0,'UNIQUE',NULL,NULL,225,1),
	(552,'22AI0XB','AUGMENTED REALITY',1,1,15,0,0,0,'EEC - Employability Enhancement Course',40,60,100,225,0,0,0,0,'UNIQUE',NULL,NULL,225,1),
	(553,'22AI0XC','STATISTICAL MODELLING IN R PROGRAMMING ',1,1,15,0,0,0,'EEC - Employability Enhancement Course',40,60,100,225,0,0,0,0,'UNIQUE',NULL,NULL,225,1),
	(554,'22AI0XD ','NODE.JS',1,1,15,0,0,0,'EEC - Employability Enhancement Course',40,60,100,225,0,0,0,0,'UNIQUE',NULL,NULL,225,1),
	(555,'22AI0XE ','MLOps ESSENTIALS',1,1,15,0,0,0,'EEC - Employability Enhancement Course',40,60,100,225,0,0,0,0,'UNIQUE',NULL,NULL,225,1),
	(556,'22AI0XF','APACHE KAFKA',1,1,15,0,0,0,'EEC - Employability Enhancement Course',40,60,100,225,0,0,0,0,'UNIQUE',NULL,NULL,225,1),
	(557,'22AI0XG ','FULL STACK DEVELOPMENT USING ADAPTIVE AI ',1,1,15,0,0,0,'EEC - Employability Enhancement Course',40,60,100,225,0,0,0,0,'UNIQUE',NULL,NULL,225,1),
	(558,'22AI0XH','DEMYSTIFYING DIALOGUECRAFT AI AND APPLICATIONS',1,1,15,0,0,0,'EEC - Employability Enhancement Course',40,60,100,225,0,0,0,0,'UNIQUE',NULL,NULL,225,1),
	(559,'22AI0XI ','AI BASED DEEPFAKE IMAGE CREATION ',1,1,15,0,0,0,'EEC - Employability Enhancement Course',40,60,100,225,0,0,0,0,'UNIQUE',NULL,NULL,225,1),
	(560,'NA','PROFESSIONAL ELECTIVE I ',5,3,0,0,0,0,'PE - Professional Elective',40,60,100,0,0,0,0,0,'UNIQUE',NULL,NULL,0,1),
	(561,'NA','PROFESSIONAL ELECTIVE II',5,3,0,0,0,0,'PE - Professional Elective',40,60,100,0,0,0,0,0,'UNIQUE',NULL,NULL,0,1),
	(562,'NA','OPEN ELECTIVE',5,3,45,0,0,0,'PE - Professional Elective',40,60,100,675,0,0,0,0,'UNIQUE',NULL,NULL,675,1),
	(563,'NA','PROFESSIONAL ELECTIVE III',5,3,0,0,0,0,'PE - Professional Elective',40,60,100,0,0,0,0,0,'UNIQUE',NULL,NULL,0,1),
	(564,'NA','PROFESSIONAL ELECTIVE IV ',5,3,0,0,0,0,'PE - Professional Elective',40,60,100,0,0,0,0,0,'UNIQUE',NULL,NULL,0,1),
	(565,'NA','PROFESSIONAL ELECTIVE V',5,3,0,0,0,0,'PE - Professional Elective',40,60,100,0,0,0,0,0,'UNIQUE',NULL,NULL,0,1),
	(566,'NA','PROFESSIONAL ELECTIVE VI ',5,3,0,0,0,0,'PE - Professional Elective',40,60,100,0,0,0,0,0,'UNIQUE',NULL,NULL,0,1),
	(567,'NA','PROFESSIONAL ELECTIVE VII',5,3,0,0,0,0,'PE - Professional Elective',40,60,100,0,0,0,0,0,'UNIQUE',NULL,NULL,0,1),
	(568,'NA','PROFESSIONAL ELECTIVE VII',5,3,0,0,0,0,'PE - Professional Elective',40,60,100,0,0,0,0,0,'UNIQUE',NULL,NULL,0,1),
	(569,'NA','PROFESSIONAL ELECTIVE IX ',5,3,0,0,0,0,'PE - Professional Elective',40,60,100,0,0,0,0,0,'UNIQUE',NULL,NULL,0,1),
	(570,'22OCE01','ENERGY CONSERVATION AND MANAGEMENT',1,3,45,0,0,0,'OE - Open Elective',40,60,100,675,0,0,0,0,'UNIQUE',NULL,NULL,675,1),
	(571,'22OCE02','COST MANAGEMENT OF ENGINEERING PROJECTS',1,3,45,0,45,0,'OE - Open Elective',40,60,100,675,0,0,0,0,'UNIQUE',NULL,NULL,675,1),
	(572,'22OEC02','MICROCONTROLLER PROGRAMMING ',1,3,45,0,0,0,'OE - Open Elective',40,60,100,675,0,0,0,0,'UNIQUE',NULL,NULL,675,1),
	(573,'22OEC03 ','PRINCIPLES OF COMMUNICATION SYSTEMS',1,3,45,0,0,0,'OE - Open Elective',40,60,100,675,0,0,0,0,'UNIQUE',NULL,NULL,675,1),
	(574,'22OEI01','PROGRAMMABLE LOGIC CONTROLLER',1,3,0,0,0,0,'OE - Open Elective',40,60,100,0,0,0,0,0,'UNIQUE',NULL,NULL,0,1),
	(575,'22OEI02','SENSOR TECHNOLOGY',1,3,0,0,0,0,'OE - Open Elective',40,60,100,0,0,0,0,0,'UNIQUE',NULL,NULL,0,1),
	(576,'22OEI03','FUNDAMENTALS OF VIRTUAL INSTRUMENTATION',1,3,45,0,0,0,'OE - Open Elective',40,60,100,675,0,0,0,0,'UNIQUE',NULL,NULL,675,1),
	(577,'22OEI04','OPTOELECTRONICS AND LASER INSTRUMENTATION',1,3,45,0,0,0,'OE - Open Elective',40,60,100,675,0,0,0,0,'UNIQUE',NULL,NULL,675,1),
	(578,'22OME0','DIGITAL MANUFACTURING',1,3,45,0,0,0,'OE - Open Elective',40,60,100,675,0,0,0,0,'UNIQUE',NULL,NULL,675,1),
	(579,'22OME02','INDUSTRIAL PROCESS ENGINEERING',1,3,45,0,0,0,'OE - Open Elective',40,60,100,675,0,0,0,0,'UNIQUE',NULL,NULL,675,1),
	(580,'22OME03','MAINTENANCE ENGINEERING',1,3,45,0,0,0,'OE - Open Elective',40,60,100,675,0,0,0,0,'UNIQUE',NULL,NULL,675,1),
	(581,'22OME04 ','SAFETY ENGINEERING ',1,3,45,0,0,0,'OE - Open Elective',40,60,100,675,0,0,0,0,'UNIQUE',NULL,NULL,675,1),
	(582,'22OBT01','BIOFUELS',1,3,45,0,0,0,'OE - Open Elective',40,60,100,675,0,0,0,0,'UNIQUE',NULL,NULL,675,1),
	(583,'22OFD01','TRADITIONAL FOODS',1,3,45,0,0,0,'OE - Open Elective',40,60,100,675,0,0,0,0,'UNIQUE',NULL,NULL,675,1),
	(584,'22OFD02 ','FOOD LAWS AND REGULATIONS',1,3,45,0,0,0,'OE - Open Elective',40,60,100,675,0,0,0,0,'UNIQUE',NULL,NULL,675,1),
	(585,'22OFD03','POST HARVEST TECHNOLOGY OF FRUITS AND VEGETABLES',1,3,45,0,0,0,'OE - Open Elective',40,60,100,675,0,0,0,0,'UNIQUE',NULL,NULL,675,1),
	(586,'22OFD04','CEREAL, PULSES AND OILSEED TECHNOLOGY ',1,3,45,0,0,0,'OE - Open Elective',40,60,100,675,0,0,0,0,'UNIQUE',NULL,NULL,675,1),
	(587,'22OFT01','FASHION CRAFTSMANSHIP',1,3,45,0,0,0,'OE - Open Elective',40,60,100,675,0,0,0,0,'UNIQUE',NULL,NULL,675,1),
	(588,'22OFT02 ','INTERIOR DESIGN IN FASHION ',1,3,45,0,0,0,'OE - Open Elective',40,60,100,675,0,0,0,0,'UNIQUE',NULL,NULL,675,1),
	(589,'22OFT03 ','SURFACE ORNAMENTATION',1,3,45,0,0,0,'OE - Open Elective',40,60,100,675,0,0,0,0,'UNIQUE',NULL,NULL,675,1),
	(590,'22OPH02','SEMICONDUCTOR PHYSICS AND DEVICES ',1,3,45,0,0,0,'OE - Open Elective',40,60,100,675,0,0,0,0,'UNIQUE',NULL,NULL,675,1),
	(591,'22OPH03 ','APPLIED LASER SCIENCE',1,3,45,0,0,0,'OE - Open Elective',40,60,100,675,0,0,0,0,'UNIQUE',NULL,NULL,675,1),
	(592,'22OPH04 ','BIOPHOTONICS',1,3,45,0,0,0,'OE - Open Elective',40,60,100,675,0,0,0,0,'UNIQUE',NULL,NULL,675,1),
	(593,'22OPH05 ','PHYSICS OF SOFT MATTER',1,3,45,0,0,0,'OE - Open Elective',40,60,100,675,0,0,0,0,'UNIQUE',NULL,NULL,675,1),
	(594,'22OCH01','CORROSION SCIENCE AND ENGINEERING',1,3,45,0,0,0,'OE - Open Elective',40,60,100,675,0,0,0,0,'UNIQUE',NULL,NULL,675,1),
	(595,'22OCH02','POLYMER SCIENCE ',1,3,45,0,0,0,'OE - Open Elective',40,60,100,675,0,0,0,0,'UNIQUE',NULL,NULL,675,1),
	(596,'22OCH03 ','ENERGY STORING DEVICES',1,3,45,0,0,0,'OE - Open Elective',40,60,100,675,0,0,0,0,'UNIQUE',NULL,NULL,675,1),
	(597,'22OGE01','PRINCIPLES OF MANAGEMENT ',1,3,45,0,0,0,'OE - Open Elective',40,60,100,675,0,0,0,0,'UNIQUE',NULL,NULL,675,1),
	(598,'22OGE02 ','ENTREPRENEURSHIP DEVELOPMENT I',1,3,45,0,0,0,'OE - Open Elective',40,60,100,675,0,0,0,0,'UNIQUE',NULL,NULL,675,1),
	(599,'22OGE03','ENTREPRENEURSHIP DEVELOPMENT II',1,3,45,0,0,0,'OE - Open Elective',40,60,100,675,0,0,0,0,'UNIQUE',NULL,NULL,675,1),
	(600,'22OGE04','NATION BUILDING, LEADERSHIP AND SOCIAL RESPONSIBILITY',1,3,45,0,0,0,'OE - Open Elective',40,60,100,675,0,0,0,0,'UNIQUE',NULL,NULL,675,1),
	(601,'22OBM01','OCCUPATIONAL SAFETY AND HEALTH IN PUBLIC HEALTH EMERGENCIES',1,3,45,0,0,0,'OE - Open Elective',40,60,100,675,0,0,0,0,'UNIQUE',NULL,NULL,675,1),
	(602,'22OBM02','AMBULANCE AND EMERGENCY MEDICAL SERVICE MANAGEMENT',1,3,45,0,0,0,'OE - Open Elective',40,60,100,675,0,0,0,0,'UNIQUE',NULL,NULL,675,1),
	(603,'22OBM03','HOSPITAL AUTOMATION ',1,3,45,0,0,0,'OE - Open Elective',40,60,100,675,0,0,0,0,'UNIQUE',NULL,NULL,675,1),
	(604,'22OAG01','RAIN WATER HARVESTING TECHNIQUES',1,3,45,0,0,0,'OE - Open Elective',40,60,100,675,0,0,0,0,'UNIQUE',NULL,NULL,675,1),
	(605,'22OEE01 ','VALUE ENGINEERING',1,3,45,0,0,0,'OE - Open Elective',40,60,100,675,0,0,0,0,'UNIQUE',NULL,NULL,675,1),
	(606,'22OEE02 ','ELECTRICAL SAFETY',1,3,45,0,0,0,'OE - Open Elective',40,60,100,675,0,0,0,0,'UNIQUE',NULL,NULL,675,1),
	(607,'22OCB01','INTERNATIONAL BUSINESS MANAGEMENT',1,3,45,0,0,0,'OE - Open Elective',40,60,100,675,0,0,0,0,'UNIQUE',NULL,NULL,675,1),
	(608,'22OAI01 ','FUNDAMENTALS OF DATA SCIENCE',1,3,45,0,0,0,'OE - Open Elective',40,60,100,675,0,0,0,0,'UNIQUE',NULL,NULL,675,1),
	(609,'22HS201 ','COMMUNICATIVE ENGLISH II',3,2,15,0,30,0,'HSS - Humanities and Social Sciences',40,60,100,225,0,450,0,0,'UNIQUE',NULL,NULL,675,1),
	(610,'22CS007','AGILE SOFTWARE DEVELOPMENT',1,3,3,0,0,0,'PE - Professional Elective',40,60,100,45,0,0,0,0,'UNIQUE',NULL,NULL,45,0),
	(611,'22CS039','INTERNET OF THINGS',1,3,3,0,0,0,'PE - Professional Elective',40,60,100,45,0,0,0,0,'UNIQUE',NULL,NULL,45,1),
	(612,'22CS007','AGILE SOFTWARE DEVELOPMENT',1,3,3,0,0,0,'PE - Professional Elective',40,60,100,45,0,0,0,0,'UNIQUE',NULL,NULL,45,1),
	(613,'22CS008','UI AND UX DESIGN',1,3,3,0,0,0,'PE - Professional Elective',40,60,100,45,0,0,0,0,'UNIQUE',NULL,NULL,45,1),
	(614,'22CB031','INTRODUCTION TO INNOVATION IP MANAGEMENT AND ENTREPRENEURSHIP ',1,3,3,0,0,0,'PE - Professional Elective',40,60,100,45,0,0,0,0,'UNIQUE',NULL,NULL,45,1),
	(615,'22AG040 ','TECHNOLOGY OF SEED PROCESSING',1,3,3,0,0,0,'PE - Professional Elective',40,60,100,45,0,0,0,0,'UNIQUE',NULL,NULL,45,1),
	(616,'22CT025','MULTIMEDIA AND ANIMATION',3,3,2,0,2,0,'PE - Professional Elective',50,50,100,30,0,30,0,0,'UNIQUE',NULL,NULL,60,1),
	(617,'22CS002','RECOMMENDER SYSTEMS ',1,3,3,0,0,0,'PE - Professional Elective',40,60,100,45,0,0,0,0,'UNIQUE',NULL,NULL,45,1),
	(618,'22CS031','SOFT COMPUTING',1,3,3,0,0,0,'PE - Professional Elective',40,60,100,45,0,0,0,0,'UNIQUE',NULL,NULL,45,1),
	(619,'22CD019','MULTIMEDIA AND ANIMATION ',3,3,2,0,2,0,'PE - Professional Elective',50,50,100,30,0,30,0,0,'UNIQUE',NULL,NULL,60,1),
	(620,'22CB021','MACHINE LEARNING',1,3,3,0,0,0,'PE - Professional Elective',40,60,100,45,0,0,0,0,'UNIQUE',NULL,NULL,45,1),
	(621,'22BT046','BIOSAFETY AND HAZARD MANAGEMENT',1,3,3,0,0,0,'PE - Professional Elective',40,60,100,45,0,0,0,0,'UNIQUE',NULL,NULL,45,1),
	(622,'22BM031 ','MEDICAL OPTICS ',3,3,3,0,3,0,'PE - Professional Elective',40,60,100,45,0,45,0,0,'UNIQUE',NULL,NULL,90,1),
	(623,'22AG001','HUMAN ENGINEERING AND SAFETY',1,3,3,0,0,0,'PE - Professional Elective',40,60,100,45,0,0,0,0,'UNIQUE',NULL,NULL,45,1),
	(624,'22MC007','CNC TECHNOLOGY',1,3,3,0,0,0,'PE - Professional Elective',40,60,100,45,0,0,0,0,'UNIQUE',NULL,NULL,45,1),
	(625,'22ME010','ADVANCED CASTING AND FORMING PROCESSES ',1,3,3,0,0,0,'PE - Professional Elective',40,60,100,45,0,0,0,0,'UNIQUE',NULL,NULL,45,1),
	(626,'22IT019','CYBER SECURITY',1,4,45,0,0,0,'PE - Professional Elective',40,60,100,675,0,0,0,0,'UNIQUE',NULL,NULL,675,1),
	(627,'22IS013 ','CYBER SECURITY',1,3,3,0,0,0,'PE - Professional Elective',40,60,100,45,0,0,0,0,'UNIQUE',NULL,NULL,45,0),
	(628,'22FD040','BEVERAGE TECHNOLOGY',1,3,3,0,0,0,'PE - Professional Elective',40,60,100,45,0,0,0,0,'UNIQUE',NULL,NULL,45,1),
	(629,'22EI016','INSTRUMENTATION IN PETROCHEMICAL INDUSTRIES',1,3,3,0,0,0,'PE - Professional Elective',40,60,100,45,0,0,0,0,'UNIQUE',NULL,NULL,45,1),
	(630,'22EC015','ASIC DESIGN',1,3,3,0,0,0,'PE - Professional Elective',40,60,100,45,0,0,0,0,'UNIQUE',NULL,NULL,45,1),
	(631,'22EC046','AUTOMOTIVE ELECTRONICS AND NETWORKING',1,3,3,0,0,0,'PE - Professional Elective',40,60,100,45,0,0,0,0,'UNIQUE',NULL,NULL,45,1),
	(632,'22EE020 ','WIND POWER TECHNOLOGY ',1,2,3,0,0,0,'PE - Professional Elective',40,60,100,45,0,0,0,0,'UNIQUE',NULL,NULL,45,1),
	(633,'22CT019','CYBER SECURITY ',1,3,3,0,0,0,'PE - Professional Elective',40,60,100,45,0,0,0,0,'UNIQUE',NULL,NULL,45,1),
	(634,'22CS035','SOFTWARE QUALITY ASSURANCE',1,3,3,0,0,0,'PE - Professional Elective',40,60,100,45,0,0,0,0,'UNIQUE',NULL,NULL,45,1),
	(635,'22CS011','SOFTWARE TESTING AND AUTOMATION',1,3,3,0,0,0,'PE - Professional Elective',40,60,100,45,0,0,0,0,'UNIQUE',NULL,NULL,45,1),
	(636,'22CD023 ',' DIGITAL MARKETING',1,3,3,0,0,0,'PE - Professional Elective',40,60,100,45,0,0,0,0,'UNIQUE',NULL,NULL,45,1),
	(637,'22CB008 ','MODERN WEB APPLICATIONS ',1,3,3,0,0,0,'PE - Professional Elective',40,60,100,45,0,0,0,0,'UNIQUE',NULL,NULL,45,1),
	(638,'22BT042','CLINICAL TRIALS AND HEALTHCARE POLICIESIN BIOTECHNOLOGY ',1,3,3,0,0,0,'PE - Professional Elective',40,60,100,45,0,0,0,0,'UNIQUE',NULL,NULL,45,1),
	(639,'22BT036','MOLECULAR THERAPEUTICS AND DIAGNOSTICS',1,3,3,0,0,0,'PE - Professional Elective',40,60,100,45,0,0,0,0,'UNIQUE',NULL,NULL,45,1),
	(640,'22BM005','ADVANCED MEDICAL IMAGE ANALYSIS',1,3,3,0,0,0,'PE - Professional Elective',40,60,100,45,0,0,0,0,'UNIQUE',NULL,NULL,45,1),
	(641,'22AG008 ','GROUNDWATER, WELLS AND PUMPS',1,3,3,0,0,0,'PE - Professional Elective',40,60,100,45,0,0,0,0,'UNIQUE',NULL,NULL,45,1),
	(642,'22CB604 ','IT WORKSHOP',3,3,2,0,2,0,'PE - Professional Elective',50,50,100,30,0,30,0,0,'UNIQUE',NULL,NULL,60,1),
	(643,'22MC603','FLUID POWER SYSTEM',3,4,2,1,2,0,'PC - Professional Core',50,50,100,30,15,30,0,0,'UNIQUE',NULL,NULL,75,1),
	(644,'22ME603','COMPUTER AIDED MANUFACTURING ',3,3,2,0,2,0,'PC - Professional Core',50,50,100,30,0,30,0,0,'UNIQUE',NULL,NULL,60,1),
	(645,'22IT603 ','CLOUD COMPUTING',3,4,45,0,30,0,'PC - Professional Core',50,50,100,675,0,450,0,0,'UNIQUE',NULL,NULL,1125,1),
	(646,'22FD603','FOOD INSTRUMENTATION AND ANALYSIS',3,4,3,0,2,0,'PC - Professional Core',50,50,100,45,0,30,0,0,'UNIQUE',NULL,NULL,75,1),
	(647,'22EI603','ARTIFICIAL INTELLIGENCE AND MACHINE LEARNING',3,4,3,0,2,0,'PC - Professional Core',50,49,99,45,0,30,0,0,'UNIQUE',NULL,NULL,75,1),
	(648,'22EE603','RENEWABLE AND DISTRIBUTED ENERGY SOURCES',3,4,3,0,2,0,'PC - Professional Core',50,50,100,45,0,30,0,0,'UNIQUE',NULL,NULL,75,1),
	(649,'22CS603','CLOUD COMPUTING ',3,4,3,0,2,0,'PC - Professional Core',50,50,100,45,0,30,0,0,'UNIQUE',NULL,NULL,75,1),
	(650,'22CD603','HUMAN COMPUTER INTERACTION',1,3,3,0,0,0,'PC - Professional Core',40,60,100,45,0,0,0,0,'UNIQUE',NULL,NULL,45,1),
	(651,'22CB603','ARTIFICIAL INTELLIGENCE',3,4,3,0,2,0,'PC - Professional Core',50,50,100,45,0,30,0,0,'UNIQUE',NULL,NULL,75,1),
	(652,'22BM603','ARTIFICIAL INTELLIGENCE AND MACHINE LEARNING',3,4,3,0,2,0,'PC - Professional Core',50,50,100,45,0,30,0,0,'UNIQUE',NULL,NULL,75,1),
	(653,'22AG603',' IRRIGATION AND DRAINAGE ENGINEERING',3,4,3,0,2,0,'PC - Professional Core',50,50,100,45,0,30,0,0,'UNIQUE',NULL,NULL,75,1),
	(654,'22MC602',' POWER ELECTRONICS AND DRIVES ',3,4,3,0,2,0,'PC - Professional Core',50,49,99,45,0,30,0,0,'UNIQUE',NULL,NULL,75,1),
	(655,'22FD602',' FOOD EQUIPMENT DESIGN',1,4,3,1,0,0,'PC - Professional Core',40,60,100,45,15,0,0,0,'UNIQUE',NULL,NULL,60,1),
	(656,'22EI602','DIGITAL SIGNAL PROCESSING',1,4,3,1,0,0,'PC - Professional Core',40,60,100,45,15,0,0,0,'UNIQUE',NULL,NULL,60,1),
	(657,'22EE602','DIGITAL SIGNAL PROCESSING',1,4,3,1,0,0,'PC - Professional Core',40,60,100,45,15,0,0,0,'UNIQUE',NULL,NULL,60,1),
	(658,'22CS602','PRINCIPLES OF COMPILER DESIGN',1,4,3,1,0,0,'PC - Professional Core',40,60,100,45,15,0,0,0,'UNIQUE',NULL,NULL,60,1),
	(659,'22CD602 ','PRINCIPLES OF COMPILER DESIGN',1,4,3,1,0,0,'PC - Professional Core',40,60,100,45,15,0,0,0,'UNIQUE',NULL,NULL,60,1),
	(660,'22CB602','INFORMATION SECURITY ',1,3,3,0,0,0,'PC - Professional Core',40,60,100,45,0,0,0,0,'UNIQUE',NULL,NULL,45,1),
	(661,'22BM602','BIOMECHANICS',3,4,3,0,2,0,'PC - Professional Core',49,50,99,45,0,30,0,0,'UNIQUE',NULL,NULL,75,1),
	(662,'22AG602','POST HARVEST TECHNOLOGY',3,4,3,0,2,0,'PC - Professional Core',50,48,98,45,0,30,0,0,'UNIQUE',NULL,NULL,75,1),
	(663,'22MC601 ','INDUSTRIAL AUTOMATION AND IoT',3,4,3,0,2,0,'PC - Professional Core',50,50,100,45,0,30,0,0,'UNIQUE',NULL,NULL,75,1),
	(664,'22FD601 ','FOOD PROCESSING PLANT DESIGN ANDLAYOUT',3,4,3,0,2,0,'PC - Professional Core',50,49,99,45,0,30,0,0,'UNIQUE',NULL,NULL,75,1),
	(665,'22EI601 ','PROCESS CONTROL ',3,4,3,0,2,0,'PC - Professional Core',50,50,100,45,0,30,0,0,'UNIQUE',NULL,NULL,75,1),
	(666,'22EE601','POWER SYSTEM PROTECTION AND SWITCHGEAR',1,3,3,0,0,0,'PC - Professional Core',40,60,100,45,0,0,0,0,'UNIQUE',NULL,NULL,45,1),
	(667,'22CS601','CRYPTOGRAPHY AND NETWORK SECURITY',1,3,3,0,0,0,'PC - Professional Core',40,60,100,45,0,0,0,0,'UNIQUE',NULL,NULL,45,1),
	(668,'22CD601 ','FOUNDATIONS OF ARTIFICIAL INTELLIGENCE',3,4,3,0,2,0,'PC - Professional Core',50,50,100,45,0,30,0,0,'UNIQUE',NULL,NULL,75,1),
	(669,'22CB601 ','1 COMPUTER NETWORKS',3,4,3,0,2,0,'PC - Professional Core',40,60,100,45,0,30,0,0,'UNIQUE',NULL,NULL,75,1),
	(670,'22BM601','DIAGNOSTIC AND THERAPEUTIC EQUIPMENT',3,4,3,0,2,0,'PC - Professional Core',50,50,100,45,0,30,0,0,'UNIQUE',NULL,NULL,75,1),
	(671,'22AG601','FARM IMPLEMENTS AND EQUIPMENT',3,4,3,0,2,0,'PC - Professional Core',50,50,100,45,0,30,0,0,'UNIQUE',NULL,NULL,75,1),
	(672,'22FD008','NON- THERMAL PROCESSING TECHNIQUES',1,3,3,0,0,0,'PE - Professional Elective',40,60,100,45,0,0,0,0,'UNIQUE',NULL,NULL,45,1),
	(673,'22EI017','FIBER OPTICS AND LASER INSTRUMENTATION',1,3,3,0,0,0,'PE - Professional Elective',40,60,100,45,0,0,0,0,'UNIQUE',NULL,NULL,45,1),
	(674,'22EE035','ENERGY AUDITING AND MANAGEMENT',1,3,3,0,0,0,'PE - Professional Elective',40,60,100,45,0,0,0,0,'UNIQUE',NULL,NULL,45,1),
	(675,'22IS013 ','CYBER SECURITY',1,3,3,0,0,0,'PE - Professional Elective',40,60,100,45,0,0,0,0,'UNIQUE',NULL,NULL,45,1),
	(676,'22IS603','INFORMATION CODING TECHNIQUES',1,4,3,1,0,0,'PC - Professional Core',40,60,100,45,15,0,0,0,'UNIQUE',NULL,NULL,60,1),
	(677,'22IS602 ','CRYPTOGRAPHY AND INFORMATION SECURITY',1,3,3,0,0,0,'PC - Professional Core',40,60,100,45,0,0,0,0,'UNIQUE',NULL,NULL,45,1),
	(678,'22IS601','NATURAL LANGUAGE PROCESSING TECHNIQUES ',1,3,3,0,0,0,'PC - Professional Core',40,60,100,45,0,0,0,0,'UNIQUE',NULL,NULL,45,1),
	(679,'22EI014','ANALYTICAL INSTRUMENTS ',1,3,3,0,0,0,'PE - Professional Elective',40,60,100,45,0,0,0,0,'UNIQUE',NULL,NULL,45,1),
	(680,'22EC040','PYTHON PROGRAMMING FOR AI AND ML',1,3,3,0,0,0,'PE - Professional Elective',40,60,100,45,0,0,0,0,'UNIQUE',NULL,NULL,45,1),
	(681,'22EE033','ILLUMINATION ENGINEERING',1,3,3,0,0,0,'PE - Professional Elective',40,60,100,45,0,0,0,0,'UNIQUE',NULL,NULL,45,1),
	(682,'22EE007','ADVANCED POWER SEMICONDUCTOR DEVICES',1,2,3,0,0,0,'PC - Professional Core',40,60,100,45,0,0,0,0,'UNIQUE',NULL,NULL,45,1),
	(683,'dlkjdjlkd','dflskfd',3,3,3,3,3,0,'BS - Basic Sciences',40,60,100,45,45,45,0,0,'UNIQUE',NULL,NULL,135,1),
	(684,'eewwer','werwer',1,3,2,3,0,0,'BS - Basic Sciences',40,60,100,30,45,0,0,0,'UNIQUE',NULL,NULL,75,1),
	(685,'22EE402','ELECTRICAL MACHINES II',2,4,3,0,2,0,'PC',50,50,100,0,0,30,0,0,'UNIQUE',NULL,NULL,30,1),
	(686,'22EE403','MEASUREMENT AND INSTRUMENTATION',2,4,3,0,2,0,'PC',50,50,100,0,0,30,0,0,'UNIQUE',NULL,NULL,30,1),
	(687,'22EE404','DIGITAL LOGIC CIRCUIT DESIGN',2,4,3,0,2,0,'PC',50,50,100,0,0,30,0,0,'UNIQUE',NULL,NULL,30,1),
	(688,'22EE405','EMBEDDED SYSTEMS',2,4,3,0,2,0,'PC',50,50,100,0,0,30,0,0,'UNIQUE',NULL,NULL,30,1),
	(689,'22EI402','SENSORS AND TRANSDUCER',2,4,3,0,2,0,'PC',50,50,100,0,0,30,0,0,'UNIQUE',NULL,NULL,30,1),
	(690,'22EI403','ANALOG ELECTRONICS AND INTEGRATED CIRCUITS',2,4,3,0,2,0,'PC',50,50,100,0,0,30,0,0,'UNIQUE',NULL,NULL,30,1),
	(691,'22EI404','COMMUNICATION ENGINEERING',1,3,3,0,0,0,'PC',40,60,100,45,0,0,0,0,'UNIQUE',NULL,NULL,45,1),
	(692,'22EI405','EMBEDDED SYSTEMS',2,4,3,0,2,0,'PC',50,50,100,0,0,30,0,0,'UNIQUE',NULL,NULL,30,1),
	(693,'22MC402','SENSORS AND TRANSDUCER',2,4,3,0,2,0,'PC',50,50,100,0,0,30,0,0,'UNIQUE',NULL,NULL,30,1),
	(694,'22MC403','STRENGTH OF MATERIALS',3,4,2,1,2,0,'PC',50,50,100,30,15,30,0,0,'UNIQUE',NULL,NULL,75,1),
	(695,'22MC404','THEORY OF MACHINES',2,4,3,0,2,0,'PC',50,50,100,0,0,30,0,0,'UNIQUE',NULL,NULL,30,1),
	(696,'22MC405','EMBEDDED SYSTEM',2,4,3,0,2,0,'PC',50,50,100,0,0,30,0,0,'UNIQUE',NULL,NULL,30,1),
	(697,'22MC013','ELECTRIC AND HYBRID VEHICLES',1,3,3,0,0,0,'PE',40,60,100,45,0,0,0,0,'UNIQUE',NULL,NULL,45,1),
	(698,'22CS403','OPERATING SYSTEMS',1,4,3,1,0,0,'PC',40,60,100,45,15,0,0,0,'UNIQUE',NULL,NULL,60,1),
	(699,'22CS404','WEB TECHNOLOGY AND FRAMEWORKS',3,3,2,0,2,0,'PC',50,50,100,30,0,30,0,0,'UNIQUE',NULL,NULL,60,1),
	(700,'22CS405','DATABASE MANAGEMENT SYSTEM',3,4,3,0,2,0,'PC',50,50,100,45,0,30,0,0,'UNIQUE',NULL,NULL,75,1),
	(701,'22IT405','DATABASE MANAGEMENT SYSTEM,45',3,4,0,30,45,0,'PC',50,50,100,0,450,675,0,0,'UNIQUE',NULL,NULL,1125,1),
	(702,'22EE401','POWER GENERATION, TRANSMISSION AND DISTRIBUTION',1,4,3,1,0,0,'PC',40,60,100,45,15,0,0,0,'UNIQUE',NULL,NULL,60,1),
	(703,'22EI401','PROBABILITY, STATISTICS AND RANDOM PROCESS',1,4,3,1,0,0,'BS',40,60,100,45,15,0,0,0,'UNIQUE',NULL,NULL,60,1),
	(704,'22ME401','KINEMATICS AND DYNAMICS OF MACHINERY',3,4,2,1,2,0,'PC',50,50,100,30,15,30,0,0,'UNIQUE',NULL,NULL,75,1),
	(705,'22MC401','PROBABILITY, STATISTICS AND RANDOM PROCESS',1,4,3,1,0,0,'ES',40,60,100,45,15,0,0,0,'UNIQUE',NULL,NULL,60,1),
	(706,'22AG040','TECHNOLOGY OF SEED PROCESSING',1,3,3,0,0,0,'PE',40,60,100,45,0,0,0,0,'UNIQUE',NULL,NULL,45,1),
	(707,'22AG401','CROP PRODUCTION TECHNOLOGY',3,4,3,0,2,0,'PC',50,50,100,45,0,30,0,0,'UNIQUE',NULL,NULL,75,1),
	(708,'22AG402','HEAT AND MASS TRANSFER',3,4,3,0,2,0,'PC',50,50,100,45,0,30,0,0,'UNIQUE',NULL,NULL,75,1),
	(709,'22AG403','STRENGTH OF MATERIALS',3,4,2,1,2,0,'PC',50,50,100,30,15,30,0,0,'UNIQUE',NULL,NULL,75,1),
	(710,'22AG404','THEORY OF MACHINES',3,4,3,0,2,0,'PC',50,50,100,45,0,30,0,0,'UNIQUE',NULL,NULL,75,1),
	(711,'22AG405','HYDROLOGY',1,4,3,1,0,0,'PC',40,60,100,45,15,0,0,0,'UNIQUE',NULL,NULL,60,1),
	(712,'22EC404','CMOS DIGITAL INTEGRATED CIRCUITS',3,4,3,0,2,0,'PC',50,50,100,45,0,30,0,0,'UNIQUE',NULL,NULL,75,1),
	(713,'22EC401','SIGNALS AND SYSTEMS',1,4,3,1,0,0,'BS',40,60,100,45,15,0,0,0,'UNIQUE',NULL,NULL,60,1),
	(714,'22CB401','OPERATING SYSTEMS',3,4,3,0,2,0,'PC',50,50,100,45,0,30,0,0,'UNIQUE',NULL,NULL,75,1),
	(715,'22CB402','SOFTWARE ENGINEERING',3,4,3,0,2,0,'PC',50,50,100,45,0,30,0,0,'UNIQUE',NULL,NULL,75,1),
	(716,'22CB403','DESIGN AND ANALYSIS OF ALGORITHMS',3,4,3,0,2,0,'PC',50,50,100,45,0,30,0,0,'UNIQUE',NULL,NULL,75,1),
	(717,'22CB404','DESIGN THINKING',1,3,3,0,0,0,'PC',40,60,100,45,0,0,0,0,'UNIQUE',NULL,NULL,45,1),
	(718,'22CB405','OPERATIONS RESEARCH',3,3,2,0,2,0,'ES',50,50,100,30,0,30,0,0,'UNIQUE',NULL,NULL,60,1),
	(719,'22CB406','MARKETING RESEARCH AND MARKETING MANAGEMENT',1,2,2,0,0,0,'PC',40,60,100,30,0,0,0,0,'UNIQUE',NULL,NULL,30,1);

/*!40000 ALTER TABLE `courses` ENABLE KEYS */;
UNLOCK TABLES;


# Dump of table curriculum
# ------------------------------------------------------------

CREATE TABLE `curriculum` (
  `id` int NOT NULL AUTO_INCREMENT,
  `name` varchar(100) CHARACTER SET utf8mb4 COLLATE utf8mb4_0900_ai_ci NOT NULL,
  `academic_year` varchar(50) CHARACTER SET utf8mb4 COLLATE utf8mb4_0900_ai_ci DEFAULT NULL,
  `curriculum_template` varchar(10) CHARACTER SET utf8mb4 COLLATE utf8mb4_0900_ai_ci DEFAULT '2026',
  `created_at` timestamp NULL DEFAULT CURRENT_TIMESTAMP,
  `max_credits` int DEFAULT '0',
  `status` tinyint(1) DEFAULT '1',
  `curriculum_ref_id` int DEFAULT NULL,
  PRIMARY KEY (`id`) USING BTREE
) ENGINE=InnoDB AUTO_INCREMENT=83 DEFAULT CHARSET=utf8mb4 COLLATE=utf8mb4_0900_ai_ci ROW_FORMAT=DYNAMIC;

LOCK TABLES `curriculum` WRITE;
/*!40000 ALTER TABLE `curriculum` DISABLE KEYS */;

INSERT INTO `curriculum` (`id`, `name`, `academic_year`, `curriculum_template`, `created_at`, `max_credits`, `status`, `curriculum_ref_id`)
VALUES
	(15,'R2022- B.Tech - AGRI','2025-2026','2022','2026-01-21 00:33:42',165,1,NULL),
	(16,'R2022- B.TECH - AI&DS','2025-2026','2022','2026-01-21 00:50:21',165,1,NULL),
	(17,'R2022- B.TECH - AIML','2025-2026','2022','2026-01-21 00:57:52',163,1,NULL),
	(18,'R2022- B.E- BME','2025-2026','2022','2026-01-21 01:02:32',163,1,NULL),
	(20,'R2022- B.E- CIVIL','2025-2026','2022','2026-01-21 01:16:08',164,1,NULL),
	(21,'R2022- B.TECH - BT','2025-2026','2022','2026-01-21 01:23:55',165,1,NULL),
	(22,'R2022- B.TECH - CSBS','2025-2026','2022','2026-01-21 01:28:26',163,1,NULL),
	(23,'R2022- B.E - CSD','2025-2026','2022','2026-01-21 03:09:35',163,1,NULL),
	(24,'R2022- B.E- CSE','2025-2026','2022','2026-01-21 03:12:12',163,1,NULL),
	(25,'R2022- B.TECH - CT','2025-2026','2022','2026-01-21 03:15:53',163,1,NULL),
	(26,'R2022- B.E - EEE','2025-2026','2022','2026-01-21 03:18:07',163,1,NULL),
	(27,'R2022- B.E - ECE','2025-2026','2022','2026-01-21 03:21:40',163,1,NULL),
	(28,'R2022- B.E - EIE','2025-2026','2022','2026-01-21 03:23:35',163,1,NULL),
	(29,'R2022- B.TECH - FT','2025-2026','2022','2026-01-21 03:25:25',163,1,NULL),
	(30,'R2022- B.TECH - FD','2025-2026','2022','2026-01-21 03:27:21',163,1,NULL),
	(31,'R2022- B.E- ISE','2025-2026','2022','2026-01-21 03:29:18',162,0,NULL),
	(32,'R2022- B.TECH - IT','2025-2026','2022','2026-01-21 03:31:37',163,1,NULL),
	(33,'REVISED R2022- B.E - ME','2025-2026','2022','2026-01-21 03:35:35',164,1,NULL),
	(34,'R2022- B.E - MTRS','2025-2026','2022','2026-01-21 03:37:38',165,1,NULL),
	(35,'R2022- B.TECH - TXT','2025-2026','2022','2026-01-21 03:40:05',163,1,NULL),
	(36,'R2024- M.E - CSE','2025-2026','2022','2026-01-21 03:44:28',71,1,NULL),
	(37,'R2024- M.E-INDUSTRIAL SAFETY ENGINEERING ','2025-2026','2022','2026-01-21 03:48:18',71,1,NULL),
	(38,'R2022- B.Tech - AGRI','2025-2026','2022','2026-01-21 00:33:42',165,0,NULL),
	(39,'R2022- B.TECH - AI&DS','2025-2026','2022','2026-01-21 00:50:21',165,0,NULL),
	(40,'R2022- B.TECH - AIML','2025-2026','2022','2026-01-21 00:57:52',163,0,NULL),
	(41,'R2022- B.E- BME','2025-2026','2022','2026-01-21 01:02:32',163,0,NULL),
	(42,'R2022- B.E- CIVIL','2025-2026','2022','2026-01-21 01:16:08',164,0,NULL),
	(43,'R2022- B.TECH - BT','2025-2026','2022','2026-01-21 01:23:55',165,0,NULL),
	(44,'R2022- B.TECH - CSBS','2025-2026','2022','2026-01-21 01:28:26',163,0,NULL),
	(45,'R2022- B.E - CSD','2025-2026','2022','2026-01-21 03:09:35',163,0,NULL),
	(46,'R2022- B.E- CSE','2025-2026','2022','2026-01-21 03:12:12',163,0,NULL),
	(47,'R2022- B.TECH - CT','2025-2026','2022','2026-01-21 03:15:53',163,0,NULL),
	(48,'R2022- B.E - EEE','2025-2026','2022','2026-01-21 03:18:07',163,0,NULL),
	(49,'R2022- B.E - ECE','2025-2026','2022','2026-01-21 03:21:40',163,0,NULL),
	(50,'R2022- B.E - EIE','2025-2026','2022','2026-01-21 03:23:35',163,0,NULL),
	(51,'R2022- B.TECH - FT','2025-2026','2022','2026-01-21 03:25:25',163,0,NULL),
	(52,'R2022- B.TECH - FD','2025-2026','2022','2026-01-21 03:27:21',163,0,NULL),
	(53,'R2022- B.E- ISE','2025-2026','2022','2026-01-21 03:29:18',162,0,NULL),
	(54,'R2022- B.TECH - IT','2025-2026','2022','2026-01-21 03:31:37',163,0,NULL),
	(55,'REVISED R2022- B.E - ME','2025-2026','2022','2026-01-21 03:35:35',164,0,NULL),
	(56,'R2022- B.E - MTRS','2025-2026','2022','2026-01-21 03:37:38',165,0,NULL),
	(57,'R2022- B.TECH - TXT','2025-2026','2022','2026-01-21 03:40:05',163,0,NULL),
	(58,'R2024- M.E - CSE','2025-2026','2022','2026-01-21 03:44:28',71,0,NULL),
	(59,'R2024- M.E-INDUSTRIAL SAFETY ENGINEERING ','2025-2026','2022','2026-01-21 03:48:18',71,0,NULL),
	(60,'R2022- B.Tech - AGRI','2025-2026','2022','2026-01-21 00:33:42',165,0,NULL),
	(61,'R2022- B.TECH - AI&DS','2025-2026','2022','2026-01-21 00:50:21',165,0,NULL),
	(62,'R2022- B.TECH - AIML','2025-2026','2022','2026-01-21 00:57:52',163,0,NULL),
	(63,'R2022- B.E- BME','2025-2026','2022','2026-01-21 01:02:32',163,0,NULL),
	(64,'R2022- B.E- CIVIL','2025-2026','2022','2026-01-21 01:16:08',164,0,NULL),
	(65,'R2022- B.TECH - BT','2025-2026','2022','2026-01-21 01:23:55',165,0,NULL),
	(66,'R2022- B.TECH - CSBS','2025-2026','2022','2026-01-21 01:28:26',163,0,NULL),
	(67,'R2022- B.E - CSD','2025-2026','2022','2026-01-21 03:09:35',163,0,NULL),
	(68,'R2022- B.E- CSE','2025-2026','2022','2026-01-21 03:12:12',163,0,NULL),
	(69,'R2022- B.TECH - CT','2025-2026','2022','2026-01-21 03:15:53',163,0,NULL),
	(70,'R2022- B.E - EEE','2025-2026','2022','2026-01-21 03:18:07',163,0,NULL),
	(71,'R2022- B.E - ECE','2025-2026','2022','2026-01-21 03:21:40',163,0,NULL),
	(72,'R2022- B.E - EIE','2025-2026','2022','2026-01-21 03:23:35',163,0,NULL),
	(73,'R2022- B.TECH - FT','2025-2026','2022','2026-01-21 03:25:25',163,0,NULL),
	(74,'R2022- B.TECH - FD','2025-2026','2022','2026-01-21 03:27:21',163,0,NULL),
	(75,'R2022- B.E- ISE','2025-2026','2022','2026-01-21 03:29:18',162,0,NULL),
	(76,'R2022- B.TECH - IT','2025-2026','2022','2026-01-21 03:31:37',163,0,NULL),
	(77,'REVISED R2022- B.E - ME','2025-2026','2022','2026-01-21 03:35:35',164,0,NULL),
	(78,'R2022- B.E - MTRS','2025-2026','2022','2026-01-21 03:37:38',165,0,NULL),
	(79,'R2022- B.TECH - TXT','2025-2026','2022','2026-01-21 03:40:05',163,0,NULL),
	(80,'R2024- M.E - CSE','2025-2026','2022','2026-01-21 03:44:28',71,0,NULL),
	(81,'R2024- M.E-INDUSTRIAL SAFETY ENGINEERING ','2025-2026','2022','2026-01-21 03:48:18',71,0,NULL),
	(82,'R2022-B.E - Information Science and Engineering ','2024-2025','2022','2026-02-26 00:32:25',162,1,NULL);

/*!40000 ALTER TABLE `curriculum` ENABLE KEYS */;
UNLOCK TABLES;


# Dump of table curriculum_courses
# ------------------------------------------------------------

CREATE TABLE `curriculum_courses` (
  `id` int NOT NULL AUTO_INCREMENT,
  `curriculum_id` int NOT NULL,
  `semester_id` int NOT NULL,
  `course_id` int NOT NULL,
  `count_towards_limit` tinyint(1) DEFAULT '1' COMMENT 'Whether this course counts towards the curriculum max credit limit',
  PRIMARY KEY (`id`) USING BTREE,
  KEY `fk_rc_regulation` (`curriculum_id`) USING BTREE,
  KEY `fk_rc_semester` (`semester_id`) USING BTREE,
  KEY `fk_rc_course` (`course_id`) USING BTREE,
  CONSTRAINT `fk_rc_course` FOREIGN KEY (`course_id`) REFERENCES `courses` (`id`) ON DELETE CASCADE ON UPDATE CASCADE,
  CONSTRAINT `fk_rc_regulation` FOREIGN KEY (`curriculum_id`) REFERENCES `curriculum` (`id`) ON DELETE CASCADE ON UPDATE CASCADE,
  CONSTRAINT `fk_rc_semester` FOREIGN KEY (`semester_id`) REFERENCES `normal_cards` (`id`) ON DELETE CASCADE ON UPDATE CASCADE
) ENGINE=InnoDB AUTO_INCREMENT=993 DEFAULT CHARSET=utf8mb4 COLLATE=utf8mb4_0900_ai_ci ROW_FORMAT=DYNAMIC;

LOCK TABLES `curriculum_courses` WRITE;
/*!40000 ALTER TABLE `curriculum_courses` DISABLE KEYS */;

INSERT INTO `curriculum_courses` (`id`, `curriculum_id`, `semester_id`, `course_id`, `count_towards_limit`)
VALUES
	(229,36,73,102,1),
	(230,16,75,17,1),
	(231,16,75,103,1),
	(232,16,75,104,1),
	(233,16,75,105,1),
	(234,16,75,106,1),
	(235,16,75,107,1),
	(236,16,75,108,1),
	(237,16,75,109,1),
	(238,16,75,110,1),
	(239,16,76,111,1),
	(241,16,76,113,1),
	(242,17,77,17,1),
	(243,17,77,103,1),
	(244,17,77,104,1),
	(245,17,77,114,1),
	(246,17,77,106,1),
	(247,17,77,107,1),
	(248,17,77,108,1),
	(249,17,77,109,1),
	(250,17,77,115,1),
	(251,17,78,111,1),
	(252,17,78,113,1),
	(253,17,78,116,1),
	(254,17,78,117,1),
	(255,17,78,118,1),
	(256,17,78,119,1),
	(257,17,78,120,1),
	(258,17,79,121,1),
	(259,33,80,122,1),
	(260,33,80,18,1),
	(261,33,80,123,1),
	(262,33,80,105,1),
	(263,33,80,124,1),
	(264,33,80,118,1),
	(265,33,80,125,1),
	(266,33,80,109,1),
	(267,33,80,126,1),
	(268,33,81,111,1),
	(269,24,88,122,1),
	(270,24,88,18,1),
	(271,24,88,123,1),
	(272,33,81,127,1),
	(273,24,88,114,1),
	(274,33,81,116,1),
	(275,24,88,106,1),
	(276,33,81,128,1),
	(277,33,81,107,1),
	(278,33,81,108,1),
	(279,24,88,107,1),
	(280,24,88,129,1),
	(281,24,88,109,1),
	(282,33,81,130,1),
	(283,24,88,131,1),
	(284,24,90,111,1),
	(285,27,91,17,1),
	(286,33,81,132,1),
	(287,33,82,133,1),
	(288,27,91,18,1),
	(289,33,82,134,1),
	(290,33,82,135,1),
	(291,27,91,104,1),
	(292,33,82,136,1),
	(293,27,91,114,1),
	(294,33,82,137,1),
	(295,33,82,138,1),
	(296,27,91,106,1),
	(297,33,82,139,1),
	(298,33,82,140,1),
	(299,27,91,118,1),
	(300,27,91,108,1),
	(301,24,90,113,1),
	(302,24,90,141,1),
	(303,27,91,142,1),
	(304,33,83,143,1),
	(305,24,90,117,1),
	(306,27,91,144,1),
	(307,24,90,118,1),
	(308,24,90,145,1),
	(309,27,92,111,1),
	(310,33,83,146,1),
	(311,24,90,147,1),
	(312,33,83,148,1),
	(313,24,90,120,1),
	(314,33,83,149,1),
	(315,24,93,121,1),
	(316,24,90,150,1),
	(317,27,92,127,1),
	(318,33,83,151,1),
	(319,24,93,152,1),
	(320,27,92,116,1),
	(321,27,92,128,1),
	(322,33,83,153,1),
	(323,24,93,154,1),
	(324,27,92,107,1),
	(325,24,93,155,1),
	(326,33,83,156,1),
	(327,27,92,125,1),
	(328,24,93,157,1),
	(329,24,93,158,1),
	(330,33,83,159,1),
	(331,27,92,147,1),
	(332,17,79,160,1),
	(333,21,94,17,1),
	(334,27,92,161,1),
	(335,24,93,139,1),
	(336,33,84,162,1),
	(337,24,95,163,1),
	(338,33,84,164,1),
	(339,21,94,103,1),
	(340,27,92,165,1),
	(341,33,84,166,1),
	(342,33,84,167,1),
	(343,33,84,168,1),
	(344,32,72,17,1),
	(345,33,84,169,1),
	(346,32,72,103,1),
	(347,33,85,170,1),
	(348,27,96,171,1),
	(349,33,85,172,1),
	(350,32,72,104,1),
	(351,21,94,104,1),
	(352,33,85,173,1),
	(353,27,96,174,1),
	(354,17,79,175,1),
	(355,16,76,141,1),
	(356,33,85,176,1),
	(357,32,72,105,1),
	(358,24,95,177,1),
	(359,33,86,178,1),
	(360,32,72,106,1),
	(361,27,96,179,1),
	(362,21,94,105,1),
	(363,17,79,180,1),
	(364,32,72,107,1),
	(365,16,76,117,1),
	(366,33,86,181,1),
	(367,32,72,129,1),
	(368,17,79,182,1),
	(369,33,86,183,1),
	(370,16,76,118,1),
	(371,33,87,184,1),
	(372,17,79,185,1),
	(373,16,76,186,1),
	(374,17,79,158,1),
	(375,21,94,106,1),
	(376,32,72,109,1),
	(377,21,94,118,1),
	(378,32,72,187,1),
	(379,17,79,139,1),
	(380,21,94,108,1),
	(381,21,94,109,1),
	(382,17,89,188,1),
	(383,21,94,189,1),
	(384,16,76,130,1),
	(385,17,89,190,1),
	(386,32,102,111,1),
	(387,17,89,191,1),
	(388,32,102,113,1),
	(389,32,102,141,1),
	(390,17,89,192,1),
	(391,17,89,193,1),
	(392,32,102,117,1),
	(393,16,103,194,1),
	(394,32,102,118,1),
	(395,17,89,153,1),
	(396,16,103,195,1),
	(397,20,104,17,1),
	(398,32,102,196,1),
	(399,16,103,197,1),
	(400,32,102,120,1),
	(401,16,103,198,1),
	(402,17,89,199,1),
	(403,16,103,200,1),
	(404,16,103,158,1),
	(405,17,108,201,1),
	(406,21,107,111,1),
	(407,16,103,139,1),
	(408,17,108,202,1),
	(409,27,96,203,1),
	(410,21,107,113,1),
	(411,27,96,204,1),
	(412,17,108,205,1),
	(413,16,109,206,1),
	(414,21,107,141,1),
	(415,27,96,158,1),
	(416,17,108,207,1),
	(417,21,107,117,1),
	(418,27,96,139,1),
	(419,16,109,208,1),
	(420,21,107,107,1),
	(421,17,108,209,1),
	(422,32,111,210,1),
	(423,16,109,211,1),
	(424,21,107,125,1),
	(425,33,110,212,1),
	(426,16,109,213,1),
	(427,33,110,214,1),
	(428,27,97,215,1),
	(429,33,110,216,1),
	(430,17,112,217,1),
	(431,16,109,218,1),
	(432,33,110,219,1),
	(433,17,112,220,1),
	(434,27,97,221,1),
	(435,33,110,222,1),
	(436,20,104,18,1),
	(437,32,111,223,1),
	(438,17,112,224,1),
	(439,16,109,153,1),
	(440,21,107,120,1),
	(441,32,111,225,1),
	(442,27,97,226,1),
	(443,20,104,104,1),
	(444,33,113,227,1),
	(445,32,111,228,1),
	(446,33,113,229,1),
	(447,27,97,230,1),
	(448,21,107,150,1),
	(449,33,113,231,1),
	(450,17,112,232,1),
	(451,32,111,233,1),
	(452,33,113,234,1),
	(453,27,97,235,1),
	(454,33,113,236,1),
	(455,21,114,237,1),
	(456,33,113,238,1),
	(457,17,115,239,1),
	(458,32,111,158,1),
	(459,16,109,156,1),
	(460,20,104,103,1),
	(461,33,113,240,1),
	(462,32,111,139,1),
	(463,17,115,241,1),
	(464,21,114,242,1),
	(465,32,116,243,1),
	(466,21,114,244,1),
	(467,32,116,245,1),
	(468,27,96,153,1),
	(469,21,114,246,1),
	(470,32,116,247,1),
	(471,21,114,248,1),
	(472,27,96,156,1),
	(473,20,104,105,1),
	(474,21,114,158,1),
	(475,32,116,249,1),
	(476,27,96,250,1),
	(477,21,114,139,1),
	(478,17,115,251,1),
	(479,16,109,252,1),
	(480,32,116,253,1),
	(481,20,104,106,1),
	(482,17,119,254,1),
	(483,32,116,153,1),
	(484,16,120,255,1),
	(485,21,118,256,1),
	(486,32,116,199,1),
	(487,17,121,212,1),
	(488,17,121,257,1),
	(489,21,118,258,1),
	(490,16,120,259,1),
	(491,17,121,216,1),
	(492,21,118,260,1),
	(493,17,121,219,1),
	(494,21,118,261,1),
	(495,16,120,262,1),
	(496,21,118,263,1),
	(497,17,121,222,1),
	(498,16,120,264,1),
	(499,20,104,118,1),
	(500,21,118,153,1),
	(501,17,130,265,1),
	(502,21,118,199,1),
	(503,20,104,125,1),
	(504,16,120,266,1),
	(505,17,130,267,1),
	(506,21,118,252,1),
	(507,17,130,268,1),
	(508,27,97,199,1),
	(509,20,104,109,1),
	(510,16,131,269,1),
	(511,17,130,270,1),
	(512,17,130,272,1),
	(513,20,104,273,1),
	(514,16,131,274,1),
	(515,21,132,276,1),
	(516,16,131,277,1),
	(517,21,132,278,1),
	(518,16,131,279,1),
	(519,27,98,280,1),
	(520,32,133,281,1),
	(521,21,132,282,1),
	(522,32,133,283,1),
	(523,27,98,284,1),
	(524,21,132,285,1),
	(525,32,133,286,1),
	(526,20,134,111,1),
	(527,16,135,287,1),
	(528,21,132,288,1),
	(529,27,98,289,1),
	(530,32,133,290,1),
	(531,20,134,113,1),
	(532,32,133,291,1),
	(533,21,136,292,1),
	(534,27,98,293,1),
	(535,16,135,294,1),
	(536,21,136,295,1),
	(537,32,137,296,1),
	(538,27,98,297,1),
	(539,32,137,298,1),
	(540,21,136,299,1),
	(541,27,99,300,1),
	(542,32,137,301,1),
	(543,21,136,302,1),
	(544,32,137,303,1),
	(545,20,134,141,1),
	(546,21,139,304,1),
	(547,27,99,305,1),
	(548,32,140,306,1),
	(549,21,139,307,1),
	(550,32,140,308,1),
	(551,27,99,309,1),
	(552,16,135,310,1),
	(553,21,139,311,1),
	(554,32,140,312,1),
	(555,27,99,313,1),
	(556,21,142,314,1),
	(557,20,134,117,1),
	(558,27,100,315,1),
	(559,20,134,107,1),
	(560,16,141,316,1),
	(561,27,100,317,1),
	(562,21,144,212,1),
	(563,20,134,108,1),
	(564,27,100,318,1),
	(565,21,144,257,1),
	(566,16,138,212,1),
	(567,27,101,319,1),
	(568,21,144,216,1),
	(569,20,134,120,1),
	(570,16,138,257,1),
	(571,21,144,219,1),
	(572,21,144,320,1),
	(573,16,138,216,1),
	(574,32,157,321,1),
	(575,21,144,222,1),
	(576,32,157,322,1),
	(577,20,168,323,1),
	(578,32,157,324,1),
	(579,16,138,219,1),
	(580,32,157,325,1),
	(581,16,138,222,1),
	(582,20,168,326,1),
	(583,32,157,327,1),
	(584,32,157,328,1),
	(585,20,168,329,1),
	(586,27,171,212,1),
	(587,20,168,330,1),
	(588,27,171,214,1),
	(589,20,168,331,1),
	(590,27,171,216,1),
	(591,20,168,158,1),
	(592,27,171,219,1),
	(593,27,171,332,1),
	(594,20,168,139,1),
	(595,32,173,333,1),
	(596,32,173,334,1),
	(597,32,173,335,1),
	(598,20,183,336,1),
	(599,32,173,337,1),
	(600,32,173,338,1),
	(601,27,184,339,1),
	(602,32,173,340,1),
	(603,21,185,341,1),
	(604,32,188,342,1),
	(605,16,172,343,1),
	(606,32,188,344,1),
	(607,21,185,345,1),
	(608,21,185,346,1),
	(609,21,185,347,1),
	(610,21,185,348,1),
	(611,16,172,349,1),
	(612,21,185,350,1),
	(613,20,183,351,1),
	(614,16,172,352,1),
	(615,16,172,353,1),
	(616,27,184,354,1),
	(617,16,172,355,1),
	(618,27,184,356,1),
	(619,16,172,357,1),
	(620,27,184,358,1),
	(621,27,184,359,1),
	(622,15,146,17,1),
	(623,27,184,360,1),
	(624,20,183,361,1),
	(625,15,146,103,1),
	(626,20,183,362,1),
	(627,15,146,104,1),
	(628,20,183,363,1),
	(629,15,146,105,1),
	(630,15,146,106,1),
	(631,16,175,364,1),
	(632,15,146,118,1),
	(633,15,146,125,1),
	(634,15,146,109,1),
	(635,20,183,199,1),
	(636,20,191,365,1),
	(637,20,191,366,1),
	(638,20,191,367,1),
	(639,20,191,368,1),
	(640,20,191,369,1),
	(641,25,193,17,1),
	(642,25,193,103,1),
	(643,25,193,123,1),
	(644,20,192,370,1),
	(645,20,192,371,1),
	(646,20,192,372,1),
	(647,25,193,105,1),
	(648,20,192,373,1),
	(649,25,193,106,1),
	(650,25,193,107,1),
	(651,20,194,374,1),
	(652,25,193,108,1),
	(653,20,194,375,1),
	(654,25,193,109,1),
	(655,20,194,376,1),
	(656,25,193,377,1),
	(657,25,195,111,1),
	(658,20,196,378,1),
	(659,25,195,127,1),
	(660,25,195,141,1),
	(661,25,195,117,1),
	(662,25,195,379,1),
	(663,25,195,380,1),
	(664,25,195,120,1),
	(665,20,198,212,1),
	(666,20,198,257,1),
	(667,20,198,381,1),
	(668,20,198,219,1),
	(669,20,198,222,1),
	(670,25,197,382,1),
	(671,25,197,383,1),
	(672,25,197,384,1),
	(673,25,197,385,1),
	(674,25,197,386,1),
	(675,25,197,158,1),
	(676,25,197,139,1),
	(677,25,199,387,1),
	(678,25,199,388,1),
	(679,25,199,389,1),
	(680,25,199,390,1),
	(681,25,199,391,1),
	(682,25,199,153,1),
	(683,25,199,199,1),
	(684,25,200,392,1),
	(685,25,200,393,1),
	(686,25,200,394,1),
	(687,25,200,395,1),
	(688,25,200,396,1),
	(689,21,185,397,1),
	(690,21,202,398,1),
	(691,21,202,399,1),
	(692,21,202,400,1),
	(693,21,202,401,1),
	(694,21,202,402,1),
	(695,21,202,403,1),
	(696,21,202,404,1),
	(697,21,203,405,1),
	(698,21,203,406,1),
	(699,21,203,407,1),
	(700,21,203,408,1),
	(701,21,203,409,1),
	(702,21,203,410,1),
	(703,21,203,411,1),
	(704,21,204,412,1),
	(705,17,130,413,1),
	(706,21,204,414,1),
	(707,16,175,415,1),
	(708,21,204,416,1),
	(709,17,145,417,1),
	(710,21,204,418,1),
	(711,16,175,419,1),
	(712,17,145,420,1),
	(713,21,204,421,1),
	(714,21,204,422,1),
	(715,17,145,423,1),
	(716,16,175,424,1),
	(717,17,145,425,1),
	(718,17,145,426,1),
	(719,16,175,427,1),
	(720,17,145,428,1),
	(721,16,175,429,1),
	(722,17,149,430,1),
	(723,16,176,431,1),
	(724,17,149,432,1),
	(725,16,176,433,1),
	(726,17,149,434,1),
	(727,17,149,435,1),
	(728,16,176,436,1),
	(729,17,149,437,1),
	(730,16,176,438,1),
	(731,17,149,439,1),
	(732,16,176,440,1),
	(733,17,152,441,1),
	(734,16,176,442,1),
	(735,17,152,443,1),
	(736,24,95,444,1),
	(737,17,152,445,1),
	(738,17,152,446,1),
	(739,21,205,447,1),
	(740,17,152,448,1),
	(741,17,152,449,1),
	(742,16,178,450,1),
	(743,16,178,451,1),
	(744,16,178,452,1),
	(745,16,178,453,1),
	(746,16,178,454,1),
	(747,21,205,455,1),
	(748,17,158,456,1),
	(749,16,178,457,1),
	(750,16,179,458,1),
	(751,17,158,459,1),
	(752,17,158,460,1),
	(753,16,179,461,1),
	(754,16,179,462,1),
	(755,17,158,463,1),
	(756,16,179,464,1),
	(757,17,158,465,1),
	(758,16,179,466,1),
	(759,17,159,467,1),
	(760,16,179,468,1),
	(761,17,159,469,1),
	(762,17,159,470,1),
	(763,17,159,471,1),
	(764,16,180,472,1),
	(765,17,159,473,1),
	(766,16,180,474,1),
	(767,17,159,475,1),
	(768,16,180,476,1),
	(769,17,160,477,1),
	(770,17,160,478,1),
	(771,16,180,479,1),
	(772,24,95,480,1),
	(773,25,201,481,1),
	(774,25,201,482,1),
	(775,25,201,483,1),
	(776,25,201,484,1),
	(777,25,207,485,1),
	(778,25,207,486,1),
	(779,25,207,487,1),
	(780,25,209,488,1),
	(781,25,209,489,1),
	(782,20,257,490,1),
	(783,20,257,491,1),
	(784,20,257,492,1),
	(785,20,257,493,1),
	(786,20,257,494,1),
	(787,20,257,495,1),
	(788,20,258,496,1),
	(789,20,258,497,1),
	(790,20,258,498,1),
	(791,20,258,499,1),
	(792,20,258,500,1),
	(793,20,258,501,1),
	(794,20,259,502,1),
	(795,20,259,503,1),
	(796,20,259,504,1),
	(797,20,259,505,1),
	(798,20,259,506,1),
	(799,20,259,507,1),
	(800,20,260,508,1),
	(801,20,260,509,1),
	(802,20,260,510,1),
	(803,20,260,511,1),
	(804,20,260,512,1),
	(805,20,260,513,1),
	(806,20,261,514,1),
	(807,20,261,515,1),
	(808,16,180,516,1),
	(809,16,180,517,1),
	(810,16,181,518,1),
	(811,16,181,519,1),
	(812,16,181,520,1),
	(813,16,181,521,1),
	(814,16,181,522,1),
	(815,16,181,523,1),
	(816,16,182,524,1),
	(817,16,182,525,1),
	(818,16,182,526,1),
	(819,16,182,527,1),
	(820,16,182,528,1),
	(821,16,182,529,1),
	(822,16,182,530,1),
	(823,16,186,531,1),
	(824,16,187,551,1),
	(825,16,187,552,1),
	(826,16,187,553,1),
	(827,16,187,554,1),
	(828,16,187,555,1),
	(829,16,187,556,1),
	(830,16,187,557,1),
	(831,16,187,558,1),
	(832,16,187,559,1),
	(833,16,109,560,1),
	(834,16,120,561,1),
	(835,16,120,562,1),
	(836,16,131,563,1),
	(837,16,131,564,1),
	(838,16,131,565,1),
	(839,16,135,566,1),
	(840,16,135,567,1),
	(841,16,135,568,1),
	(842,16,135,569,1),
	(843,16,186,570,1),
	(844,16,186,571,1),
	(845,16,186,572,1),
	(846,16,186,573,1),
	(847,16,186,574,1),
	(848,16,186,575,1),
	(849,16,186,576,1),
	(850,16,186,577,1),
	(851,16,186,578,1),
	(852,16,186,579,1),
	(853,16,186,580,1),
	(854,16,186,581,1),
	(855,16,186,582,1),
	(856,16,186,583,1),
	(857,16,186,584,1),
	(858,16,186,585,1),
	(859,16,186,586,1),
	(860,16,186,587,1),
	(861,16,186,588,1),
	(862,16,186,589,1),
	(863,16,186,590,1),
	(864,16,186,591,1),
	(865,16,186,592,1),
	(866,16,186,593,1),
	(867,16,186,594,1),
	(868,16,186,595,1),
	(869,16,186,596,1),
	(870,16,186,597,1),
	(871,16,186,598,1),
	(872,16,186,599,1),
	(873,16,186,600,1),
	(874,16,186,601,1),
	(875,16,186,602,1),
	(876,16,186,603,1),
	(877,16,186,604,1),
	(878,16,186,605,1),
	(879,16,186,606,1),
	(880,16,186,607,1),
	(881,16,190,608,1),
	(882,16,262,609,1),
	(883,24,220,610,1),
	(884,24,220,611,1),
	(885,24,215,612,1),
	(886,24,215,613,1),
	(887,22,252,614,1),
	(888,15,170,615,1),
	(889,25,265,616,1),
	(890,24,214,617,1),
	(891,24,219,618,1),
	(892,23,267,619,1),
	(893,22,251,620,1),
	(894,21,268,621,1),
	(895,18,269,622,1),
	(896,15,161,623,1),
	(897,34,270,624,1),
	(898,33,117,625,1),
	(899,32,271,626,1),
	(900,37,272,627,1),
	(901,30,273,628,1),
	(902,28,274,629,1),
	(903,27,275,630,1),
	(904,27,276,631,1),
	(905,26,277,632,1),
	(906,25,278,633,1),
	(907,24,220,634,1),
	(908,24,215,635,1),
	(909,23,279,636,1),
	(910,23,280,637,1),
	(911,21,268,638,1),
	(912,21,281,639,1),
	(913,18,282,640,1),
	(914,15,163,641,1),
	(915,22,253,642,1),
	(916,34,283,643,1),
	(917,33,125,644,1),
	(918,32,284,645,1),
	(919,30,285,646,1),
	(920,28,286,647,1),
	(921,26,287,648,1),
	(922,24,210,649,1),
	(923,23,288,650,1),
	(924,22,245,651,1),
	(925,18,289,652,1),
	(926,15,153,653,1),
	(927,34,290,654,1),
	(928,30,291,655,1),
	(929,28,292,656,1),
	(930,26,287,657,1),
	(931,24,210,658,1),
	(932,23,288,659,1),
	(933,22,245,660,1),
	(934,18,289,661,1),
	(935,15,153,662,1),
	(936,34,290,663,1),
	(937,30,291,664,1),
	(938,28,292,665,1),
	(939,26,287,666,1),
	(940,24,210,667,1),
	(941,23,288,668,1),
	(942,22,245,669,1),
	(943,18,289,670,1),
	(944,15,153,671,1),
	(945,30,293,672,1),
	(946,28,274,673,1),
	(947,26,294,674,1),
	(948,82,295,675,1),
	(949,82,296,676,1),
	(950,82,296,677,1),
	(951,82,296,678,1),
	(952,28,274,679,1),
	(953,27,263,680,1),
	(954,26,294,681,1),
	(955,26,297,682,1),
	(956,82,296,683,1),
	(957,82,296,684,1),
	(958,26,298,685,1),
	(959,26,298,686,1),
	(960,26,298,687,1),
	(961,26,298,688,1),
	(962,28,299,689,1),
	(963,28,299,690,1),
	(964,28,299,691,1),
	(965,28,299,692,1),
	(966,34,300,693,1),
	(967,34,300,694,1),
	(968,34,300,695,1),
	(969,34,300,696,1),
	(970,34,300,697,1),
	(971,24,301,698,1),
	(972,24,301,699,1),
	(973,24,301,700,1),
	(974,32,302,701,1),
	(975,26,303,702,1),
	(976,28,304,703,1),
	(977,33,305,704,1),
	(978,34,306,705,1),
	(979,15,307,706,1),
	(980,15,307,707,1),
	(981,15,307,708,1),
	(982,15,307,709,1),
	(983,15,307,710,1),
	(984,15,307,711,1),
	(985,27,309,712,1),
	(986,27,309,713,1),
	(987,22,310,714,1),
	(988,22,310,715,1),
	(989,22,310,716,1),
	(990,22,310,717,1),
	(991,22,310,718,1),
	(992,22,310,719,1);

/*!40000 ALTER TABLE `curriculum_courses` ENABLE KEYS */;
UNLOCK TABLES;


# Dump of table curriculum_logs
# ------------------------------------------------------------

CREATE TABLE `curriculum_logs` (
  `id` int NOT NULL AUTO_INCREMENT,
  `curriculum_id` int NOT NULL,
  `action` varchar(255) CHARACTER SET utf8mb4 COLLATE utf8mb4_0900_ai_ci NOT NULL,
  `description` text CHARACTER SET utf8mb4 COLLATE utf8mb4_0900_ai_ci,
  `changed_by` varchar(100) CHARACTER SET utf8mb4 COLLATE utf8mb4_0900_ai_ci DEFAULT 'System',
  `created_at` timestamp NULL DEFAULT CURRENT_TIMESTAMP,
  `diff` json DEFAULT NULL,
  PRIMARY KEY (`id`) USING BTREE,
  KEY `curriculum_id` (`curriculum_id`) USING BTREE,
  CONSTRAINT `curriculum_logs_ibfk_1` FOREIGN KEY (`curriculum_id`) REFERENCES `curriculum` (`id`) ON DELETE CASCADE ON UPDATE RESTRICT
) ENGINE=InnoDB AUTO_INCREMENT=1468 DEFAULT CHARSET=utf8mb4 COLLATE=utf8mb4_0900_ai_ci ROW_FORMAT=DYNAMIC;

LOCK TABLES `curriculum_logs` WRITE;
/*!40000 ALTER TABLE `curriculum_logs` DISABLE KEYS */;

INSERT INTO `curriculum_logs` (`id`, `curriculum_id`, `action`, `description`, `changed_by`, `created_at`, `diff`)
VALUES
	(265,15,'Curriculum Created','Created new curriculum: R2022- AGRI (2025-2026)','System','2026-01-21 00:33:43',NULL),
	(266,15,'Department Overview Created','Created department vision, mission, PEOs, POs, and PSOs','System','2026-01-21 00:39:22',NULL),
	(267,15,'PEO-PO Mapping Saved','Updated PEO-PO mappings for the curriculum','System','2026-01-21 00:46:06',NULL),
	(268,15,'Curriculum Updated','Updated curriculum details','System','2026-01-21 00:49:01','{\"name\": {\"new\": \"R2022- B.Tech - AGRI\", \"old\": \"R2022- AGRI\"}}'),
	(269,16,'Curriculum Created','Created new curriculum: R2022- B.TECH - AI&DS (2025-2026)','System','2026-01-21 00:50:21',NULL),
	(270,16,'Department Overview Created','Created department vision, mission, PEOs, POs, and PSOs','System','2026-01-21 00:54:31',NULL),
	(271,16,'PEO-PO Mapping Saved','Updated PEO-PO mappings for the curriculum','System','2026-01-21 00:55:47',NULL),
	(272,17,'Curriculum Created','Created new curriculum: R2022- B.TECH - AIML (2025-2026)','System','2026-01-21 00:57:53',NULL),
	(273,17,'Department Overview Created','Created department vision, mission, PEOs, POs, and PSOs','System','2026-01-21 00:59:15',NULL),
	(274,18,'Curriculum Created','Created new curriculum: R2022- B.E- BME (2025-2026)','System','2026-01-21 01:02:33',NULL),
	(275,18,'Department Overview Created','Created department vision, mission, PEOs, POs, and PSOs','System','2026-01-21 01:04:36',NULL),
	(279,20,'Curriculum Created','Created new curriculum: R2022- B.E- CIVIL (2025-2026)','System','2026-01-21 01:16:08',NULL),
	(280,20,'Department Overview Created','Created department vision, mission, PEOs, POs, and PSOs','System','2026-01-21 01:21:34',NULL),
	(281,20,'PEO-PO Mapping Saved','Updated PEO-PO mappings for the curriculum','System','2026-01-21 01:22:58',NULL),
	(282,21,'Curriculum Created','Created new curriculum: R2022- B.TECH - BT (2025-2026)','System','2026-01-21 01:23:55',NULL),
	(283,21,'Department Overview Created','Created department vision, mission, PEOs, POs, and PSOs','System','2026-01-21 01:26:40',NULL),
	(284,21,'PEO-PO Mapping Saved','Updated PEO-PO mappings for the curriculum','System','2026-01-21 01:27:32',NULL),
	(285,22,'Curriculum Created','Created new curriculum: R2022- B.TECH - CSBS (2025-2026)','System','2026-01-21 01:28:26',NULL),
	(286,22,'Department Overview Created','Created department vision, mission, PEOs, POs, and PSOs','System','2026-01-21 01:29:47',NULL),
	(287,23,'Curriculum Created','Created new curriculum: R2022- B.E - CSD (2025-2026)','System','2026-01-21 03:09:35',NULL),
	(288,23,'Department Overview Created','Created department vision, mission, PEOs, POs, and PSOs','System','2026-01-21 03:10:51',NULL),
	(289,24,'Curriculum Created','Created new curriculum: R2022- B.E- CSE (2025-2026)','System','2026-01-21 03:12:12',NULL),
	(290,24,'Department Overview Created','Created department vision, mission, PEOs, POs, and PSOs','System','2026-01-21 03:15:12',NULL),
	(291,25,'Curriculum Created','Created new curriculum: R2022- B.TECH - CT (2025-2026)','System','2026-01-21 03:15:53',NULL),
	(292,25,'Department Overview Created','Created department vision, mission, PEOs, POs, and PSOs','System','2026-01-21 03:16:56',NULL),
	(293,26,'Curriculum Created','Created new curriculum: R2022- B.E - EEE (2025-2026)','System','2026-01-21 03:18:07',NULL),
	(294,26,'Department Overview Created','Created department vision, mission, PEOs, POs, and PSOs','System','2026-01-21 03:19:22',NULL),
	(295,27,'Curriculum Created','Created new curriculum: R2022- B.E - ECE (2025-2026)','System','2026-01-21 03:21:40',NULL),
	(296,27,'Department Overview Created','Created department vision, mission, PEOs, POs, and PSOs','System','2026-01-21 03:22:39',NULL),
	(297,28,'Curriculum Created','Created new curriculum: R2022- B.E - EIE (2025-2026)','System','2026-01-21 03:23:35',NULL),
	(298,28,'Department Overview Created','Created department vision, mission, PEOs, POs, and PSOs','System','2026-01-21 03:24:42',NULL),
	(299,29,'Curriculum Created','Created new curriculum: R2022- B.TECH - FT (2025-2026)','System','2026-01-21 03:25:25',NULL),
	(300,29,'Department Overview Created','Created department vision, mission, PEOs, POs, and PSOs','System','2026-01-21 03:26:30',NULL),
	(301,30,'Curriculum Created','Created new curriculum: R2022- B.TECH - FD (2025-2026)','System','2026-01-21 03:27:22',NULL),
	(302,30,'Department Overview Created','Created department vision, mission, PEOs, POs, and PSOs','System','2026-01-21 03:28:27',NULL),
	(303,31,'Curriculum Created','Created new curriculum: R2022- B.E- ISE (2025-2026)','System','2026-01-21 03:29:18',NULL),
	(304,31,'Department Overview Created','Created department vision, mission, PEOs, POs, and PSOs','System','2026-01-21 03:30:40',NULL),
	(305,32,'Curriculum Created','Created new curriculum: R2022- B.TECH - IT (2025-2026)','System','2026-01-21 03:31:37',NULL),
	(306,32,'Department Overview Created','Created department vision, mission, PEOs, POs, and PSOs','System','2026-01-21 03:33:21',NULL),
	(307,33,'Curriculum Created','Created new curriculum: REVISED R2022- B.E - ME (2025-2026)','System','2026-01-21 03:35:35',NULL),
	(308,33,'Department Overview Created','Created department vision, mission, PEOs, POs, and PSOs','System','2026-01-21 03:36:46',NULL),
	(309,34,'Curriculum Created','Created new curriculum: R2022- B.E - MTRS (2025-2026)','System','2026-01-21 03:37:39',NULL),
	(310,34,'Department Overview Created','Created department vision, mission, PEOs, POs, and PSOs','System','2026-01-21 03:38:48',NULL),
	(311,35,'Curriculum Created','Created new curriculum: R2022- B.TECH - TXT (2025-2026)','System','2026-01-21 03:40:06',NULL),
	(312,35,'Department Overview Created','Created department vision, mission, PEOs, POs, and PSOs','System','2026-01-21 03:41:06',NULL),
	(313,36,'Curriculum Created','Created new curriculum: R2024- M.E - CSE (2025-2026)','System','2026-01-21 03:44:28',NULL),
	(314,36,'Department Overview Created','Created department vision, mission, PEOs, POs, and PSOs','System','2026-01-21 03:46:11',NULL),
	(315,36,'PEO-PO Mapping Saved','Updated PEO-PO mappings for the curriculum','System','2026-01-21 03:46:43',NULL),
	(316,37,'Curriculum Created','Created new curriculum: R2022- M.E-INDUSTRIAL SAFETY ENGINEERING  (2025-2026)','System','2026-01-21 03:48:18',NULL),
	(317,37,'Department Overview Created','Created department vision, mission, PEOs, POs, and PSOs','System','2026-01-21 03:49:38',NULL),
	(318,37,'PEO-PO Mapping Saved','Updated PEO-PO mappings for the curriculum','System','2026-01-21 03:50:01',NULL),
	(319,37,'Curriculum Updated','Updated curriculum details','System','2026-01-21 03:50:54','{\"name\": {\"new\": \"R2024- M.E-INDUSTRIAL SAFETY ENGINEERING \", \"old\": \"R2022- M.E-INDUSTRIAL SAFETY ENGINEERING \"}}'),
	(320,32,'Card Added','Added Semester 1','System','2026-01-21 03:53:12',NULL),
	(321,36,'Card Added','Added Semester 1','System','2026-01-21 03:56:28',NULL),
	(322,36,'Course Added','Added course 22MA2 - ENGINEERING MATHEMATICS I to Semester 73','System','2026-01-21 03:59:02',NULL),
	(323,36,'Card Added','Added New Card','System','2026-01-21 04:00:30',NULL),
	(324,16,'Card Added','Added Semester 1','System','2026-01-21 23:01:17',NULL),
	(325,16,'Course Added','Added course 22MA101 - ENGINEERING MATHEMATICS I  to Semester 75','System','2026-01-21 23:02:44',NULL),
	(326,16,'Course Added','Added course 22PH102 - ENGINEERING PHYSICS  to Semester 75','System','2026-01-21 23:04:24',NULL),
	(327,16,'Course Added','Added course 22CH103 - ENGINEERING CHEMISTRY I  to Semester 75','System','2026-01-21 23:09:50',NULL),
	(328,16,'Course Added','Added course 22GE001 - FUNDAMENTALS OF COMPUTING to Semester 75','System','2026-01-21 23:10:45',NULL),
	(329,16,'Course Added','Added course 22HS001 - FOUNDATIONAL ENGLISH to Semester 75','System','2026-01-21 23:11:29',NULL),
	(330,16,'Course Added','Added course 22GE004 - BASICS OF ELECTRONICS ENGINEERING to Semester 75','System','2026-01-21 23:12:15',NULL),
	(331,16,'Course Added','Added course 22HS002 - STARTUP MANAGEMENT to Semester 75','System','2026-01-21 23:13:07',NULL),
	(332,16,'Course Added','Added course 22HS003 - தமிழர்மரபு HERITAGE OF TAMILS to Semester 75','System','2026-01-21 23:14:28',NULL),
	(333,16,'Course Added','Added course 22AI108 - COMPREHENSIVE WORK to Semester 75','System','2026-01-21 23:15:13',NULL),
	(334,16,'Card Added','Added Semester 2','System','2026-01-21 23:15:57',NULL),
	(335,16,'Course Added','Added course 22MA201 - ENGINEERING MATHEMATICS II to Semester 76','System','2026-01-21 23:16:35',NULL),
	(336,16,'Course Added','Added course 22PH202 - ELECTROMAGNETISM AND MODERN PHYSICS to Semester 76','System','2026-01-21 23:17:18',NULL),
	(337,16,'Course Removed','Removed course ELECTROMAGNETISM AND MODERN PHYSICS from Semester 76','System','2026-01-21 23:55:41',NULL),
	(338,16,'Course Added','Added course 22PH202 - ELECTROMAGNETISM AND MODERN PHYSICS  to Semester 76','System','2026-01-22 00:46:24',NULL),
	(339,32,'PO[5] Added','Added PO item at index 5','System','2026-01-22 00:50:03','{\"PO[5]\": {\"new\": \"The Engineer and The World: Analyze and evaluate societal and environmental aspects while solving complex engineering problems for its impact on sustainability with reference to economy, health, safety, legal framework, culture and environment. (WK1, WK5, and WK7).\", \"old\": \"\"}}'),
	(340,32,'PO[0] Added','Added PO item at index 0','System','2026-01-22 00:50:03','{\"PO[0]\": {\"new\": \"Engineering Knowledge: Apply knowledge of mathematics, natural science, computing, engineering fundamentals and an engineering specialization as specified in WK1 to WK4 respectively to develop to the solution of complex engineering problems.\", \"old\": \"\"}}'),
	(341,32,'PO[6] Added','Added PO item at index 6','System','2026-01-22 00:50:03','{\"PO[6]\": {\"new\": \" Ethics: Apply ethical principles and commit to professional ethics, human values, diversity and inclusion; adhere to national & international laws. (WK9)\", \"old\": \"\"}}'),
	(342,32,'PO[7] Added','Added PO item at index 7','System','2026-01-22 00:50:03','{\"PO[7]\": {\"new\": \"Individual and Collaborative Team work: Function effectively as an individual, and as a member or leader in diverse/multi-disciplinary teams.\", \"old\": \"\"}}'),
	(343,32,'PO[1] Added','Added PO item at index 1','System','2026-01-22 00:50:03','{\"PO[1]\": {\"new\": \"Problem Analysis: Identify, formulate, review research literature and analyze complex engineering problems reaching substantiated conclusions with consideration for sustainable development. (WK1 to WK4)\", \"old\": \"\"}}'),
	(344,32,'PO[4] Added','Added PO item at index 4','System','2026-01-22 00:50:03','{\"PO[4]\": {\"new\": \"Engineering Tool Usage: Create, select and apply appropriate techniques, resources and modern engineering & IT tools, including prediction and modelling recognizing their limitations to solve complex engineering problems. (WK2 and WK6)\", \"old\": \"\"}}'),
	(345,32,'PO[2] Added','Added PO item at index 2','System','2026-01-22 00:50:03','{\"PO[2]\": {\"new\": \"Design/Development of Solutions: Design creative solutions for complex engineering problems and design/develop systems/components/processes to meet identified needs with consideration for the public health and safety, whole-life cost, net zero carbon, culture, society and environment as required. (WK5)\", \"old\": \"\"}}'),
	(346,32,'PO[8] Added','Added PO item at index 8','System','2026-01-22 00:50:03','{\"PO[8]\": {\"new\": \"Communication: Communicate effectively and inclusively within the engineering community and society at large, such as being able to comprehend and write effective reports and design documentation, make effective presentations considering cultural, language, and learning differences\", \"old\": \"\"}}'),
	(347,32,'PO[3] Added','Added PO item at index 3','System','2026-01-22 00:50:03','{\"PO[3]\": {\"new\": \"Conduct Investigations of Complex Problems: Conduct investigations of complex engineering problems using research-based knowledge including design of experiments, modelling, analysis & interpretation of data to provide valid conclusions. (WK8).\", \"old\": \"\"}}'),
	(348,32,'PO[10] Added','Added PO item at index 10','System','2026-01-22 00:50:39','{\"PO[10]\": {\"new\": \"Life-Long Learning: Recognize the need for, and have the preparation and ability for i) independent and life-long learning ii) adaptability to new and emerging technologies and iii) critical thinking in the broadest context of technological change. (WK8)\", \"old\": \"\"}}'),
	(349,32,'PO[9] Added','Added PO item at index 9','System','2026-01-22 00:50:39','{\"PO[9]\": {\"new\": \"Project Management and Finance: Apply knowledge and understanding of engineering management principles and economic decision-making and apply these to one’s own work, as a member and leader in a team, and to manage projects and in multidisciplinary environments\", \"old\": \"\"}}'),
	(350,32,'PEO-PO Mapping Saved','Updated PEO-PO mappings for the curriculum','System','2026-01-22 00:52:34',NULL),
	(351,17,'PO[9] Added','Added PO item at index 9','System','2026-01-22 01:01:46','{\"PO[9]\": {\"new\": \"Project Management and Finance: Apply knowledge and understanding of engineering management principles and economic decision-making and apply these to one’s own work, as a member and leader in a team, and to manage projects and in multidisciplinary environments.\", \"old\": \"\"}}'),
	(352,17,'PO[1] Added','Added PO item at index 1','System','2026-01-22 01:01:46','{\"PO[1]\": {\"new\": \"Problem Analysis: Identify, formulate, review research literature, and analyse complex engineering problems reaching substantiated conclusions using first principles of mathematics, natural sciences, and engineering sciences.\", \"old\": \"\"}}'),
	(353,17,'PO[0] Added','Added PO item at index 0','System','2026-01-22 01:01:46','{\"PO[0]\": {\"new\": \"Engineering Knowledge: Apply the knowledge of mathematics, science, engineering fundamentals, and an engineering specialization to the solution of complex engineering problems.\", \"old\": \"\"}}'),
	(354,17,'PO[10] Added','Added PO item at index 10','System','2026-01-22 01:01:46','{\"PO[10]\": {\"new\": \"Life-Long Learning: Recognize the need for, and have the preparation and ability for i) independent and life-long learning ii) adaptability to new and emerging technologies and iii) critical thinking in the broadest context of technological change.\", \"old\": \"\"}}'),
	(355,17,'PO[6] Added','Added PO item at index 6','System','2026-01-22 01:01:46','{\"PO[6]\": {\"new\": \"Ethics: Apply ethical principles and commit to professional ethics, human values, diversity and inclusion; adhere to national & international laws.\", \"old\": \"\"}}'),
	(356,17,'PO[5] Added','Added PO item at index 5','System','2026-01-22 01:01:46','{\"PO[5]\": {\"new\": \"The Engineer and The World: Analyze and evaluate societal and environmental aspects while solving complex engineering problems for its impact on sustainability with reference to economy, health, safety, legal framework, culture and environment.\", \"old\": \"\"}}'),
	(357,17,'PO[7] Added','Added PO item at index 7','System','2026-01-22 01:01:46','{\"PO[7]\": {\"new\": \"Individual and Collaborative Team work: Function effectively as an individual, and as a member or leader in diverse/multi-disciplinary teams.\", \"old\": \"\"}}'),
	(358,17,'PO[4] Added','Added PO item at index 4','System','2026-01-22 01:01:46','{\"PO[4]\": {\"new\": \"Engineering Tool Usage: Create, select and apply appropriate techniques, resources and modern engineering & IT tools, including prediction and modelling recognizing their limitations to solve complex engineering problems.\", \"old\": \"\"}}'),
	(359,17,'PO[3] Added','Added PO item at index 3','System','2026-01-22 01:01:46','{\"PO[3]\": {\"new\": \"Conduct Investigations of Complex Problems: Use research-based knowledge and research methods including design of experiments, analysis and interpretation of data, and synthesis of the information to provide valid conclusions.\", \"old\": \"\"}}'),
	(360,17,'PO[8] Added','Added PO item at index 8','System','2026-01-22 01:01:46','{\"PO[8]\": {\"new\": \"Communication: Communicate effectively and inclusively within the engineering community and society at large, such as being able to comprehend and write effective reports and design documentation, make effective presentations considering cultural, language, and learning differences.\", \"old\": \"\"}}'),
	(361,17,'PO[2] Added','Added PO item at index 2','System','2026-01-22 01:01:46','{\"PO[2]\": {\"new\": \"Design/Development of Solutions: Design solutions for complex engineering problems and design system components or processes that meet the specified needs with appropriate consideration for the public health and safety, and the cultural, societal, and environmental considerations.\", \"old\": \"\"}}'),
	(362,17,'PEO-PO Mapping Saved','Updated PEO-PO mappings for the curriculum','System','2026-01-22 01:03:37',NULL),
	(363,17,'Card Added','Added Semester 1','System','2026-01-22 01:04:14',NULL),
	(364,17,'Course Added','Added course 22MA101 - ENGINEERING MATHEMATICS I to Semester 77','System','2026-01-22 01:14:24',NULL),
	(365,16,'Course Updated','Updated course: 22MA101 - ENGINEERING MATHEMATICS I ','System','2026-01-22 01:15:37','{\"lecture_hrs\": {\"new\": 3, \"old\": 0}, \"tutorial_hrs\": {\"new\": 1, \"old\": 10}, \"practical_hrs\": {\"new\": 0, \"old\": 3}}'),
	(366,17,'Course Added','Added course 22PH102 - ENGINEERING PHYSICS to Semester 77','System','2026-01-22 01:16:35',NULL),
	(367,17,'Course Added','Added course 22CH103 - ENGINEERING CHEMISTRY I to Semester 77','System','2026-01-22 01:22:24',NULL),
	(368,16,'Course Updated','Updated course: 22MA101 - ENGINEERING MATHEMATICS I ','System','2026-01-22 01:22:51','{\"lecture_hrs\": {\"new\": 45, \"old\": 3}, \"tutorial_hrs\": {\"new\": 15, \"old\": 1}}'),
	(369,17,'Course Added','Added course 22GE001  - FUNDAMENTALS OF COMPUTING to Semester 77','System','2026-01-22 01:23:48',NULL),
	(370,16,'Course Updated','Updated course: 22MA101 - ENGINEERING MATHEMATICS I ','System','2026-01-22 01:25:40','{\"lecture_hrs\": {\"new\": 3, \"old\": 45}, \"tutorial_hrs\": {\"new\": 1, \"old\": 15}}'),
	(371,17,'Course Added','Added course 22HS001 - FOUNDATIONAL ENGLISH  to Semester 77','System','2026-01-22 01:26:51',NULL),
	(372,17,'Course Added','Added course 22GE004 - BASICS OF ELECTRONICS ENGINEERING to Semester 77','System','2026-01-22 01:29:30',NULL),
	(373,17,'Course Added','Added course 22HS002 - STARTUP MANAGEMENT  to Semester 77','System','2026-01-22 01:30:13',NULL),
	(374,17,'Course Added','Added course 22HS003 - தமிழர்மரபு HERITAGE OF TAMILS to Semester 77','System','2026-01-22 01:30:57',NULL),
	(375,17,'Course Added','Added course 22AM108  - COMPREHENSIVE WORK to Semester 77','System','2026-01-22 01:31:53',NULL),
	(376,17,'Card Added','Added Semester 2','System','2026-01-22 01:32:33',NULL),
	(377,17,'Course Added','Added course 22MA201 - ENGINEERING MATHEMATICS II to Semester 78','System','2026-01-22 01:33:11',NULL),
	(378,17,'Course Added','Added course 22PH202 - ELECTROMAGNETISM AND MODERN PHYSICS to Semester 78','System','2026-01-22 01:34:01',NULL),
	(379,17,'Course Added','Added course 22CH203  - ENGINEERING CHEMISTRY II  to Semester 78','System','2026-01-22 01:34:40',NULL),
	(380,17,'Course Added','Added course 22GE002 - COMPUTATIONAL PROBLEM SOLVING to Semester 78','System','2026-01-22 01:35:18',NULL),
	(381,17,'Course Added','Added course 22GE003 - BASICS OF ELECTRICAL ENGINEERING to Semester 78','System','2026-01-22 01:36:05',NULL),
	(382,17,'Course Added','Added course 22AM206 - DIGITAL COMPUTER ELECTRONICS  to Semester 78','System','2026-01-22 01:36:58',NULL),
	(383,17,'Course Added','Added course 22HS006 - தமிழரும் ததொழில்நுட்பமும் TAMILS AND TECHNOLOGY^ to Semester 78','System','2026-01-22 01:37:43',NULL),
	(384,17,'PEO-PO Mapping Saved','Updated PEO-PO mappings for the curriculum','System','2026-01-22 02:41:38',NULL),
	(385,17,'Card Added','Added Semester 3','System','2026-01-22 02:43:13',NULL),
	(386,17,'Course Added','Added course 22CS301 - PROBABILITY, STATISTICS AND QUEUING THEORY to Semester 79','System','2026-01-22 02:45:33',NULL),
	(387,33,'PO[1] Added','Added PO item at index 1','System','2026-01-22 03:07:19','{\"PO[1]\": {\"new\": \"Problem Analysis: Identify, formulate, review research literature and analyze complex engineering problems reaching substantiated conclusions with consideration for sustainable development. (WK1 to WK4)\", \"old\": \"\"}}'),
	(388,33,'PSO[0] Updated','Updated PSO item at index 0','System','2026-01-22 03:07:19','{\"PSO[0]\": {\"new\": \"Implement new ideas on product / process development by utilizing the knowledge of design and manufacturing. \", \"old\": \" Implement new ideas on product / process development by utilizing the knowledge of design and manufacturing. \"}}'),
	(389,33,'PO[6] Updated','Updated PO item at index 6','System','2026-01-22 03:07:45','{\"PO[6]\": {\"new\": \"Ethics: Apply ethical principles and commit to professional ethics, human values, diversity and inclusion; adhere to national & international laws. (WK9)\", \"old\": \" Ethics: Apply ethical principles and commit to professional ethics, human values, diversity and inclusion; adhere to national & international laws. (WK9)\"}}'),
	(390,33,'PEO-PO Mapping Saved','Updated PEO-PO mappings for the curriculum','System','2026-01-22 03:09:55',NULL),
	(391,33,'PEO-PO Mapping Saved','Updated PEO-PO mappings for the curriculum','System','2026-01-22 03:10:36',NULL),
	(392,33,'Card Added','Added Semester 1','System','2026-01-22 03:11:13',NULL),
	(393,33,'Card Added','Added Semester 2','System','2026-01-22 03:11:39',NULL),
	(394,33,'Card Added','Added Semester 3','System','2026-01-22 03:12:10',NULL),
	(395,33,'Card Added','Added Semester 4','System','2026-01-22 03:12:18',NULL),
	(396,33,'Card Added','Added Semester 5','System','2026-01-22 03:12:28',NULL),
	(397,33,'Card Added','Added Semester 6','System','2026-01-22 03:12:33',NULL),
	(398,33,'Card Added','Added Semester 7','System','2026-01-22 03:12:40',NULL),
	(399,33,'Card Added','Added Semester 8','System','2026-01-22 03:12:51',NULL),
	(400,33,'Course Added','Added course 22MA101  - ENGINEERING MATHEMATICS I to Semester 80','System','2026-01-22 03:14:36',NULL),
	(401,33,'Course Added','Added course 22PH102  - ENGINEERING PHYSICS to Semester 80','System','2026-01-22 03:15:58',NULL),
	(402,33,'Course Updated','Updated course: 22PH102  - ENGINEERING PHYSICS ','System','2026-01-22 03:16:57','{\"cia_marks\": {\"new\": 50, \"old\": 40}, \"see_marks\": {\"new\": 50, \"old\": 60}, \"lecture_hrs\": {\"new\": 2, \"old\": 0}, \"tutorial_hrs\": {\"new\": 0, \"old\": 10}}'),
	(403,33,'Course Added','Added course 22CH103  - ENGINEERING CHEMISTRY I to Semester 80','System','2026-01-22 03:18:09',NULL),
	(404,33,'Course Added','Added course 22GE001 - FUNDAMENTALS OF COMPUTING  to Semester 80','System','2026-01-22 03:19:14',NULL),
	(405,33,'Course Added','Added course 22HS001  - FOUNDATIONAL ENGLISH  to Semester 80','System','2026-01-22 03:20:17',NULL),
	(406,33,'Course Added','Added course 22GE003 - BASICS OF ELECTRICAL ENGINEERING to Semester 80','System','2026-01-22 03:21:42',NULL),
	(407,33,'Course Added','Added course 22GE005 - ENGINEERING DRAWING to Semester 80','System','2026-01-22 03:22:40',NULL),
	(408,33,'Course Added','Added course 22HS003 - தமிழர்மரபு HERITAGE OF TAMILS #* to Semester 80','System','2026-01-22 03:23:38',NULL),
	(409,16,'Course Updated','Updated course: 22HS003 - தமிழர்மரபு HERITAGE OF TAMILS','System','2026-01-22 03:23:55','{\"lecture_hrs\": {\"new\": 1, \"old\": 15}}'),
	(410,33,'Course Added','Added course 22ME108  - COMPREHENSIVE WORK to Semester 80','System','2026-01-22 03:24:59',NULL),
	(411,24,'PO[0] Added','Added PO item at index 0','System','2026-01-22 03:25:08','{\"PO[0]\": {\"new\": \"Engineering Knowledge: Apply the knowledge of mathematics, science, engineering fundamentals, and an engineering specialization to the solution of complex engineering problems. \", \"old\": \"\"}}'),
	(412,24,'PO[1] Added','Added PO item at index 1','System','2026-01-22 03:25:08','{\"PO[1]\": {\"new\": \"Problem Analysis: Identify, formulate, review research literature, and analyse complex engineering problems reaching substantiated conclusions using first principles of  mathematics, natural sciences, and engineering sciences. \", \"old\": \"\"}}'),
	(413,24,'PEO-PO Mapping Saved','Updated PEO-PO mappings for the curriculum','System','2026-01-22 03:27:13',NULL),
	(414,24,'Card Added','Added Semester 1','System','2026-01-22 03:27:34',NULL),
	(415,33,'Course Added','Added course 22MA201 - ENGINEERING MATHEMATICS II to Semester 81','System','2026-01-22 03:27:48',NULL),
	(416,16,'Course Updated','Updated course: 22MA201 - ENGINEERING MATHEMATICS II','System','2026-01-22 03:28:07','{\"lecture_hrs\": {\"new\": 3, \"old\": 45}, \"tutorial_hrs\": {\"new\": 1, \"old\": 15}}'),
	(417,24,'Course Added','Added course 22MA101  - ENGINEERING MATHEMATICS I  to Semester 88','System','2026-01-22 03:28:23',NULL),
	(418,24,'Course Added','Added course 22PH102  - ENGINEERING PHYSICS  to Semester 88','System','2026-01-22 03:34:41',NULL),
	(419,24,'Course Added','Added course 22CH103  - ENGINEERING CHEMISTRY I  to Semester 88','System','2026-01-22 03:35:16',NULL),
	(420,33,'Course Added','Added course 22PH202  - ELECTROMAGNETISM AND MODERN PHYSICS  to Semester 81','System','2026-01-22 03:35:35',NULL),
	(421,24,'Course Added','Added course 22GE001  - FUNDAMENTALS OF COMPUTING  to Semester 88','System','2026-01-22 03:35:53',NULL),
	(422,33,'Course Added','Added course 22CH203  - ENGINEERING CHEMISTRY II  to Semester 81','System','2026-01-22 03:37:03',NULL),
	(423,24,'Course Added','Added course 22HS001 - FOUNDATIONAL ENGLISH  to Semester 88','System','2026-01-22 03:37:04',NULL),
	(424,33,'Course Added','Added course 22GE002  - COMPUTATIONAL PROBLEM SOLVING to Semester 81','System','2026-01-22 03:37:46',NULL),
	(425,33,'Course Added','Added course 22GE004 - BASICS OF ELECTRONICS ENGINEERING to Semester 81','System','2026-01-22 03:38:42',NULL),
	(426,27,'PO[0] Added','Added PO item at index 0','System','2026-01-22 03:40:04','{\"PO[0]\": {\"new\": \"Engineering Knowledge: Apply knowledge of mathematics, natural science, computing, engineering fundamentals and an engineering specialization to develop to the solution of complex engineering problems.\", \"old\": \"\"}}'),
	(427,27,'PO[1] Added','Added PO item at index 1','System','2026-01-22 03:40:04','{\"PO[1]\": {\"new\": \"Problem Analysis: Identify, formulate, review research literature and analyze complex engineering problems reaching substantiated conclusions with consideration for sustainable development.\", \"old\": \"\"}}'),
	(428,17,'PEO-PO Mapping Saved','Updated PEO-PO mappings for the curriculum','System','2026-01-22 03:40:08',NULL),
	(429,33,'Course Added','Added course 22HS002 - STARTUP MANAGEMENT to Semester 81','System','2026-01-22 03:40:13',NULL),
	(430,24,'Course Added','Added course 22GE004 - BASICS OF ELECTRONICS ENGINEERING to Semester 88','System','2026-01-22 03:40:31',NULL),
	(431,17,'Card Added','Added Semester 4','System','2026-01-22 03:42:08',NULL),
	(432,24,'Course Added','Added course 22HS002  - STARTUP MANAGEMENT to Semester 88','System','2026-01-22 03:42:40',NULL),
	(433,27,'PEO-PO Mapping Saved','Updated PEO-PO mappings for the curriculum','System','2026-01-22 03:43:21',NULL),
	(434,27,'PEO-PO Mapping Saved','Updated PEO-PO mappings for the curriculum','System','2026-01-22 03:43:25',NULL),
	(435,24,'Course Added','Added course 22HS003 - தமிழர் மரபு  HERITAGE OF TAMILS#*  to Semester 88','System','2026-01-22 03:43:47',NULL),
	(436,33,'Course Added','Added course 22HS006  - தமிழரும் ததொழில்நுட்பமும் TAMILS AND TECHNOLOGY to Semester 81','System','2026-01-22 03:45:06',NULL),
	(437,24,'Course Added','Added course 22CS108 - COMPREHENSIVE WORKS to Semester 88','System','2026-01-22 03:45:06',NULL),
	(438,24,'Card Added','Added Semester 2','System','2026-01-22 03:45:24',NULL),
	(439,27,'Card Added','Added Semester 1','System','2026-01-22 03:45:44',NULL),
	(440,24,'Course Added','Added course 22MA201 - ENGINEERING MATHEMATICS II  to Semester 90','System','2026-01-22 03:46:06',NULL),
	(441,27,'Course Added','Added course 22MA101 - ENGINEERING MATHEMATICS I to Semester 91','System','2026-01-22 03:46:48',NULL),
	(442,33,'Course Added','Added course 22HS009  - COCURRICULAR OR EXTRACURRICULAR ACTIVITY to Semester 81','System','2026-01-22 03:46:55',NULL),
	(443,27,'Card Added','Added Semester 2','System','2026-01-22 03:47:03',NULL),
	(444,33,'Course Added','Added course 22ME301  - ENGINEERING MATHEMATICS III to Semester 82','System','2026-01-22 03:48:13',NULL),
	(445,27,'Course Added','Added course 22PH102  - ENGINEERING PHYSICS to Semester 91','System','2026-01-22 03:48:22',NULL),
	(446,33,'Course Added','Added course 22ME302 - ELECTRIC MACHINES AND DRIVES  to Semester 82','System','2026-01-22 03:49:00',NULL),
	(447,33,'Course Added','Added course 22ME303 - ENGINEERING THERMODYNAMICS  to Semester 82','System','2026-01-22 03:49:40',NULL),
	(448,27,'Course Added','Added course 22CH103 - ENGINEERING CHEMISTRY I  to Semester 91','System','2026-01-22 03:49:48',NULL),
	(449,33,'Course Added','Added course 22ME304 - FLUID MECHANICS AND MACHINERY  to Semester 82','System','2026-01-22 03:50:26',NULL),
	(450,27,'Course Added','Added course 22GE001  - FUNDAMENTALS OF COMPUTING to Semester 91','System','2026-01-22 03:51:07',NULL),
	(451,33,'Course Added','Added course 22ME305  - ENGINEERING MECHANICS  to Semester 82','System','2026-01-22 03:51:14',NULL),
	(452,33,'Course Added','Added course 22HS004  - HUMAN VALUES AND ETHICS  to Semester 82','System','2026-01-22 03:51:53',NULL),
	(453,27,'Course Added','Added course 22HS001 - FOUNDATIONAL ENGLISH  to Semester 91','System','2026-01-22 03:52:40',NULL),
	(454,33,'Course Added','Added course 22HS005 - SOFT SKILLS AND EFFECTIVE COMMUNICATION to Semester 82','System','2026-01-22 03:52:41',NULL),
	(455,33,'Course Added','Added course 22ME309 - MODELING AND SIMULATION LABORATORY to Semester 82','System','2026-01-22 03:53:24',NULL),
	(456,27,'Course Added','Added course 22GE003 - BASICS OF ELECTRICAL ENGINEERING to Semester 91','System','2026-01-22 03:53:38',NULL),
	(457,27,'Course Added','Added course 22HS002 - STARTUP MANAGEMENT  to Semester 91','System','2026-01-22 03:54:32',NULL),
	(458,24,'Course Added','Added course 22PH202 - ELECTROMAGNETISM AND MODERN PHYSICS  to Semester 90','System','2026-01-22 03:54:35',NULL),
	(459,24,'Course Added','Added course 22CH203 - ENGINEERING CHEMISTRY II  to Semester 90','System','2026-01-22 03:55:16',NULL),
	(460,27,'Course Added','Added course 22HS003* - தமிழர்மரபு HERITAGE OF TAMILS to Semester 91','System','2026-01-22 03:55:17',NULL),
	(461,33,'Course Added','Added course 22ME401  - KINEMATICS AND DYNAMICS OFMACHINERY to Semester 83','System','2026-01-22 03:55:29',NULL),
	(462,24,'Course Added','Added course 22GE002 -  COMPUTATIONAL PROBLEM SOLVING  to Semester 90','System','2026-01-22 03:55:49',NULL),
	(463,27,'Course Added','Added course 22EC108$ - COMPREHENSIVE WORK  to Semester 91','System','2026-01-22 03:56:31',NULL),
	(464,24,'Course Added','Added course 22GE003 - BASICS OF ELECTRICAL ENGINEERING  to Semester 90','System','2026-01-22 03:56:57',NULL),
	(465,24,'Course Added','Added course 22CS206 - DIGITAL COMPUTER ELECTRONICS  to Semester 90','System','2026-01-22 03:57:55',NULL),
	(466,27,'Course Added','Added course 22MA201 - ENGINEERING MATHEMATICS II  to Semester 92','System','2026-01-22 03:57:58',NULL),
	(467,33,'Course Added','Added course 22ME402 - SENSORS AND TRANSDUCER  to Semester 83','System','2026-01-22 03:58:12',NULL),
	(468,24,'Course Added','Added course - - LANGUAGE ELECTIVE  to Semester 90','System','2026-01-22 03:58:57',NULL),
	(469,33,'Course Added','Added course 22ME403 - STRENGTH OF MATERIALS  to Semester 83','System','2026-01-22 03:59:14',NULL),
	(470,24,'Course Added','Added course 22HS006 - தமிழரும்  ததொழில்நுட்பமும்  TAMILS AND TECHNOLOGY to Semester 90','System','2026-01-22 03:59:34',NULL),
	(471,33,'Course Added','Added course 22ME404 - INDUSTRIAL AUTOMATION WITH PLC*  to Semester 83','System','2026-01-22 04:00:11',NULL),
	(472,24,'Card Added','Added Semester 3','System','2026-01-22 04:00:23',NULL),
	(473,24,'Course Added','Added course 22CS301 - PROBABILITY, STATISTICS AND QUEUING THEORY  to Semester 93','System','2026-01-22 04:01:07',NULL),
	(474,24,'Course Added','Added course 22HS009 - COCURRICULAR OR EXTRACURRICULAR  ACTIVITY*  to Semester 90','System','2026-01-22 04:02:16',NULL),
	(475,27,'Course Added','Added course 22PH202  - ELECTROMAGNETISM AND MODERN PHYSICS  to Semester 92','System','2026-01-22 04:02:35',NULL),
	(476,33,'Course Added','Added course 22ME405 - MATERIALS AND MANUFACTURING PROCESSES to Semester 83','System','2026-01-22 04:02:42',NULL),
	(477,24,'Course Added','Added course 22CS302 - DATA STRUCTURES I  to Semester 93','System','2026-01-22 04:03:25',NULL),
	(478,27,'Course Added','Added course 22CH203  - ENGINEERING CHEMISTRY II to Semester 92','System','2026-01-22 04:03:41',NULL),
	(479,21,'PO[0] Updated','Updated PO item at index 0','System','2026-01-22 04:04:03','{\"PO[0]\": {\"new\": \"Engineering Knowledge: Apply knowledge of mathematics, natural science, computing, engineering fundamentals and an engineering specialization to develop to the solution of complex engineering problems.\", \"old\": \"Engineering Knowledge: Apply the knowledge of mathematics, science, engineering fundamentals, and an engineering specialization to the solution of complex engineering problems.\"}}'),
	(480,21,'PO[2] Updated','Updated PO item at index 2','System','2026-01-22 04:04:03','{\"PO[2]\": {\"new\": \"Design/Development of Solutions: Design creative solutions for complex engineering problems and design/develop systems/components/processes to meet identified needs with consideration for the public health and safety, whole-life cost, net zero carbon, culture, society and environment as required.\", \"old\": \"Design/ Development of Solutions: Design solutions for complex engineering problems and design system components or processes that meet the specified needs with appropriate consideration for the public health and safety, and the cultural, societal, and environmental considerations.\"}}'),
	(481,27,'Course Added','Added course 22GE002  - COMPUTATIONAL PROBLEM SOLVING to Semester 92','System','2026-01-22 04:04:42',NULL),
	(482,33,'Course Added','Added course 22HS007 - ENVIRONMENTAL SCIENCE to Semester 83','System','2026-01-22 04:04:49',NULL),
	(483,33,'Course Updated','Updated course: 22HS007 - ENVIRONMENTAL SCIENCE','System','2026-01-22 04:05:06','{\"tutorial_hrs\": {\"new\": 0, \"old\": 2}}'),
	(484,24,'Course Added','Added course 22CS303 -  COMPUTER ORGANIZATION AND ARCHITECTURE to Semester 93','System','2026-01-22 04:05:13',NULL),
	(485,27,'Course Added','Added course 22GE004 - BASICS OF ELECTRONICS ENGINEERING  to Semester 92','System','2026-01-22 04:05:21',NULL),
	(486,32,'PEO-PO Mapping Saved','Updated PEO-PO mappings for the curriculum','System','2026-01-22 04:05:22',NULL),
	(487,32,'PEO-PO Mapping Saved','Updated PEO-PO mappings for the curriculum','System','2026-01-22 04:05:25',NULL),
	(488,21,'Card Added','Added Semester 1','System','2026-01-22 04:05:36',NULL),
	(489,24,'Course Added','Added course 22CS304 - PRINCIPLES OF PROGRAMMING LANGUAGES to Semester 93','System','2026-01-22 04:05:50',NULL),
	(490,33,'Course Added','Added course 22HS008  - ADVANCED ENGLISH AND TECHNICALEXPRESSION  to Semester 83','System','2026-01-22 04:05:59',NULL),
	(491,27,'Course Added','Added course 22GE005 - ENGINEERING DRAWING  to Semester 92','System','2026-01-22 04:06:12',NULL),
	(492,24,'Course Added','Added course 22CS305 - SOFTWARE ENGINEERING  to Semester 93','System','2026-01-22 04:06:22',NULL),
	(493,24,'Course Added','Added course 22HS004 - HUMAN VALUES AND ETHICS  to Semester 93','System','2026-01-22 04:06:56',NULL),
	(494,33,'Course Added','Added course 22HS010  - SOCIALLY RELEVANT PROJECT to Semester 83','System','2026-01-22 04:06:59',NULL),
	(495,27,'Course Added','Added course - - LANGUAGE ELECTIVE  to Semester 92','System','2026-01-22 04:07:00',NULL),
	(496,17,'Course Added','Added course 22AM301 - PROBABILITY AND STATISTICS to Semester 79','System','2026-01-22 04:07:06',NULL),
	(497,21,'Course Added','Added course 22MA101 - ENGINEERING MATHEMATICS I to Semester 94','System','2026-01-22 04:07:36',NULL),
	(498,27,'Course Added','Added course 22HS006* - தமிழரும் ததொழில்நுட்பமும் TAMILS AND TECHNOLOGY  to Semester 92','System','2026-01-22 04:07:45',NULL),
	(499,24,'Course Added','Added course 22HS005 -  SOFT SKILLS AND EFFECTIVE COMMUNICATION to Semester 93','System','2026-01-22 04:07:47',NULL),
	(500,24,'Card Added','Added Semester 4','System','2026-01-22 04:07:57',NULL),
	(501,33,'Course Added','Added course 22ME501  - MECHATRONICS to Semester 84','System','2026-01-22 04:08:02',NULL),
	(502,24,'Course Added','Added course 22CS401 - DISCRETE MATHEMATICS  to Semester 95','System','2026-01-22 04:08:36',NULL),
	(503,33,'Course Added','Added course 22ME502  - DESIGN OF MACHINE ELEMENTS to Semester 84','System','2026-01-22 04:08:54',NULL),
	(504,21,'Course Added','Added course 22PH102 - ENGINEERING PHYSICS to Semester 94','System','2026-01-22 04:09:05',NULL),
	(505,27,'Course Added','Added course 22HS009*  - COCURRICULAR OR EXTRACURRICULAR ACTIVITIE to Semester 92','System','2026-01-22 04:09:15',NULL),
	(506,33,'Course Added','Added course 22ME503  - THERMAL ENGINEERING  to Semester 84','System','2026-01-22 04:09:30',NULL),
	(507,27,'Course Updated','Updated course: 22HS009*  - COCURRICULAR OR EXTRACURRICULAR ACTIVITIE','System','2026-01-22 04:09:55','{\"cia_marks\": {\"new\": 100, \"old\": 40}}'),
	(508,33,'Course Added','Added course 22ME504  - MACHINING AND METROLOGY  to Semester 84','System','2026-01-22 04:10:11',NULL),
	(509,27,'Card Added','Added Semester 3','System','2026-01-22 04:10:18',NULL),
	(510,27,'Card Added','Added Semester 4','System','2026-01-22 04:10:27',NULL),
	(511,27,'Card Added','Added Semester 5','System','2026-01-22 04:10:36',NULL),
	(512,27,'Card Added','Added Semester 6','System','2026-01-22 04:10:43',NULL),
	(513,27,'Card Added','Added Semester 7','System','2026-01-22 04:10:52',NULL),
	(514,27,'Card Added','Added Semester 8','System','2026-01-22 04:10:58',NULL),
	(515,33,'Course Added','Added course 22ME507 - MINI PROJECT I to Semester 84','System','2026-01-22 04:11:02',NULL),
	(516,32,'Course Added','Added course 22MA101 - ENGINEERING MATHEMATICS I to Semester 72','System','2026-01-22 04:11:05',NULL),
	(517,33,'Course Added','Added course 22ME508  - ADVANCED MODELING LABORATORY  to Semester 84','System','2026-01-22 04:11:35',NULL),
	(518,32,'Course Added','Added course 22PH102 - ENGINEERING PHYSICS to Semester 72','System','2026-01-22 04:12:23',NULL),
	(519,33,'Course Added','Added course 22ME601 - HEAT AND MASS TRANSFER  to Semester 85','System','2026-01-22 04:12:24',NULL),
	(520,27,'Course Added','Added course 22EC301  - PROBABILITY, STATISTICS AND RANDOM PROCESS* to Semester 96','System','2026-01-22 04:12:51',NULL),
	(521,33,'Course Added','Added course 22ME602 - FINITE ELEMENT ANALYSIS to Semester 85','System','2026-01-22 04:12:57',NULL),
	(522,32,'Course Added','Added course 22CH103 - ENGINEERING CHEMISTRY I to Semester 72','System','2026-01-22 04:13:05',NULL),
	(523,21,'Course Added','Added course 22CH103 - ENGINEERING CHEMISTRY I  to Semester 94','System','2026-01-22 04:13:24',NULL),
	(524,33,'Course Added','Added course 22ME603  - COMPUTER AIDED MANUFACTURING  to Semester 85','System','2026-01-22 04:13:30',NULL),
	(525,27,'Course Added','Added course 22EC302 - CIRCUIT ANALYSIS  to Semester 96','System','2026-01-22 04:13:44',NULL),
	(526,17,'Course Added','Added course 22AM302 - DATA STRUCTURES I to Semester 79','System','2026-01-22 04:13:46',NULL),
	(527,16,'Course Added','Added course 22CH203 - ENGINEERING CHEMESTRY II to Semester 76','System','2026-01-22 04:13:47',NULL),
	(528,33,'Course Added','Added course 22ME607  - MINI PROJECT II  to Semester 85','System','2026-01-22 04:14:07',NULL),
	(529,32,'Course Added','Added course 22GE001 - FUNDAMENTALS OF COMPUTING to Semester 72','System','2026-01-22 04:14:09',NULL),
	(530,24,'Course Added','Added course 22CS402 - DATA STRUCTURES II to Semester 95','System','2026-01-22 04:14:41',NULL),
	(531,33,'Course Added','Added course 22ME701  - INDUSTRIAL ROBOTICS  to Semester 86','System','2026-01-22 04:14:52',NULL),
	(532,32,'Course Added','Added course 22HS001 - FOUNDATIONAL ENGLISH to Semester 72','System','2026-01-22 04:14:54',NULL),
	(533,27,'Course Added','Added course 22EC303  - DIGITAL LOGIC CIRCUIT DESIGN to Semester 96','System','2026-01-22 04:15:05',NULL),
	(534,21,'Course Added','Added course 22GE001 - FUNDAMENTALS OF COMPUTING to Semester 94','System','2026-01-22 04:15:13',NULL),
	(535,17,'Course Added','Added course 22AM303 - COMPUTER ORGANIZATION AND ARCHITECTURE to Semester 79','System','2026-01-22 04:15:24',NULL),
	(536,32,'Course Added','Added course 22GE004 - BASICS OF ELECTRONICS ENGINEERING to Semester 72','System','2026-01-22 04:15:35',NULL),
	(537,16,'Course Added','Added course 22GE002 - COMPUTATIONAL PROBLEM SOLVING to Semester 76','System','2026-01-22 04:15:39',NULL),
	(538,33,'Course Added','Added course 22ME702  - IoT FOR AUTOMATION  to Semester 86','System','2026-01-22 04:15:58',NULL),
	(539,32,'Course Added','Added course 22HS002  - STARTUP MANAGEMENT  to Semester 72','System','2026-01-22 04:16:19',NULL),
	(540,17,'Course Added','Added course 22AM304 - PRINCIPLES OF PROGRAMMING LANGUAGES to Semester 79','System','2026-01-22 04:16:35',NULL),
	(541,33,'Course Added','Added course 22ME707  - PROJECT WORK I  to Semester 86','System','2026-01-22 04:16:40',NULL),
	(542,16,'Course Added','Added course 22GE003 - BASICS OF ELECTRICAL ENGINEERING to Semester 76','System','2026-01-22 04:17:11',NULL),
	(543,33,'Course Added','Added course 22ME801  - PROJECT WORK II  to Semester 87','System','2026-01-22 04:17:22',NULL),
	(544,17,'Course Added','Added course 22AM305 - SOFTWARE ENGINEERING  to Semester 79','System','2026-01-22 04:17:30',NULL),
	(545,16,'Course Added','Added course 22AI206 - DIGITAL COMPUTER ELECTRONICS  to Semester 76','System','2026-01-22 04:18:18',NULL),
	(546,17,'Course Added','Added course 22HS004 - HUMAN VALUES AND ETHICS to Semester 79','System','2026-01-22 04:18:19',NULL),
	(547,21,'Course Added','Added course 22HS001 - FOUNDATIONAL ENGLISH to Semester 94','System','2026-01-22 04:18:28',NULL),
	(548,32,'Course Added','Added course 22HS003 - தமழர மரபு  HERITAGE OF TAMILS to Semester 72','System','2026-01-22 04:18:50',NULL),
	(549,21,'Course Added','Added course 22GE003 - BASICS OF ELECTRICAL ENGINEERING to Semester 94','System','2026-01-22 04:19:47',NULL),
	(550,32,'Course Added','Added course 22IT108 - COMPREHENSIVE WORK to Semester 72','System','2026-01-22 04:19:48',NULL),
	(551,32,'Card Added','Added Semester 2','System','2026-01-22 04:19:59',NULL),
	(552,17,'Course Added','Added course 22HS005 - SOFT SKILLS AND EFFECTIVE COMMUNICATION to Semester 79','System','2026-01-22 04:20:17',NULL),
	(553,21,'Course Added','Added course 22HS002 - STARTUP MANAGEMENT to Semester 94','System','2026-01-22 04:20:38',NULL),
	(554,21,'Course Added','Added course 22HS003 - தமிழர்மரபு HERITAGE OF TAMILS to Semester 94','System','2026-01-22 04:21:23',NULL),
	(555,17,'Course Added','Added course 22AM401 - APPLIED LINEAR ALGEBRA  to Semester 89','System','2026-01-22 04:21:46',NULL),
	(556,21,'Course Added','Added course 22BT108 - COMPREHENSIVE WORK to Semester 94','System','2026-01-22 04:22:16',NULL),
	(557,16,'Course Added','Added course 22HS006  - தமிழரும் ததொழில்நுட்பமும் TAMILS AND TECHNOLOGY^* to Semester 76','System','2026-01-22 04:22:23',NULL),
	(558,17,'Course Added','Added course 22AM402 - DATA STRUCTURES II to Semester 89','System','2026-01-22 04:22:26',NULL),
	(559,32,'Course Added','Added course 22MA201 - ENGINEERING MATHEMATICS II to Semester 102','System','2026-01-22 04:22:27',NULL),
	(560,17,'Course Added','Added course 22AM403 - OPERATING SYSTEMS to Semester 89','System','2026-01-22 04:23:24',NULL),
	(561,16,'Card Added','Added Semester 3','System','2026-01-22 04:23:30',NULL),
	(562,32,'Course Added','Added course 22PH202 - ELECTROMAGNETISM AND MODERN PHYSICS to Semester 102','System','2026-01-22 04:23:32',NULL),
	(563,32,'Course Added','Added course 22CH203 - ENGINEERING CHEMISTRY II to Semester 102','System','2026-01-22 04:24:05',NULL),
	(564,17,'Course Added','Added course 22AM404 - WEB TECHNOLOGY AND FRAMEWORKS to Semester 89','System','2026-01-22 04:24:07',NULL),
	(565,17,'Course Added','Added course 22AM405 - DATABASE MANAGEMENT SYSTEM  to Semester 89','System','2026-01-22 04:24:51',NULL),
	(566,32,'Course Added','Added course 22GE002 - COMPUTATIONALPROBLEM SOLVING to Semester 102','System','2026-01-22 04:24:51',NULL),
	(567,20,'PO[2] Updated','Updated PO item at index 2','System','2026-01-22 04:24:57','{\"PO[2]\": {\"new\": \"Design/Development of Solutions: Design creative solutions for complex engineering problems and design/develop systems/components/processes to meet identified needs with consideration for the public health and safety, whole-life cost, net zero carbon, culture, society and environment as required.\", \"old\": \"Design solutionsfor complex engineering problems and design system components or processes that meet the specified needs with appropriate consideration for the public health and safety, andthe cultural, societal, and environmental considerations.\"}}'),
	(568,20,'PO[5] Updated','Updated PO item at index 5','System','2026-01-22 04:24:57','{\"PO[5]\": {\"new\": \"The Engineer and The World: Analyze and evaluate societal and environmental aspects while solving complex engineering problems for its impact on sustainability with reference to economy, health, safety, legal framework, culture and environment.\", \"old\": \"Apply reasoning informed by the contextual knowledge to assess societal, health, safety, legal and cultural issues and the consequent responsibilities relevant to the professional engineering practice.\"}}'),
	(569,16,'Course Added','Added course 22AI301 - PROBABILITY AND STATISTICS to Semester 103','System','2026-01-22 04:25:06',NULL),
	(570,20,'Card Added','Added Semester 1','System','2026-01-22 04:25:07',NULL),
	(571,32,'Course Added','Added course 22GE003 - BASICS OF ELECTRICAL ENGINEERING  to Semester 102','System','2026-01-22 04:25:28',NULL),
	(572,17,'Course Added','Added course 22HS007 - ENVIRONMENTAL SCIENCE to Semester 89','System','2026-01-22 04:25:59',NULL),
	(573,16,'Course Added','Added course 22AI302 - DATA STRUCTURES I  to Semester 103','System','2026-01-22 04:26:08',NULL),
	(574,20,'Course Added','Added course 22MA101 - ENGINEERING MATHEMATICS I to Semester 104','System','2026-01-22 04:26:18',NULL),
	(575,32,'Course Added','Added course 22IT206 - DIGITAL COMPUTER ELECTRONICS to Semester 102','System','2026-01-22 04:26:32',NULL),
	(576,17,'Course Removed','Removed course ENVIRONMENTAL SCIENCE from Semester 89','System','2026-01-22 04:27:18',NULL),
	(577,16,'Course Added','Added course 22AI303 - COMPUTER ORGANIZATION AND ARCHITECTURE** to Semester 103','System','2026-01-22 04:28:08',NULL),
	(578,32,'Course Added','Added course 22HS006 - தமிழரும் ததொழில்நுட்பமும் TAMILS AND TECHNOLOGY to Semester 102','System','2026-01-22 04:28:48',NULL),
	(579,16,'Card Added','Added New Card','System','2026-01-22 04:29:16',NULL),
	(580,16,'Course Added','Added course 22AI304 - PRINCIPLES OF PROGRAMMING LANGUAGES to Semester 103','System','2026-01-22 04:29:28',NULL),
	(581,17,'Course Added','Added course 22HS008 - ADVANCED ENGLISH AND TECHNICAL EXPRESSION to Semester 89','System','2026-01-22 04:29:50',NULL),
	(582,16,'Course Added','Added course 22AI305 - SOFTWARE ENGINEERING to Semester 103','System','2026-01-22 04:30:24',NULL),
	(583,16,'Card Added','Added Vertical 1','System','2026-01-22 04:30:38',NULL),
	(584,21,'Card Added','Added Semester 2','System','2026-01-22 04:31:01',NULL),
	(585,16,'Course Added','Added course 22HS004 - HUMAN VALUES AND ETHICS to Semester 103','System','2026-01-22 04:31:06',NULL),
	(586,17,'Card Added','Added Semester 5','System','2026-01-22 04:31:11',NULL),
	(587,17,'Course Added','Added course 22AM501 -  ARTIFICIAL INTELLIGENCE to Semester 108','System','2026-01-22 04:31:52',NULL),
	(588,21,'Course Added','Added course 22MA201 - ENGINEERING MATHEMATICS II to Semester 107','System','2026-01-22 04:31:55',NULL),
	(589,16,'Course Added','Added course 22HS005 - SOFT SKILLS AND EFFECTIVE COMMUNICATION to Semester 103','System','2026-01-22 04:32:16',NULL),
	(590,17,'Course Added','Added course 22AM502 - BIG DATA TECHNOLOGIES  to Semester 108','System','2026-01-22 04:32:20',NULL),
	(591,27,'Course Added','Added course 22EC304 - ANALOG ELECTRONICS AND INTEGRATED CIRCUITS  to Semester 96','System','2026-01-22 04:32:23',NULL),
	(592,16,'Card Added','Added Semester 4','System','2026-01-22 04:32:35',NULL),
	(593,21,'Course Added','Added course 22PH202 - ELECTROMAGNETISM AND MODERN PHYSICS  to Semester 107','System','2026-01-22 04:32:42',NULL),
	(594,27,'Course Added','Added course 22EC305  - DATA STRUCTURES AND ALGORITHMS  to Semester 96','System','2026-01-22 04:33:07',NULL),
	(595,17,'Course Added','Added course 22AM503 - MACHINE LEARNING to Semester 108','System','2026-01-22 04:33:14',NULL),
	(596,16,'Course Added','Added course 22AI401  - APPLIED LINEAR ALGEBRA to Semester 109','System','2026-01-22 04:33:30',NULL),
	(597,21,'Course Added','Added course 22CH203 - ENGINEERING CHEMISTRY II  to Semester 107','System','2026-01-22 04:33:31',NULL),
	(598,27,'Course Added','Added course 22HS004 - HUMAN VALUES AND ETHICS  to Semester 96','System','2026-01-22 04:33:41',NULL),
	(599,17,'Course Added','Added course 22AM504 - CLOUD COMPUTING to Semester 108','System','2026-01-22 04:33:52',NULL),
	(600,33,'Card Added','Added New Card','System','2026-01-22 04:33:53',NULL),
	(601,21,'Course Added','Added course 22GE002 - COMPUTATIONAL PROBLEM SOLVING to Semester 107','System','2026-01-22 04:34:08',NULL),
	(602,32,'Card Added','Added Semester 3','System','2026-01-22 04:34:35',NULL),
	(603,27,'Course Added','Added course 22HS005 - SOFT SKILLS AND EFFECTIVE COMMUNICATION to Semester 96','System','2026-01-22 04:34:41',NULL),
	(604,16,'Course Added','Added course 22AI402 - DATA STRUCTURES II to Semester 109','System','2026-01-22 04:34:42',NULL),
	(605,21,'Course Added','Added course 22GE004 - BASICS OF ELECTRONICS ENGINEERING to Semester 107','System','2026-01-22 04:34:46',NULL),
	(606,17,'Course Added','Added course 22AM507 - MINI PROJECT I to Semester 108','System','2026-01-22 04:35:06',NULL),
	(607,32,'Course Added','Added course 22IT301 - PROBABILITY, STATISTICS AND QUEUING THEORY to Semester 111','System','2026-01-22 04:35:17',NULL),
	(608,16,'Course Added','Added course 22AI403 - OPERATING SYSTEMS to Semester 109','System','2026-01-22 04:35:19',NULL),
	(609,21,'Course Added','Added course 22GE005 - ENGINEERING DRAWING to Semester 107','System','2026-01-22 04:35:38',NULL),
	(610,33,'Course Added','Added course 22HS201 - COMMUNICATIVE ENGLISH II to Semester 110','System','2026-01-22 04:35:51',NULL),
	(611,16,'Course Added','Added course 22AI404 - WEB TECHNOLOGY AND FRAMEWORKS  to Semester 109','System','2026-01-22 04:36:05',NULL),
	(612,33,'Course Added','Added course 22HSH01  - HINDI to Semester 110','System','2026-01-22 04:36:26',NULL),
	(613,17,'Card Added','Added Semester 6','System','2026-01-22 04:36:28',NULL),
	(614,27,'Course Added','Added course 22EC401  - SIGNALS AND SYSTEMS to Semester 97','System','2026-01-22 04:36:53',NULL),
	(615,33,'Course Added','Added course 22HSG01 - GERMAN  to Semester 110','System','2026-01-22 04:36:56',NULL),
	(616,17,'Course Added','Added course 22AM601 - NATURAL LANGUAGE PROCESSING ** to Semester 112','System','2026-01-22 04:37:07',NULL),
	(617,16,'Course Added','Added course 22AI405 - DATABASE MANAGEMENT SYSTEM to Semester 109','System','2026-01-22 04:37:20',NULL),
	(618,33,'Course Added','Added course 22HSJ01 - JAPANESE  to Semester 110','System','2026-01-22 04:37:23',NULL),
	(619,17,'Course Added','Added course 22AM602 - COMPUTER VISION AND DIGITAL IMAGING to Semester 112','System','2026-01-22 04:37:45',NULL),
	(620,27,'Course Added','Added course 22EC402 - ANALOG COMMUNICATION to Semester 97','System','2026-01-22 04:37:47',NULL),
	(621,33,'Course Added','Added course 22HSF01 - FRENCH  to Semester 110','System','2026-01-22 04:37:54',NULL),
	(622,20,'Course Added','Added course 22PH102  - ENGINEERING PHYSICS to Semester 104','System','2026-01-22 04:38:05',NULL),
	(623,32,'Course Added','Added course 22IT302 - DATA STRUCTURES I to Semester 111','System','2026-01-22 04:38:10',NULL),
	(624,33,'Card Added','Added Vertical 1','System','2026-01-22 04:38:27',NULL),
	(625,17,'Course Added','Added course 22AM603 - DEEP LEARNING to Semester 112','System','2026-01-22 04:38:28',NULL),
	(626,16,'Course Added','Added course 22HS007 - ENVIRONMENTAL SCIENCE to Semester 109','System','2026-01-22 04:38:39',NULL),
	(627,21,'Course Added','Added course 22HS006 - தமிழரும் ததொழில்நுட்பமும் TAMILS AND TECHNOLOGY to Semester 107','System','2026-01-22 04:38:52',NULL),
	(628,32,'Course Added','Added course 22IT303  - COMPUTER ORGANIZATION AND ARCHITECTURE to Semester 111','System','2026-01-22 04:38:55',NULL),
	(629,27,'Course Added','Added course 22EC403 - ELECTROMAGNETIC FIELDS AND WAVEGUIDES to Semester 97','System','2026-01-22 04:38:56',NULL),
	(630,20,'Course Added','Added course 22CH103 - ENGINEERING CHEMISTRY I to Semester 104','System','2026-01-22 04:39:08',NULL),
	(631,33,'Course Added','Added course 22ME001 - CONCEPTS OF ENGINEERING DESIGN  to Semester 113','System','2026-01-22 04:39:11',NULL),
	(632,32,'Course Added','Added course 22IT304 - PRINCIPLES OF PROGRAMMING LANGUAGES to Semester 111','System','2026-01-22 04:39:31',NULL),
	(633,33,'Course Added','Added course 22ME002  - COMPOSITE MATERIALS AND MECHANICS  to Semester 113','System','2026-01-22 04:39:32',NULL),
	(634,27,'Course Added','Added course 22EC404  - CMOS DIGITAL INTEGRATED CIRCUITS to Semester 97','System','2026-01-22 04:39:39',NULL),
	(635,21,'Course Added','Added course 22HS009 - CO-CURRICULAR OR EXTRACURRICULAR ACTIVITY to Semester 107','System','2026-01-22 04:39:52',NULL),
	(636,33,'Course Added','Added course 22ME003  - COMPUTER AIDED DESIGN to Semester 113','System','2026-01-22 04:39:57',NULL),
	(637,17,'Course Added','Added course 22AM607 - MINI PROJECT II to Semester 112','System','2026-01-22 04:40:02',NULL),
	(638,32,'Course Added','Added course 22IT305 - SOFTWARE ENGINEERING to Semester 111','System','2026-01-22 04:40:07',NULL),
	(639,33,'Course Added','Added course 22ME004  - MECHANICAL VIBRATIONS  to Semester 113','System','2026-01-22 04:40:22',NULL),
	(640,20,'Course Removed','Removed course ENGINEERING PHYSICS  from Semester 104','System','2026-01-22 04:40:24',NULL),
	(641,20,'Course Removed','Removed course ENGINEERING CHEMISTRY I  from Semester 104','System','2026-01-22 04:40:28',NULL),
	(642,21,'Card Added','Added Semester 3','System','2026-01-22 04:40:29',NULL),
	(643,17,'Card Added','Added Semester 7','System','2026-01-22 04:40:35',NULL),
	(644,27,'Course Added','Added course 22EC405 - EMBEDDED SYSTEMS  to Semester 97','System','2026-01-22 04:40:39',NULL),
	(645,33,'Course Added','Added course 22ME005 - ENGINEERING TRIBOLOGY to Semester 113','System','2026-01-22 04:40:45',NULL),
	(646,21,'Course Added','Added course 22BT301 - FOURIER SERIES, TRANSFORMS AND BIOSTATISTICS to Semester 114','System','2026-01-22 04:41:10',NULL),
	(647,33,'Course Added','Added course 22ME006  - FAILURE ANALYSIS AND DESIGN  to Semester 113','System','2026-01-22 04:41:11',NULL),
	(648,17,'Course Added','Added course 22AM701 - PATTERN AND ANOMALY DETECTION to Semester 115','System','2026-01-22 04:41:12',NULL),
	(649,32,'Course Added','Added course 22HS004 - HUMAN VALUES AND ETHICS to Semester 111','System','2026-01-22 04:41:16',NULL),
	(650,16,'Course Added','Added course 22HS008  - ADVANCED ENGLISH AND TECHNICAL EXPRESSION  to Semester 109','System','2026-01-22 04:41:21',NULL),
	(651,20,'Course Added','Added course 22PH102 - ENGINEERING PHYSICS to Semester 104','System','2026-01-22 04:41:28',NULL),
	(652,33,'Course Added','Added course 22ME007 - DESIGN OF AUTOMOTIVE SYSTEMS to Semester 113','System','2026-01-22 04:41:31',NULL),
	(653,32,'Course Added','Added course 22HS005 - SOFT SKILLS AND EFFECTIVE COMMUNICATION to Semester 111','System','2026-01-22 04:41:49',NULL),
	(654,17,'Course Added','Added course 22AM702 - BUSINESS ANALYTICS to Semester 115','System','2026-01-22 04:42:01',NULL),
	(655,32,'Card Added','Added Semester 4','System','2026-01-22 04:42:01',NULL),
	(656,21,'Course Added','Added course 22BT302 - BIOCHEMISTRY  to Semester 114','System','2026-01-22 04:42:02',NULL),
	(657,21,'Course Updated','Updated course: 22BT301 - FOURIER SERIES, TRANSFORMS AND BIOSTATISTICS','System','2026-01-22 04:42:26','{\"lecture_hrs\": {\"new\": 3, \"old\": 1}}'),
	(658,32,'Course Added','Added course 22IT401 - DISCRETE MATHEMATICS to Semester 116','System','2026-01-22 04:42:43',NULL),
	(659,21,'Course Added','Added course 22BT303 - ENGINEERING THERMODYNAMICS to Semester 114','System','2026-01-22 04:43:14',NULL),
	(660,32,'Course Added','Added course 22IT402 - DATA STRUCTURES II to Semester 116','System','2026-01-22 04:43:18',NULL),
	(661,27,'Course Added','Added course 22HS007 - ENVIRONMENTAL SCIENCE  to Semester 96','System','2026-01-22 04:43:47',NULL),
	(662,21,'Course Added','Added course 22BT304 - MICROBIOLOGY to Semester 114','System','2026-01-22 04:43:58',NULL),
	(663,33,'Card Added','Added Vertical 2','System','2026-01-22 04:44:21',NULL),
	(664,32,'Course Added','Added course 22IT403 - OPERATING SYSTEMS to Semester 116','System','2026-01-22 04:44:27',NULL),
	(665,21,'Course Added','Added course 22BT305 - PROCESS CALCULATIONS AND UNIT OPERATIONS to Semester 114','System','2026-01-22 04:44:30',NULL),
	(666,27,'Course Added','Added course 22HS008  - ADVANCED ENGLISH AND TECHNICAL EXPRESSION  to Semester 96','System','2026-01-22 04:44:31',NULL),
	(667,20,'Course Added','Added course 22GE001 - FUNDAMENTALS OF COMPUTING to Semester 104','System','2026-01-22 04:44:51',NULL),
	(668,21,'Course Added','Added course 22HS004 - HUMAN VALUES AND ETHICS to Semester 114','System','2026-01-22 04:45:03',NULL),
	(669,32,'Course Added','Added course 22IT404 - WEB TECHNOLOGY AND FRAMEWORKS to Semester 116','System','2026-01-22 04:45:09',NULL),
	(670,27,'Course Added','Added course 22HS010$ - SOCIALLY RELEVANT PROJECT  to Semester 96','System','2026-01-22 04:45:16',NULL),
	(671,21,'Course Added','Added course 22HS005 - SOFT SKILLS AND EFFECTIVE COMMUNICATION to Semester 114','System','2026-01-22 04:45:40',NULL),
	(672,17,'Course Added','Added course 22AM707 - PROJECT WORK I to Semester 115','System','2026-01-22 04:45:45',NULL),
	(673,21,'Card Added','Added Semester 4','System','2026-01-22 04:45:55',NULL),
	(674,16,'Course Added','Added course 22HS010 - SOCIALLY RELEVANT PROJECT  to Semester 109','System','2026-01-22 04:45:57',NULL),
	(675,32,'Course Added','Added course 22IT405  - DATABASE MANAGEMENT SYSTEM to Semester 116','System','2026-01-22 04:45:57',NULL),
	(676,20,'Course Added','Added course 22HS001 - FOUNDATIONAL ENGLISH to Semester 104','System','2026-01-22 04:45:59',NULL),
	(677,17,'Card Added','Added Semester 8','System','2026-01-22 04:46:03',NULL),
	(678,27,'Course Removed','Removed course ENVIRONMENTAL SCIENCE from Semester 96','System','2026-01-22 04:46:06',NULL),
	(679,27,'Course Removed','Removed course ADVANCED ENGLISH AND TECHNICALEXPRESSION  from Semester 96','System','2026-01-22 04:46:20',NULL),
	(680,27,'Course Removed','Removed course SOCIALLY RELEVANT PROJECT  from Semester 96','System','2026-01-22 04:46:28',NULL),
	(681,16,'Card Added','Added Semester 5','System','2026-01-22 04:46:29',NULL),
	(682,17,'Course Added','Added course 22AM801 - PROJECT WORK II to Semester 119','System','2026-01-22 04:46:43',NULL),
	(683,17,'Card Added','Added New Card','System','2026-01-22 04:46:58',NULL),
	(684,32,'Course Added','Added course 22HS007 - ENVIRONMENTALSCIENCE to Semester 116','System','2026-01-22 04:47:01',NULL),
	(685,16,'Course Added','Added course 22AI501 -  ARTIFICIAL INTELLIGENCE  to Semester 120','System','2026-01-22 04:47:31',NULL),
	(686,21,'Course Added','Added course 22BT401 - BIOORGANIC CHEMISTRY to Semester 118','System','2026-01-22 04:47:41',NULL),
	(687,32,'Course Added','Added course 22HS008 - ADVANCED ENGLISH AND TECHNICAL EXPRESSION to Semester 116','System','2026-01-22 04:47:45',NULL),
	(688,17,'Course Added','Added course 22HS201 - COMMUNICATIVE ENGLISH II to Semester 121','System','2026-01-22 04:47:50',NULL),
	(689,33,'Card Added','Added Vertical 3','System','2026-01-22 04:47:57',NULL),
	(690,33,'Card Added','Added Vertical 4','System','2026-01-22 04:48:05',NULL),
	(691,33,'Card Added','Added Vertical 5','System','2026-01-22 04:48:14',NULL),
	(692,33,'Card Added','Added Vertical 6','System','2026-01-22 04:48:23',NULL),
	(693,17,'Course Added','Added course 22HSH01 - HINDI  to Semester 121','System','2026-01-22 04:48:35',NULL),
	(694,33,'Card Added','Added Vertical 7','System','2026-01-22 04:48:36',NULL),
	(695,21,'Course Added','Added course 22BT402 - HEAT AND MASS TRANSFER to Semester 118','System','2026-01-22 04:48:39',NULL),
	(696,33,'Card Added','Added Vertical 8','System','2026-01-22 04:48:46',NULL),
	(697,16,'Course Added','Added course 22AI502 - COMPUTER NETWORKS  to Semester 120','System','2026-01-22 04:49:14',NULL),
	(698,17,'Course Added','Added course 22HSG01 - GERMAN to Semester 121','System','2026-01-22 04:49:14',NULL),
	(699,21,'Course Added','Added course 22BT403 - CELL AND MOLECULAR BIOLOGY to Semester 118','System','2026-01-22 04:49:20',NULL),
	(700,17,'Course Added','Added course 22HSJ01 - JAPANESE to Semester 121','System','2026-01-22 04:49:53',NULL),
	(701,33,'Honour Card Added','Added Honour Card: HONOURS DEGREE','System','2026-01-22 04:50:00',NULL),
	(702,21,'Course Added','Added course 22BT404 - INSTRUMENTAL METHODS OF ANALYSIS  to Semester 118','System','2026-01-22 04:50:01',NULL),
	(703,16,'Course Added','Added course 22AI503  - MACHINE LEARNING to Semester 120','System','2026-01-22 04:50:06',NULL),
	(704,33,'Honour Card Added','Added Honour Card: MINOR DEGREE (Other than MECHANICAL Students )','System','2026-01-22 04:50:14',NULL),
	(705,21,'Course Added','Added course 22BT405 - PLANT TISSUE CULTURE to Semester 118','System','2026-01-22 04:50:36',NULL),
	(706,17,'Course Added','Added course 22HSF01 - FRENCH to Semester 121','System','2026-01-22 04:50:43',NULL),
	(707,33,'Card Added','Added New Card','System','2026-01-22 04:50:46',NULL),
	(708,16,'Course Added','Added course 22AI504 - CLOUD COMPUTING to Semester 120','System','2026-01-22 04:50:50',NULL),
	(709,33,'Card Added','Added New Card','System','2026-01-22 04:50:58',NULL),
	(710,20,'Course Added','Added course 22GE003 - BASICS OF ELECTRICAL ENGINEERING to Semester 104','System','2026-01-22 04:51:00',NULL),
	(711,21,'Course Added','Added course 22HS007 - ENVIRONMENTAL SCIENCE to Semester 118','System','2026-01-22 04:51:19',NULL),
	(712,17,'Card Added','Added Vertical 1','System','2026-01-22 04:51:21',NULL),
	(713,17,'Course Added','Added course 22AM001 - AGILE SOFTWARE DEVELOPMENT to Semester 130','System','2026-01-22 04:51:53',NULL),
	(714,21,'Course Added','Added course 22HS008 - ADVANCED ENGLISH AND TECHNICAL EXPRESSION to Semester 118','System','2026-01-22 04:52:03',NULL),
	(715,20,'Course Added','Added course 22GE005 - ENGINEERING DRAWING to Semester 104','System','2026-01-22 04:52:10',NULL),
	(716,16,'Course Added','Added course 22AI507 -  MINI PROJECT I to Semester 120','System','2026-01-22 04:52:20',NULL),
	(717,16,'Card Added','Added Semester 6','System','2026-01-22 04:52:39',NULL),
	(718,17,'Course Added','Added course 22AM002 - UI AND UX DESIGN to Semester 130','System','2026-01-22 04:52:44',NULL),
	(719,21,'Course Added','Added course 22HS010 - SOCIALLY RELEVANT PROJECT to Semester 118','System','2026-01-22 04:52:45',NULL),
	(720,16,'Course Updated','Updated course: 22HS010 - SOCIALLY RELEVANT PROJECT ','System','2026-01-22 04:53:01','{\"practical_hrs\": {\"new\": 2, \"old\": 0}}'),
	(721,17,'Course Added','Added course 22AM003 - WEB FRAMEWORKS to Semester 130','System','2026-01-22 04:53:08',NULL),
	(722,27,'Course Added','Added course 22HS008 - ADVANCED ENGLISH AND TECHNICAL EXPRESSION to Semester 97','System','2026-01-22 04:53:15',NULL),
	(723,20,'Course Added','Added course 22HS003 - HERITAGE OF TAMILS to Semester 104','System','2026-01-22 04:53:18',NULL),
	(724,16,'Course Added','Added course 22AI601 - NATURAL LANGUAGE PROCESSING to Semester 131','System','2026-01-22 04:53:43',NULL),
	(725,17,'Course Added','Added course 22AM004 - APP DEVELOPMENT to Semester 130','System','2026-01-22 04:53:45',NULL),
	(726,21,'Card Added','Added Semester 5','System','2026-01-22 04:53:52',NULL),
	(727,32,'Card Added','Added Semester 5','System','2026-01-22 04:54:05',NULL),
	(728,17,'Course Added','Added course 22AM005 - SOFTWARE TESTING AND AUTOMATION to Semester 130','System','2026-01-22 04:54:10',NULL),
	(729,20,'Course Added','Added course 22CE108 - COMPREHENSIVE WORK to Semester 104','System','2026-01-22 04:54:11',NULL),
	(730,16,'Course Added','Added course 22AI602 - COMPUTER VISION AND DIGITAL IMAGING to Semester 131','System','2026-01-22 04:54:21',NULL),
	(731,21,'Course Added','Added course 22BT501 - GENETIC ENGINEERING to Semester 132','System','2026-01-22 04:54:34',NULL),
	(732,16,'Course Added','Added course 22AI603 - DEEP LEARNING  to Semester 131','System','2026-01-22 04:54:56',NULL),
	(733,21,'Course Added','Added course 22BT502 - BIOPROCESS ENGINEERING to Semester 132','System','2026-01-22 04:55:26',NULL),
	(734,16,'Course Added','Added course 22AI607 - MINI PROJECT II  to Semester 131','System','2026-01-22 04:55:31',NULL),
	(735,27,'Course Added','Added course 22EC501  - DIGITAL COMMUNICATION to Semester 98','System','2026-01-22 04:55:36',NULL),
	(736,32,'Course Added','Added course 22IT501 - PRINCIPLES OF COMMUNICATION to Semester 133','System','2026-01-22 04:55:49',NULL),
	(737,21,'Course Added','Added course 22BT503 - ANIMAL TISSUE CULTURE to Semester 132','System','2026-01-22 04:55:59',NULL),
	(738,20,'Card Added','Added Semester 2','System','2026-01-22 04:56:20',NULL),
	(739,32,'Course Added','Added course 22IT502 - COMPUTER NETWORKS to Semester 133','System','2026-01-22 04:56:22',NULL),
	(740,27,'Course Added','Added course 22EC502 - DIGITAL SIGNAL PROCESSING to Semester 98','System','2026-01-22 04:56:26',NULL),
	(741,16,'Card Added','Added Semester 7','System','2026-01-22 04:56:28',NULL),
	(742,21,'Course Added','Added course 22BT504 - BIOINFORMATICS to Semester 132','System','2026-01-22 04:56:50',NULL),
	(743,32,'Course Added','Added course 22IT503 - INFORMATION CODING TECHNIQUES to Semester 133','System','2026-01-22 04:56:59',NULL),
	(744,20,'Course Added','Added course 22MA201 - ENGINEERING MATHEMATICS II to Semester 134','System','2026-01-22 04:57:03',NULL),
	(745,16,'Course Added','Added course 22AI701 - DATA VISUALIZATION to Semester 135','System','2026-01-22 04:57:23',NULL),
	(746,21,'Course Added','Added course 22BT507 - MINI PROJECT I to Semester 132','System','2026-01-22 04:57:25',NULL),
	(747,27,'Course Added','Added course 22EC503 - TRANSMISSION LINES AND ANTENNAS  to Semester 98','System','2026-01-22 04:57:39',NULL),
	(748,21,'Card Added','Added Semester 6','System','2026-01-22 04:57:43',NULL),
	(749,32,'Course Added','Added course 22IT504 - INTERNET OF THINGS to Semester 133','System','2026-01-22 04:57:44',NULL),
	(750,20,'Course Added','Added course 22PH202 - ELECTROMAGNETISM AND MODERN PHYSICS to Semester 134','System','2026-01-22 04:58:12',NULL),
	(751,32,'Course Added','Added course 22IT507 - MINI PROJECT I to Semester 133','System','2026-01-22 04:58:17',NULL),
	(752,32,'Card Added','Added Semester 6','System','2026-01-22 04:58:27',NULL),
	(753,21,'Course Added','Added course 22BT601 - DOWNSTREAM PROCESSING to Semester 136','System','2026-01-22 04:58:28',NULL),
	(754,27,'Course Added','Added course 22EC504 - INTERNET OF THINGS AND ITS APPLICATIONS  to Semester 98','System','2026-01-22 04:58:33',NULL),
	(755,16,'Course Added','Added course 22AI702 - AI FOR ROBOTICS to Semester 135','System','2026-01-22 04:58:53',NULL),
	(756,21,'Course Added','Added course 22BT602 - IMMUNOLOGY to Semester 136','System','2026-01-22 04:59:00',NULL),
	(757,32,'Course Added','Added course 22IT601 - DATA MINING AND WAREHOUSING to Semester 137','System','2026-01-22 04:59:01',NULL),
	(758,27,'Course Added','Added course 22EC507  - MINI PROJECT I to Semester 98','System','2026-01-22 04:59:18',NULL),
	(759,32,'Course Added','Added course 22IT602 - PRINCIPLES OF COMPILER DESIGN to Semester 137','System','2026-01-22 04:59:32',NULL),
	(760,16,'Card Added','Added New Card','System','2026-01-22 04:59:35',NULL),
	(761,21,'Course Added','Added course 22BT603 - ENZYME AND PROTEIN ENGINEERING to Semester 136','System','2026-01-22 04:59:39',NULL),
	(762,27,'Course Added','Added course 22EC601 - COMPUTER NETWORKS AND PROTOCOLS  to Semester 99','System','2026-01-22 04:59:57',NULL),
	(763,32,'Course Added','Added course 22IT603 - CLOUD COMPUTING to Semester 137','System','2026-01-22 05:00:04',NULL),
	(764,21,'Course Added','Added course 22BT607 - MINI PROJECT II to Semester 136','System','2026-01-22 05:00:07',NULL),
	(765,21,'Card Added','Added Semester 7','System','2026-01-22 05:00:26',NULL),
	(766,32,'Course Added','Added course 22IT607 - MINI PROJECT II  to Semester 137','System','2026-01-22 05:00:41',NULL),
	(767,32,'Card Added','Added Semester 7','System','2026-01-22 05:00:51',NULL),
	(768,20,'Course Added','Added course 22CH203 - ENGINEERING CHEMISTRY II to Semester 134','System','2026-01-22 05:00:57',NULL),
	(769,21,'Course Added','Added course 22BT701 - GENOMICS AND PROTEOMICS to Semester 139','System','2026-01-22 05:01:03',NULL),
	(770,27,'Course Added','Added course 22EC602 - DIGITAL SYSTEM DESIGN WITH FPGA to Semester 99','System','2026-01-22 05:01:05',NULL),
	(771,17,'Course Removed','Removed course PROBABILITY, STATISTICS AND QUEUING THEORY from Semester 79','System','2026-01-22 05:01:14',NULL),
	(772,32,'Course Added','Added course 22IT701 - CRYPTOGRAPHY AND INFORMATION SECURITY to Semester 140','System','2026-01-22 05:01:20',NULL),
	(773,21,'Course Added','Added course 22BT702 - BIOPHARMACEUTICAL TECHNOLOGY to Semester 139','System','2026-01-22 05:01:33',NULL),
	(774,32,'Course Added','Added course 22IT702 - ARTIFICIAL INTELLIGENCE AND EXPERT SYSTEM to Semester 140','System','2026-01-22 05:01:53',NULL),
	(775,27,'Course Added','Added course 22EC603  - ARTIFICIAL INTELLIGENCE AND MACHINE LEARNING to Semester 99','System','2026-01-22 05:01:55',NULL),
	(776,16,'Course Added','Added course 22AI707 -  PROJECT WORK I  to Semester 135','System','2026-01-22 05:02:02',NULL),
	(777,21,'Course Added','Added course 22BT707 - PROJECT WORK I to Semester 139','System','2026-01-22 05:02:08',NULL),
	(778,16,'Card Added','Added Semester 8','System','2026-01-22 05:02:12',NULL),
	(779,21,'Card Added','Added Semester 8','System','2026-01-22 05:02:18',NULL),
	(780,32,'Course Added','Added course 22IT707 - PROJECT WORK I to Semester 140','System','2026-01-22 05:02:27',NULL),
	(781,27,'Course Added','Added course 22EC607  - MINI PROJECT II  to Semester 99','System','2026-01-22 05:02:33',NULL),
	(782,32,'Card Added','Added Semester 8','System','2026-01-22 05:02:34',NULL),
	(783,21,'Course Added','Added course 22BT801 - PROJECT WORK II  to Semester 142','System','2026-01-22 05:02:58',NULL),
	(784,20,'Course Added','Added course 22GE002 - COMPUTATIONAL PROBLEM SOLVING to Semester 134','System','2026-01-22 05:03:04',NULL),
	(785,27,'Course Added','Added course 22EC701 - MICROWAVE ENGINEERING to Semester 100','System','2026-01-22 05:03:31',NULL),
	(786,20,'Course Added','Added course 22GE004 - BASICS OF ELECTRONICS ENGINEERING to Semester 134','System','2026-01-22 05:04:04',NULL),
	(787,21,'Card Added','Added New Card','System','2026-01-22 05:04:09',NULL),
	(788,17,'Card Added','Added Vertical 2','System','2026-01-22 05:04:20',NULL),
	(789,15,'Card Added','Added Semester 1','System','2026-01-22 05:04:20',NULL),
	(790,16,'Course Added','Added course 22AI801 - PROJECT WORK II to Semester 141','System','2026-01-22 05:04:23',NULL),
	(791,15,'Card Added','Added Semester 2','System','2026-01-22 05:04:25',NULL),
	(792,15,'Card Added','Added Semester 3','System','2026-01-22 05:04:30',NULL),
	(793,27,'Course Added','Added course 22EC702 - WIRELESS COMMUNICATION  to Semester 100','System','2026-01-22 05:04:30',NULL),
	(794,17,'Card Added','Added Vertical 3','System','2026-01-22 05:04:32',NULL),
	(795,15,'Card Added','Added Semester 4','System','2026-01-22 05:04:34',NULL),
	(796,15,'Card Added','Added Semester 5','System','2026-01-22 05:04:41',NULL),
	(797,17,'Card Added','Added Vertical 4','System','2026-01-22 05:04:41',NULL),
	(798,15,'Card Added','Added Semester 6','System','2026-01-22 05:04:45',NULL),
	(799,15,'Card Added','Added Semester 7','System','2026-01-22 05:04:50',NULL),
	(800,15,'Card Added','Added Semester 8','System','2026-01-22 05:04:55',NULL),
	(801,21,'Course Added','Added course 22HS201 - COMMUNICATIVE ENGLISH II to Semester 144','System','2026-01-22 05:04:59',NULL),
	(802,20,'Course Added','Added course 22HS002 - STARTUP MANAGEMENT to Semester 134','System','2026-01-22 05:05:01',NULL),
	(803,15,'Card Added','Added New Card','System','2026-01-22 05:05:09',NULL),
	(804,32,'Card Added','Added Vertical 1','System','2026-01-22 05:05:09',NULL),
	(805,17,'Card Added','Added Vertical 5','System','2026-01-22 05:05:18',NULL),
	(806,27,'Course Added','Added course 22EC707 - PROJECT WORK I to Semester 100','System','2026-01-22 05:05:22',NULL),
	(807,21,'Course Added','Added course 22HSH01 - HINDI to Semester 144','System','2026-01-22 05:05:30',NULL),
	(808,17,'Card Added','Added Vertical 6','System','2026-01-22 05:05:31',NULL),
	(809,16,'Course Added','Added course 22HS201 - COMMUNICATIVE ENGLISH II to Semester 138','System','2026-01-22 05:05:44',NULL),
	(810,17,'Card Added','Added Vertical 7','System','2026-01-22 05:05:45',NULL),
	(811,15,'Card Added','Added Vertical 1','System','2026-01-22 05:05:48',NULL),
	(812,32,'Card Added','Added New Card','System','2026-01-22 05:05:53',NULL),
	(813,15,'Card Added','Added Vertical 2','System','2026-01-22 05:05:57',NULL),
	(814,27,'Course Added','Added course 22EC801  - PROJECT WORK II  to Semester 101','System','2026-01-22 05:05:59',NULL),
	(815,21,'Course Added','Added course 22HSG01 - GERMAN to Semester 144','System','2026-01-22 05:06:02',NULL),
	(816,20,'Course Added','Added course 22HS006 - TAMILS AND TECHNOLOGY to Semester 134','System','2026-01-22 05:06:06',NULL),
	(817,15,'Card Added','Added Vertical 3','System','2026-01-22 05:06:10',NULL),
	(818,15,'Card Added','Added Vertical 4','System','2026-01-22 05:06:17',NULL),
	(819,17,'Card Added','Added Vertical 8','System','2026-01-22 05:06:21',NULL),
	(820,16,'Course Added','Added course 22HSH01 - HINDI to Semester 138','System','2026-01-22 05:06:29',NULL),
	(821,21,'Course Added','Added course 22HSJ01 - JAPANESE to Semester 144','System','2026-01-22 05:06:31',NULL),
	(822,21,'Course Added','Added course 22HSC01 - CHINESE to Semester 144','System','2026-01-22 05:07:00',NULL),
	(823,16,'Course Added','Added course 22HSG01 - GERMAN to Semester 138','System','2026-01-22 05:07:09',NULL),
	(824,32,'Course Added','Added course 22IT001 - EXPLORATORY DATA ANALYSIS to Semester 157','System','2026-01-22 05:07:17',NULL),
	(825,16,'Course Updated','Updated course: 22HS002 - STARTUP MANAGEMENT','System','2026-01-22 05:07:19','{\"cia_marks\": {\"new\": 50, \"old\": 40}, \"see_marks\": {\"new\": 50, \"old\": 60}, \"course_type\": {\"new\": \"Theory\", \"old\": \"Theory&Lab\"}}'),
	(826,15,'Card Added','Added Vertical 5','System','2026-01-22 05:07:21',NULL),
	(827,21,'Course Added','Added course 22HSF01 - FRENCH to Semester 144','System','2026-01-22 05:07:29',NULL),
	(828,20,'Card Added','Added Semester 3','System','2026-01-22 05:07:29',NULL),
	(829,32,'Course Added','Added course 22IT002 - RECOMMENDER SYSTEMS to Semester 157','System','2026-01-22 05:07:48',NULL),
	(830,15,'Card Added','Added Vertical 6','System','2026-01-22 05:07:51',NULL),
	(831,15,'Card Added','Added Vertical 7','System','2026-01-22 05:08:03',NULL),
	(832,20,'Course Added','Added course 22CE301 - NUMERICAL METHODS AND STATISTICS  to Semester 168','System','2026-01-22 05:08:12',NULL),
	(833,32,'Course Added','Added course 22IT003 - BIG DATA ANALYTICS to Semester 157','System','2026-01-22 05:08:12',NULL),
	(834,16,'Course Added','Added course 22HSJ01 - JAPANESE to Semester 138','System','2026-01-22 05:08:15',NULL),
	(835,16,'Course Updated','Updated course: 22HS002 - STARTUP MANAGEMENT','System','2026-01-22 05:08:23','{\"course_type\": {\"new\": \"Lab\", \"old\": \"Theory\"}}'),
	(836,32,'Course Added','Added course 22IT004 - NEURAL NETWORKS AND DEEP LEARNING to Semester 157','System','2026-01-22 05:08:54',NULL),
	(837,16,'Course Added','Added course 22HSF01 - FRENCH to Semester 138','System','2026-01-22 05:09:05',NULL),
	(838,20,'Course Added','Added course 22CE302 - CONSTRUCTION MATERIALS, EQUIPMENT AND TECHNIQUES to Semester 168','System','2026-01-22 05:09:08',NULL),
	(839,21,'Course Removed','Removed course COMMUNICATIVE ENGLISH II from Semester 144','System','2026-01-22 05:09:18',NULL),
	(840,32,'Course Added','Added course 22IT005 - NATURAL LANGUAGE PROCESSING to Semester 157','System','2026-01-22 05:09:23',NULL),
	(841,27,'Card Added','Added New Card','System','2026-01-22 05:09:35',NULL),
	(842,16,'Card Added','Added Vertical 1','System','2026-01-22 05:09:37',NULL),
	(843,32,'Course Added','Added course 22IT006 - COMPUTER VISION  to Semester 157','System','2026-01-22 05:09:51',NULL),
	(844,20,'Course Added','Added course 22CE303 - SURVEY AND GEOMATICS to Semester 168','System','2026-01-22 05:09:57',NULL),
	(845,32,'Card Added','Added Vertical 2','System','2026-01-22 05:10:00',NULL),
	(846,27,'Course Added','Added course 22HS201 - COMMUNICATIVE ENGLISH II to Semester 171','System','2026-01-22 05:10:26',NULL),
	(847,20,'Course Added','Added course 22CE304 - FLUID MECHANICS AND MACHINERY  to Semester 168','System','2026-01-22 05:10:47',NULL),
	(848,17,'Honour Card Added','Added Honour Card: HONORS/MINORS','System','2026-01-22 05:10:49',NULL),
	(849,17,'Card Added','Added New Card','System','2026-01-22 05:11:05',NULL),
	(850,16,'Card Added','Added Vertical 2','System','2026-01-22 05:11:06',NULL),
	(851,16,'Card Added','Added Vertical 3','System','2026-01-22 05:11:16',NULL),
	(852,17,'Card Added','Added New Card','System','2026-01-22 05:11:16',NULL),
	(853,27,'Course Added','Added course 22HSH01  - HINDI  to Semester 171','System','2026-01-22 05:11:22',NULL),
	(854,20,'Course Added','Added course 22CE305 - ENGINEERING MECHANICS to Semester 168','System','2026-01-22 05:11:39',NULL),
	(855,27,'Course Added','Added course 22HSG01 - GERMAN to Semester 171','System','2026-01-22 05:12:13',NULL),
	(856,16,'Card Added','Added Vertical 4','System','2026-01-22 05:12:24',NULL),
	(857,16,'Card Added','Added Vertical 5','System','2026-01-22 05:12:36',NULL),
	(858,16,'Card Added','Added Vertical 6','System','2026-01-22 05:12:50',NULL),
	(859,20,'Course Added','Added course 22HS004 - HUMAN VALUES AND ETHICS to Semester 168','System','2026-01-22 05:12:53',NULL),
	(860,27,'Course Added','Added course 22HSJ01 - JAPANESE to Semester 171','System','2026-01-22 05:12:56',NULL),
	(861,16,'Card Added','Added Vertical 7','System','2026-01-22 05:12:59',NULL),
	(862,16,'Card Added','Added Vertical 8','System','2026-01-22 05:13:06',NULL),
	(863,27,'Course Added','Added course 22HSF01  - FRENCH to Semester 171','System','2026-01-22 05:13:47',NULL),
	(864,20,'Course Added','Added course 22HS005 - SOFT SKILLS AND EFFECTIVE COMMUNICATION to Semester 168','System','2026-01-22 05:14:09',NULL),
	(865,32,'Course Added','Added course 22IT007 - AGILE SOFTWARE DEVELOPMENT to Semester 173','System','2026-01-22 05:14:22',NULL),
	(866,17,'Honour Card Added','Added Honour Card: HONORS','System','2026-01-22 05:14:37',NULL),
	(867,16,'Honour Card Added','Added Honour Card: HONOUR','System','2026-01-22 05:14:38',NULL),
	(868,32,'Course Added','Added course 22IT008 - UI AND UX DESIGN to Semester 173','System','2026-01-22 05:14:41',NULL),
	(869,20,'Card Added','Added Semester 4','System','2026-01-22 05:14:45',NULL),
	(870,32,'Course Added','Added course 22IT009 - WEB FRAMEWORKS to Semester 173','System','2026-01-22 05:14:59',NULL),
	(871,16,'Honour Card Added','Added Honour Card: MINOR','System','2026-01-22 05:15:01',NULL),
	(872,17,'Honour Card Added','Added Honour Card: MINORS','System','2026-01-22 05:15:02',NULL),
	(873,27,'Card Added','Added Vertical 1','System','2026-01-22 05:15:25',NULL),
	(874,20,'Course Added','Added course 22CE401 - WATER RESOURCES ENGINEERING to Semester 183','System','2026-01-22 05:15:28',NULL),
	(875,32,'Course Added','Added course 22IT010 - APP DEVELOPMENT  to Semester 173','System','2026-01-22 05:15:30',NULL),
	(876,21,'Card Added','Added Vertical 1','System','2026-01-22 05:15:45',NULL),
	(877,32,'Course Added','Added course 22IT011 - SOFTWARE TESTING AND AUTOMATION  to Semester 173','System','2026-01-22 05:16:04',NULL),
	(878,27,'Course Added','Added course 22EC001 - ADVANCED PROCESSOR ARCHITECTURES to Semester 184','System','2026-01-22 05:16:14',NULL),
	(879,16,'Card Added','Added New Card','System','2026-01-22 05:16:20',NULL),
	(880,32,'Course Added','Added course 22IT012 - DEVOPS to Semester 173','System','2026-01-22 05:16:29',NULL),
	(881,16,'Card Added','Added New Card','System','2026-01-22 05:16:34',NULL),
	(882,32,'Card Added','Added Vertical 3','System','2026-01-22 05:16:40',NULL),
	(883,21,'Course Added','Added course 22BT001 - FERMENTATION TECHNOLOGY to Semester 185','System','2026-01-22 05:16:57',NULL),
	(884,32,'Course Added','Added course 22IT013 - VIRTUALIZATION IN CLOUD COMPUTING  to Semester 188','System','2026-01-22 05:17:23',NULL),
	(885,16,'Course Added','Added course 22AI001 - AGILE SOFTWARE DEVELOPMENT to Semester 172','System','2026-01-22 05:17:30',NULL),
	(886,32,'Course Added','Added course 22IT014 - CLOUD SERVICES AND DATA MANAGEMENT to Semester 188','System','2026-01-22 05:17:45',NULL),
	(887,21,'Course Added','Added course 22BT002 - INDUSTRIAL MICROBIOLOGY to Semester 185','System','2026-01-22 05:17:51',NULL),
	(888,21,'Course Updated','Updated course: 22BT001 - FERMENTATION TECHNOLOGY','System','2026-01-22 05:18:05','{\"activity_hrs\": {\"new\": 3, \"old\": 0}}'),
	(889,21,'Course Added','Added course 22BT003 - ENVIRONMENTAL BIOTECHNOLOGY to Semester 185','System','2026-01-22 05:18:29',NULL),
	(890,21,'Course Added','Added course 22BT004 - BIOENERGY AND BIOFUELS to Semester 185','System','2026-01-22 05:18:52',NULL),
	(891,21,'Course Added','Added course 22BT005 - BIOREACTOR DESIGN, MODELING AND SIMULATION to Semester 185','System','2026-01-22 05:19:15',NULL),
	(892,16,'Course Added','Added course 22AI002 - UI AND UX DESIGN to Semester 172','System','2026-01-22 05:19:40',NULL),
	(893,21,'Course Added','Added course 22BT006 - BIOPROCESS CONTROL AND INSTRUMENTATION to Semester 185','System','2026-01-22 05:19:43',NULL),
	(894,20,'Course Added','Added course 22CE402 - MECHANICS OF DEFORMABLE BODIES to Semester 183','System','2026-01-22 05:19:58',NULL),
	(895,16,'Course Added','Added course 22AI003 - WEB FRAMEWORKS  to Semester 172','System','2026-01-22 05:20:09',NULL),
	(896,16,'Course Added','Added course 22AI004 - APP DEVELOPMENT to Semester 172','System','2026-01-22 05:20:53',NULL),
	(897,27,'Course Added','Added course 22EC003 - EMBEDDED C PROGRAMMING  to Semester 184','System','2026-01-22 05:20:59',NULL),
	(898,16,'Course Added','Added course 22AI005 - SOFTWARE TESTING AND AUTOMATION to Semester 172','System','2026-01-22 05:21:24',NULL),
	(899,27,'Course Added','Added course 22EC002 - COMMUNICATION PROTOCOLS AND STANDARDS to Semester 184','System','2026-01-22 05:21:39',NULL),
	(900,16,'Course Added','Added course 22AI006 - DevOps  to Semester 172','System','2026-01-22 05:21:57',NULL),
	(901,27,'Course Added','Added course 22EC004 - REAL TIME OPERATING SYSTEMS to Semester 184','System','2026-01-22 05:22:15',NULL),
	(902,27,'Course Added','Added course 22EC005 - EMBEDDED LINUX  to Semester 184','System','2026-01-22 05:22:43',NULL),
	(903,15,'Course Added','Added course 22MA101 - ENGINEERING MATHEMATICS I to Semester 146','System','2026-01-22 05:23:08',NULL),
	(904,27,'Course Added','Added course 22EC006 - VIRTUAL INSTRUMENTATION IN EMBEDDED SYSTEMS to Semester 184','System','2026-01-22 05:23:18',NULL),
	(905,20,'Course Added','Added course 22CE403 - CONCRETE TECHNOLOGY to Semester 183','System','2026-01-22 05:23:28',NULL),
	(906,15,'Course Added','Added course 22PH102 - ENGINEERING PHYSICS to Semester 146','System','2026-01-22 05:23:56',NULL),
	(907,20,'Course Added','Added course 22CE404 - GEOTECHNICAL ENGINEERING I to Semester 183','System','2026-01-22 05:24:16',NULL),
	(908,15,'Course Added','Added course 22CH103 - ENGINEERING CHEMISTRY I to Semester 146','System','2026-01-22 05:24:36',NULL),
	(909,27,'Card Added','Added Vertical 2','System','2026-01-22 05:24:40',NULL),
	(910,20,'Course Added','Added course 22CE405 - CONSTRUCTION MANAGEMENT to Semester 183','System','2026-01-22 05:24:57',NULL),
	(911,15,'Course Added','Added course 22GE001 - FUNDAMENTALS OF COMPUTING to Semester 146','System','2026-01-22 05:25:11',NULL),
	(912,15,'Course Added','Added course 22HS001 - FOUNDATIONAL ENGLISH to Semester 146','System','2026-01-22 05:26:13',NULL),
	(913,16,'Course Added','Added course 22AI007 - VIRTUALIZATION IN CLOUD COMPUTING to Semester 175','System','2026-01-22 05:26:46',NULL),
	(914,16,'Course Updated','Updated course: 22HS001 - FOUNDATIONAL ENGLISH','System','2026-01-22 05:27:23','{\"cia_marks\": {\"new\": 100, \"old\": 50}, \"see_marks\": {\"new\": 60, \"old\": 50}, \"course_type\": {\"new\": \"Theory\", \"old\": \"Theory&Lab\"}}'),
	(915,16,'Card Added','Added New Card','System','2026-01-22 05:27:52',NULL),
	(916,28,'PO[8] Added','Added PO item at index 8','System','2026-01-22 05:31:23','{\"PO[8]\": {\"new\": \"Individual and Team Work: Function effectively as an individual, and as a member or leader in diverse teams, and in multidisciplinary settings.\", \"old\": \"\"}}'),
	(917,28,'PO[0] Added','Added PO item at index 0','System','2026-01-22 05:31:23','{\"PO[0]\": {\"new\": \"Engineering Knowledge: Apply the knowledge of mathematics, science, engineering fundamentals, and an engineering specialization to the solution of complex engineering problems.\", \"old\": \"\"}}'),
	(918,15,'Course Added','Added course 22GE003 - BASICS OF ELECTRICAL ENGINEERING  to Semester 146','System','2026-01-22 22:19:56',NULL),
	(919,15,'Course Added','Added course 22GE005 - ENGINEERING DRAWING to Semester 146','System','2026-01-22 22:21:14',NULL),
	(920,15,'Course Added','Added course 22HS003 - தமிழர்மரபு HERITAGE OF TAMILS#* to Semester 146','System','2026-01-22 22:22:43',NULL),
	(921,20,'Course Added','Added course 22HS008 - ADVANCED ENGLISH AND TECHNICAL EXPRESSION to Semester 183','System','2026-01-22 22:24:30',NULL),
	(922,20,'Card Added','Added Semester 5','System','2026-01-22 22:28:34',NULL),
	(923,20,'Course Added','Added course 22CE501 - DESIGN OF RCC ELEMENTS to Semester 191','System','2026-01-22 22:29:20',NULL),
	(924,20,'Course Added','Added course 22CE502 - STRUCTURAL ANALYSIS I to Semester 191','System','2026-01-22 22:30:05',NULL),
	(925,20,'Course Added','Added course 22CE503 - WATER SUPPLY AND WASTEWATER ENGINEERING to Semester 191','System','2026-01-22 22:30:44',NULL),
	(926,20,'Course Added','Added course 22CE504 - GEOTECHNICAL ENGINEERING II to Semester 191','System','2026-01-22 22:31:27',NULL),
	(927,20,'Course Added','Added course 22CE507 - MINI PROJECT I to Semester 191','System','2026-01-22 22:32:14',NULL),
	(928,20,'Card Added','Added Semester 6','System','2026-01-22 22:32:47',NULL),
	(929,25,'Vision Updated','Updated department vision','System','2026-01-22 22:35:33','{\"vision\": {\"new\": \"To be the leader in the field of computer technology, fostering innovative thinking, promoting technological excellence, and driving digital transformation for the benefit of society.\\n\", \"old\": \"To be the leader in the field of computer technology, fostering innovative thinking,\\npromoting technological excellence, and driving digital transformation for the benefit\\nof society.\\n\"}}'),
	(930,25,'PO[0] Added','Added PO item at index 0','System','2026-01-22 22:41:42','{\"PO[0]\": {\"new\": \"Engineering Knowledge: Apply knowledge of mathematics, natural science, computing, engineering fundamentals and an engineering specialization as specified in WK1 to WK4 respectively to develop to the solution of complex engineering problems.\", \"old\": \"\"}}'),
	(931,25,'PO[3] Added','Added PO item at index 3','System','2026-01-22 22:41:42','{\"PO[3]\": {\"new\": \"Conduct Investigations of Complex Problems: Conduct investigations of complex engineering problems using research-based knowledge including design of experiments, modelling, analysis & interpretation of data to provide valid conclusions. (WK8).\", \"old\": \"\"}}'),
	(932,25,'PO[10] Added','Added PO item at index 10','System','2026-01-22 22:41:42','{\"PO[10]\": {\"new\": \"Life-Long Learning: Recognize the need for, and have the preparation and ability for i) independent and life-long learning ii) adaptability to new and emerging technologies and iii) critical thinking in the broadest context of technological change. (WK8)\", \"old\": \"\"}}'),
	(933,25,'PO[5] Added','Added PO item at index 5','System','2026-01-22 22:41:42','{\"PO[5]\": {\"new\": \"The Engineer and The World: Analyze and evaluate societal and environmental aspects while solving complex engineering problems for its impact on sustainability with reference to economy, health, safety, legal framework, culture and environment. (WK1, WK5, and WK7).\", \"old\": \"\"}}'),
	(934,25,'PO[2] Added','Added PO item at index 2','System','2026-01-22 22:41:42','{\"PO[2]\": {\"new\": \"Design/Development of Solutions: Design creative solutions for complex engineering problems and design/develop systems/components/processes to meet identified needs with consideration for the public health and safety, whole-life cost, net zero carbon, culture, society and environment as required. (WK5)\", \"old\": \"\"}}'),
	(935,25,'PO[9] Added','Added PO item at index 9','System','2026-01-22 22:41:42','{\"PO[9]\": {\"new\": \"Project Management and Finance: Apply knowledge and understanding of engineering management principles and economic decision-making and apply these to one’s own work, as a member and leader in a team, and to manage projects and in multidisciplinary environments.\", \"old\": \"\"}}'),
	(936,25,'PO[8] Added','Added PO item at index 8','System','2026-01-22 22:41:42','{\"PO[8]\": {\"new\": \"Communication: Communicate effectively and inclusively within the engineering community and society at large, such as being able to comprehend and write effective reports and design documentation, make effective presentations considering cultural, language, and learning differences\", \"old\": \"\"}}'),
	(937,25,'PO[7] Added','Added PO item at index 7','System','2026-01-22 22:41:42','{\"PO[7]\": {\"new\": \"Individual and Collaborative Team work: Function effectively as an individual, and as a member or leader in diverse/multi-disciplinary teams.\", \"old\": \"\"}}'),
	(938,25,'PO[1] Added','Added PO item at index 1','System','2026-01-22 22:41:42','{\"PO[1]\": {\"new\": \"Problem Analysis: Identify, formulate, review research literature and analyze complex engineering problems reaching substantiated conclusions with consideration for sustainable development. (WK1 to WK4)\", \"old\": \"\"}}'),
	(939,25,'PO[6] Added','Added PO item at index 6','System','2026-01-22 22:41:42','{\"PO[6]\": {\"new\": \"Ethics: Apply ethical principles and commit to professional ethics, human values, diversity and inclusion; adhere to national & international laws. (WK9)\", \"old\": \"\"}}'),
	(940,25,'PO[4] Added','Added PO item at index 4','System','2026-01-22 22:41:42','{\"PO[4]\": {\"new\": \"Engineering Tool Usage: Create, select and apply appropriate techniques, resources and modern engineering & IT tools, including prediction and modelling recognizing their limitations to solve complex engineering problems. (WK2 and WK6)\", \"old\": \"\"}}'),
	(941,25,'PEO-PO Mapping Saved','Updated PEO-PO mappings for the curriculum','System','2026-01-22 22:43:17',NULL),
	(942,25,'PEO-PO Mapping Saved','Updated PEO-PO mappings for the curriculum','System','2026-01-22 22:43:19',NULL),
	(943,25,'PEO-PO Mapping Saved','Updated PEO-PO mappings for the curriculum','System','2026-01-22 22:43:23',NULL),
	(944,25,'PEO-PO Mapping Saved','Updated PEO-PO mappings for the curriculum','System','2026-01-22 22:44:42',NULL),
	(945,25,'Card Added','Added Semester 1','System','2026-01-22 22:45:34',NULL),
	(946,25,'Course Added','Added course 22MA101 - ENGINEERING MATHEMATICS I to Semester 193','System','2026-01-22 22:46:21',NULL),
	(947,25,'Course Added','Added course 22PH102 - ENGINEERING PHYSICS to Semester 193','System','2026-01-22 22:47:19',NULL),
	(948,25,'Course Added','Added course 22CH103  - ENGINEERING CHEMISTRY I to Semester 193','System','2026-01-22 22:47:51',NULL),
	(949,20,'Course Added','Added course 22CE601 - DESIGN OF RCC STRUCTURES to Semester 192','System','2026-01-22 22:48:00',NULL),
	(950,20,'Course Added','Added course 22CE602 - STRUCTURAL ANALYSIS II to Semester 192','System','2026-01-22 22:48:42',NULL),
	(951,20,'Course Added','Added course 22CE603 - DESIGN OF STEEL STRUCTURES to Semester 192','System','2026-01-22 22:49:20',NULL),
	(952,25,'Course Added','Added course 22GE001 - FUNDAMENTALS OF COMPUTING to Semester 193','System','2026-01-22 22:49:28',NULL),
	(953,20,'Course Added','Added course 22CE607 - MINI PROJECT II to Semester 192','System','2026-01-22 22:49:58',NULL),
	(954,25,'Course Added','Added course 22HS001 - FOUNDATIONAL ENGLISH to Semester 193','System','2026-01-22 22:50:05',NULL),
	(955,20,'Card Added','Added Semester 7','System','2026-01-22 22:50:20',NULL),
	(956,25,'Course Added','Added course 22GE004 - BASICS OF ELECTRONICS ENGINEERING to Semester 193','System','2026-01-22 22:50:37',NULL),
	(957,20,'Course Added','Added course 22CE701 - HIGHWAY AND RAILWAY ENGINEERING to Semester 194','System','2026-01-22 22:51:03',NULL),
	(958,25,'Course Added','Added course 22HS002 - STARTUP MANAGEMENT to Semester 193','System','2026-01-22 22:51:14',NULL),
	(959,20,'Course Added','Added course 22CE702 - ESTIMATION, COSTING AND QUANTITY SURVEYING to Semester 194','System','2026-01-22 22:51:45',NULL),
	(960,25,'Course Added','Added course 22HS003 - தமிழர்மரபு HERITAGE OF TAMILS to Semester 193','System','2026-01-22 22:51:57',NULL),
	(961,20,'Course Added','Added course 22CE707 - PROJECT WORK I to Semester 194','System','2026-01-22 22:52:22',NULL),
	(962,25,'Course Added','Added course 22CT108 - COMPREHENSIVE WORK to Semester 193','System','2026-01-22 22:52:23',NULL),
	(963,25,'Card Added','Added Semester 2','System','2026-01-22 22:52:31',NULL),
	(964,20,'Card Added','Added Semester 8','System','2026-01-22 22:52:43',NULL),
	(965,25,'Course Added','Added course 22MA201 - ENGINEERING MATHEMATICS II to Semester 195','System','2026-01-22 22:53:22',NULL),
	(966,20,'Course Added','Added course 22CE801 - PROJECT WORK II to Semester 196','System','2026-01-22 22:53:24',NULL),
	(967,25,'Course Added','Added course 22PH202  - ELECTROMAGNETISM AND MODERN PHYSICS to Semester 195','System','2026-01-22 22:53:53',NULL),
	(968,25,'Course Added','Added course 22CH203 - ENGINEERING CHEMISTRY II to Semester 195','System','2026-01-22 22:54:26',NULL),
	(969,25,'Course Added','Added course 22GE002 - COMPUTATIONAL PROBLEM SOLVING to Semester 195','System','2026-01-22 22:54:51',NULL),
	(970,25,'Course Added','Added course 22GE003  - BASICS OF ELECTRICAL ENGINEERING to Semester 195','System','2026-01-22 22:56:45',NULL),
	(971,25,'Course Added','Added course 22CT206 - DIGITAL COMPUTER ELECTRONICS to Semester 195','System','2026-01-22 22:57:25',NULL),
	(972,25,'Course Added','Added course 22HS006 - தமிழரும் தததொழில்நுட்பமும் TAMILS AND TECHNOLOGY to Semester 195','System','2026-01-22 22:58:21',NULL),
	(973,25,'Card Added','Added Semester 3','System','2026-01-22 22:58:34',NULL),
	(974,20,'Card Added','Added New Card','System','2026-01-22 22:59:40',NULL),
	(975,20,'Course Added','Added course 22HS201 - COMMUNICATIVE ENGLISH II to Semester 198','System','2026-01-22 23:00:30',NULL),
	(976,20,'Course Added','Added course 22HSH01 - HINDI  to Semester 198','System','2026-01-22 23:02:00',NULL),
	(977,20,'Course Added','Added course 22HSG01  - GERMAN to Semester 198','System','2026-01-22 23:02:32',NULL),
	(978,20,'Course Added','Added course 22HSJ01 - JAPANESE to Semester 198','System','2026-01-22 23:03:04',NULL),
	(979,20,'Course Added','Added course 22HSF01 - FRENCH to Semester 198','System','2026-01-22 23:03:46',NULL),
	(980,25,'Course Added','Added course 22CT301 - PROBABILITY, STATISTICS AND QUEUING THEORY to Semester 197','System','2026-01-22 23:22:35',NULL),
	(981,25,'Course Added','Added course 22CT302 - DATA STRUCTURES I  to Semester 197','System','2026-01-22 23:23:04',NULL),
	(982,25,'Course Added','Added course 22CT303 - COMPUTER ORGANIZATION AND ARCHITECTURE to Semester 197','System','2026-01-22 23:24:16',NULL),
	(983,25,'Course Added','Added course 22CT304 - PRINCIPLES OF PROGRAMMING LANGUAGES to Semester 197','System','2026-01-22 23:24:45',NULL),
	(984,25,'Course Added','Added course 22CT305 - SOFTWARE ENGINEERING to Semester 197','System','2026-01-22 23:25:14',NULL),
	(985,25,'Course Added','Added course 22HS004 - HUMAN VALUES AND ETHICS to Semester 197','System','2026-01-22 23:25:42',NULL),
	(986,25,'Course Added','Added course 22HS005 - SOFT SKILLS AND EFFECTIVE COMMUNICATION to Semester 197','System','2026-01-22 23:26:16',NULL),
	(987,25,'Card Added','Added Semester 4','System','2026-01-22 23:26:28',NULL),
	(988,25,'Course Added','Added course 22CT401 - DISCRETE MATHEMATICS to Semester 199','System','2026-01-22 23:27:29',NULL),
	(989,25,'Course Added','Added course 22CT402 - DATA STRUCTURES II to Semester 199','System','2026-01-22 23:27:56',NULL),
	(990,25,'Course Added','Added course 22CT403 - OPERATING SYSTEMS to Semester 199','System','2026-01-22 23:28:21',NULL),
	(991,25,'Course Added','Added course 22CT404  - WEB TECHNOLOGY AND FRAMEWORKS to Semester 199','System','2026-01-22 23:28:49',NULL),
	(992,25,'Course Added','Added course 22CT405 - DATABASE MANAGEMENT SYSTEM to Semester 199','System','2026-01-22 23:29:22',NULL),
	(993,25,'Course Added','Added course 22HS007 - ENVIRONMENTAL SCIENCE to Semester 199','System','2026-01-22 23:31:21',NULL),
	(994,25,'Course Added','Added course 22HS008 - ADVANCED ENGLISH AND TECHNICAL EXPRESSION to Semester 199','System','2026-01-22 23:31:47',NULL),
	(995,25,'Card Added','Added Semester 5','System','2026-01-22 23:32:07',NULL),
	(996,21,'PO[11] Deleted','Deleted PO item at index 11','System','2026-01-22 23:32:31','{\"PO[11]\": {\"new\": \"\", \"old\": \"Life-long Learning: Recognize the need for, and have the preparation and ability to engage in independent and life-long learning in the broadest context of technological change.\"}}'),
	(997,21,'PO[7] Updated','Updated PO item at index 7','System','2026-01-22 23:32:31','{\"PO[7]\": {\"new\": \"Individual and Team Work: Function effectively as an individual, and as a member or leader in diverse teams, and in multidisciplinary settings.\", \"old\": \"Ethics: Apply ethical principles and commit to professional ethics and responsibilities and norms of the engineering practice.\"}}'),
	(998,21,'PO[9] Updated','Updated PO item at index 9','System','2026-01-22 23:32:31','{\"PO[9]\": {\"new\": \"Project Management and Finance: Demonstrate knowledge and understanding of the engineering and management principles and apply these to one’s own work, as a member and leader in a team, to manage projects and in multidisciplinary environments.\", \"old\": \"Communication: Communicate effectively on complex engineering activities with the engineering community and with society at large, such as, being able to comprehend and write effective reports and design documentation, make effective presentations, and give and receive clear instructions.\"}}'),
	(999,21,'PO[5] Updated','Updated PO item at index 5','System','2026-01-22 23:32:31','{\"PO[5]\": {\"new\": \"The Engineer and Society:  The Engineer and The World: Analyze and evaluate societal and environmental aspects while solving complex engineering problems for its impact on sustainability with reference to economy, health, safety, legal framework, culture and environment.\", \"old\": \"The Engineer and Society: Apply reasoning informed by the contextual knowledge to assess societal, health, safety, legal and cultural issues and the consequent responsibilities relevant to the professional engineering practice.\"}}'),
	(1000,21,'PO[8] Updated','Updated PO item at index 8','System','2026-01-22 23:32:31','{\"PO[8]\": {\"new\": \"Communication: Communicate effectively on complex engineering activities with the engineering community and with society at large, such as, being able to comprehend and write effective reports and design documentation, make effective presentations, and give and receive clear instructions.\", \"old\": \"Individual and Team Work: Function effectively as an individual, and as a member or leader in diverse teams, and in multidisciplinary settings.\"}}'),
	(1001,21,'PO[3] Updated','Updated PO item at index 3','System','2026-01-22 23:32:31','{\"PO[3]\": {\"new\": \"Conduct Investigations of Complex Problems: Use research-based knowledge and research methods including design of experiments, analysis and interpretation of data, and synthesis of the information to provide valid conclusions.\", \"old\": \"Conduct Investigations of Complex Problems: Use research-based knowledge and research methods including design of experiments, analysis and interpretation of data, and synthesis of the information to provide valid conclusions\"}}'),
	(1002,21,'PO[10] Updated','Updated PO item at index 10','System','2026-01-22 23:32:31','{\"PO[10]\": {\"new\": \"Life-long Learning: Recognize the need for, and have the preparation and ability to engage in independent and life-long learning in the broadest context of technological change.\", \"old\": \"Project Management and Finance: Demonstrate knowledge and understanding of the engineering and management principles and apply these to one’s own work, as a member and leader in a team, to manage projects and in multidisciplinary environments.\"}}'),
	(1003,21,'PO[6] Updated','Updated PO item at index 6','System','2026-01-22 23:32:31','{\"PO[6]\": {\"new\": \"Ethics: Apply ethical principles and commit to professional ethics and responsibilities and norms of the engineering practice.\", \"old\": \"Environment and Sustainability: Understand the impact of the professional engineering solutions in societal and environmental contexts, and demonstrate the knowledge of, and need for sustainable development.\"}}'),
	(1004,25,'Course Added','Added course 22CT501 - PRINCIPLES OF COMPILER DESIGN to Semester 200','System','2026-01-22 23:32:34',NULL),
	(1005,25,'Course Added','Added course 22CT502 - COMPUTER NETWORKS to Semester 200','System','2026-01-22 23:32:55',NULL),
	(1006,25,'Course Added','Added course 22CT503 - EMBEDDED SYSTEMS  to Semester 200','System','2026-01-22 23:33:23',NULL),
	(1007,25,'Course Added','Added course 22CT504 - ARTIFICIAL INTELLIGENCE SYSTEMS to Semester 200','System','2026-01-22 23:33:53',NULL),
	(1008,33,'Course Updated','Updated course: 22HSJ01 - JAPANESE ','System','2026-01-22 23:34:22','{\"cia_marks\": {\"new\": 100, \"old\": 50}, \"see_marks\": {\"new\": 60, \"old\": 50}}'),
	(1009,25,'Course Added','Added course 22CT507 - MINI PROJECT I to Semester 200','System','2026-01-22 23:35:53',NULL),
	(1010,25,'Card Added','Added Semester 6','System','2026-01-22 23:36:01',NULL),
	(1011,21,'Course Added','Added course 22BT007 - TRANSPORT PHENOMENON IN BIOLOGICAL SYSTEMS to Semester 185','System','2026-01-22 23:37:15',NULL),
	(1012,21,'Card Added','Added Vertical 2','System','2026-01-22 23:38:10',NULL),
	(1013,21,'Course Added','Added course 22BT008 - ASTROBIOLOGY AND ASTROCHEMISTRY to Semester 202','System','2026-01-22 23:38:43',NULL),
	(1014,21,'Course Added','Added course 22BT009 - BIOPROSPECTING AND QUALITY ANALYSIS to Semester 202','System','2026-01-22 23:39:10',NULL),
	(1015,21,'Course Added','Added course 22BT010 - FOOD PROCESS AND TECHNOLOGY to Semester 202','System','2026-01-22 23:39:36',NULL),
	(1016,21,'Course Added','Added course 22BT011 - MARINE BIOTECHNOLOGY to Semester 202','System','2026-01-22 23:39:58',NULL),
	(1017,21,'Course Added','Added course 22BT012 - BIODIVERSITY AND AGROFORESTRY to Semester 202','System','2026-01-22 23:40:20',NULL),
	(1018,21,'Course Added','Added course 22BT013 - BIOSENSORS to Semester 202','System','2026-01-22 23:40:39',NULL),
	(1019,21,'Course Added','Added course 22BT014 - BIOMATERIALS to Semester 202','System','2026-01-22 23:40:59',NULL),
	(1020,21,'Card Added','Added Vertical 3','System','2026-01-22 23:41:18',NULL),
	(1021,21,'Course Added','Added course 22BT015 - PROGRAMS FOR BIOINFORMATICS to Semester 203','System','2026-01-22 23:41:45',NULL),
	(1022,21,'Course Added','Added course 22BT016 - FUNDAMENTALS OF ALGORITHMS FOR BIOINFORMATICS to Semester 203','System','2026-01-22 23:42:03',NULL),
	(1023,21,'Course Added','Added course 22BT017 - MOLECULAR MODELING to Semester 203','System','2026-01-22 23:42:23',NULL),
	(1024,21,'Course Added','Added course 22BT018 - COMPUTER AIDED DRUG DESIGN to Semester 203','System','2026-01-22 23:42:46',NULL),
	(1025,21,'Course Added','Added course 22BT019 - METABOLOMICS AND GENOMICS- BIG DATA ANALYTICS to Semester 203','System','2026-01-22 23:43:06',NULL),
	(1026,21,'Course Added','Added course 22BT020 - DATA MINING AND MACHINE LEARNING TECHNIQUES FOR INFORMATICS to Semester 203','System','2026-01-22 23:43:30',NULL),
	(1027,21,'Course Added','Added course 22BT021 - SYSTEMS AND SYNTHETIC BIOLOGY to Semester 203','System','2026-01-22 23:43:51',NULL),
	(1028,21,'Card Added','Added Vertical 4','System','2026-01-22 23:44:10',NULL),
	(1029,21,'Course Added','Added course 22BT022 - PLANT TISSUE CULTURE AND TRANSFORMATION TECHNIQUE to Semester 204','System','2026-01-22 23:44:39',NULL),
	(1030,17,'Course Added','Added course 22AM006 - DevOps to Semester 130','System','2026-01-22 23:45:13',NULL),
	(1031,21,'Course Added','Added course 22BT023 - TRANSGENIC TECHNOLOGY IN AGRICULTURE to Semester 204','System','2026-01-22 23:45:31',NULL),
	(1032,16,'Course Added','Added course 22AI008 - CLOUD SERVICES AND DATA MANAGEMENT to Semester 175','System','2026-01-22 23:45:47',NULL),
	(1033,21,'Course Added','Added course 22BT024 - BIOFERTILIZERS AND BIOPESTICIDES PRODUCTION to Semester 204','System','2026-01-22 23:45:51',NULL),
	(1034,17,'Course Added','Added course 22AM007 - VIRTUALIZATION IN CLOUD COMPUTING  to Semester 145','System','2026-01-22 23:46:00',NULL),
	(1035,21,'Course Added','Added course 22BT025 - MUSHROOM CULTIVATION AND VERMICOMPOSTING to Semester 204','System','2026-01-22 23:46:12',NULL),
	(1036,16,'Course Added','Added course 22AI009 - CLOUD STORAGE TECHNOLOGIES to Semester 175','System','2026-01-22 23:46:30',NULL),
	(1037,17,'Course Added','Added course 22AM008 - CLOUD SERVICES AND DATA MANAGEMENT to Semester 145','System','2026-01-22 23:46:30',NULL),
	(1038,21,'Course Added','Added course 22BT026 - FUNGAL AND ALGAL TECHNOLOGY to Semester 204','System','2026-01-22 23:46:33',NULL),
	(1039,21,'Course Added','Added course 22BT027 - PHYTOTHERAPEUTICS to Semester 204','System','2026-01-22 23:46:55',NULL),
	(1040,17,'Course Added','Added course 22AM009 - CLOUD STORAGE TECHNOLOGIES to Semester 145','System','2026-01-22 23:47:03',NULL),
	(1041,16,'Course Added','Added course 22AI010 - CLOUD AUTOMATION TOOLS AND APPLICATIONS to Semester 175','System','2026-01-22 23:47:09',NULL),
	(1042,17,'Course Added','Added course 22AM010 - CLOUD AUTOMATION TOOLS AND APPLICATIONS to Semester 145','System','2026-01-22 23:47:31',NULL),
	(1043,17,'Course Added','Added course 22AM011 - SOFTWARE DEFINED NETWORKS  to Semester 145','System','2026-01-22 23:48:04',NULL),
	(1044,16,'Course Added','Added course 22AI011 - SOFTWARE DEFINED NETWORKS to Semester 175','System','2026-01-22 23:48:07',NULL),
	(1045,21,'PO[6] Updated','Updated PO item at index 6','System','2026-01-22 23:48:07','{\"PO[6]\": {\"new\": \"Ethics: Apply ethical principles and commit to professional ethics and responsibilities and norms of the engineering practice.\", \"old\": \"Environment and Sustainability: Understand the impact of the professional engineering solutions in societal and environmental contexts, and demonstrate the knowledge of, and need for sustainable development.\"}}'),
	(1046,21,'PO[8] Updated','Updated PO item at index 8','System','2026-01-22 23:48:07','{\"PO[8]\": {\"new\": \"Communication: Communicate effectively on complex engineering activities with the engineering community and with society at large, such as, being able to comprehend and write effective reports and design documentation, make effective presentations, and give and receive clear instructions.\", \"old\": \"Individual and Team Work: Function effectively as an individual, and as a member or leader in diverse teams, and in multidisciplinary settings.\"}}'),
	(1047,21,'PO[10] Updated','Updated PO item at index 10','System','2026-01-22 23:48:07','{\"PO[10]\": {\"new\": \"Life-long Learning: Recognize the need for, and have the preparation and ability to engage in independent and life-long learning in the broadest context of technological change.\", \"old\": \"Project Management and Finance: Demonstrate knowledge and understanding of the engineering and management principles and apply these to one’s own work, as a member and leader in a team, to manage projects and in multidisciplinary environments.\"}}'),
	(1048,21,'PO[7] Updated','Updated PO item at index 7','System','2026-01-22 23:48:07','{\"PO[7]\": {\"new\": \"Individual and Team Work: Function effectively as an individual, and as a member or leader in diverse teams, and in multidisciplinary settings.\", \"old\": \"Ethics: Apply ethical principles and commit to professional ethics and responsibilities and norms of the engineering practice.\"}}'),
	(1049,21,'PO[9] Updated','Updated PO item at index 9','System','2026-01-22 23:48:07','{\"PO[9]\": {\"new\": \"Project Management and Finance: Demonstrate knowledge and understanding of the engineering and management principles and apply these to one’s own work, as a member and leader in a team, to manage projects and in multidisciplinary environments.\", \"old\": \"Communication: Communicate effectively on complex engineering activities with the engineering community and with society at large, such as, being able to comprehend and write effective reports and design documentation, make effective presentations, and give and receive clear instructions.\"}}'),
	(1050,21,'PO[11] Deleted','Deleted PO item at index 11','System','2026-01-22 23:48:07','{\"PO[11]\": {\"new\": \"\", \"old\": \"Life-long Learning: Recognize the need for, and have the preparation and ability to engage in independent and life-long learning in the broadest context of technological change.\"}}'),
	(1051,17,'Course Added','Added course 22AM012 - SECURITY AND PRIVACY IN CLOUD to Semester 145','System','2026-01-22 23:48:34',NULL),
	(1052,16,'Course Added','Added course 22AI012 - SECURITY AND PRIVACY IN CLOUD to Semester 175','System','2026-01-22 23:48:39',NULL),
	(1053,17,'Course Added','Added course 22AM013 - CYBER SECURITY to Semester 149','System','2026-01-22 23:49:48',NULL),
	(1054,16,'Course Added','Added course 22AI013 - CYBER SECURITY to Semester 176','System','2026-01-22 23:49:49',NULL),
	(1055,24,'PO[0] Updated','Updated PO item at index 0','System','2026-01-22 23:50:05','{\"PO[0]\": {\"new\": \"Engineering Knowledge: Apply knowledge of mathematics, natural science, computing, engineering fundamentals and an engineering specialization to develop to the solution of complex engineering problems.\", \"old\": \"Engineering Knowledge: Apply the knowledge of mathematics, science, engineering fundamentals, and an engineering specialization to the solution of complex engineering problems. \"}}'),
	(1056,24,'PO[2] Updated','Updated PO item at index 2','System','2026-01-22 23:50:05','{\"PO[2]\": {\"new\": \"Design/Development of Solutions: Design creative solutions for complex engineering problems and design/develop systems/components/processes to meet identified needs with consideration for the public health and safety, whole-life cost, net zero carbon, culture, society and environment as required.\", \"old\": \"Design/ Development of Solutions: Design solutions for complex engineering problems and design system components or processes that meet the specified needs with appropriate  consideration for public health and safety, and the cultural, societal, and environmental considerations. \"}}'),
	(1057,24,'PO[8] Updated','Updated PO item at index 8','System','2026-01-22 23:50:05','{\"PO[8]\": {\"new\": \"Communication: Communicate effectively and inclusively within the engineering community and society at large, such as being able to comprehend and write effective reports and design documentation, make effective presentations considering cultural, language, and learning differences\", \"old\": \" Individual and Team Work: Function effectively as an individual, and as a member or leader in diverse teams, and in multidisciplinary settings.\"}}'),
	(1058,24,'PO[4] Updated','Updated PO item at index 4','System','2026-01-22 23:50:05','{\"PO[4]\": {\"new\": \"Engineering Tool Usage: Create, select and apply appropriate techniques, resources and modern engineering & IT tools, including prediction and modelling recognizing their limitations to solve complex engineering problems. \", \"old\": \"Modern Tool Usage: Create, select, and apply appropriate techniques, resources, and modern  engineering and IT tools including prediction and modeling to complex engineering activities with an understanding of the limitations. \"}}'),
	(1059,24,'PO[10] Updated','Updated PO item at index 10','System','2026-01-22 23:50:05','{\"PO[10]\": {\"new\": \"Life-Long Learning: Recognize the need for, and have the preparation and ability for i) independent and life-long learning ii) adaptability to new and emerging technologies and iii) critical thinking in the broadest context of technological change.\", \"old\": \"Project Management and Finance: Demonstrate knowledge and understanding of the engineering and management principles and apply these to one’s own work, as a member  and leader in a team, to manage projects and in multidisciplinary environments.\"}}'),
	(1060,24,'PO[5] Updated','Updated PO item at index 5','System','2026-01-22 23:50:05','{\"PO[5]\": {\"new\": \"The Engineer and The World: Analyze and evaluate societal and environmental aspects while solving complex engineering problems for its impact on sustainability with reference to economy, health, safety, legal framework, culture and environment.\", \"old\": \" The Engineer and Society: Apply reasoning informed by the contextual knowledge to assess  societal, health, safety, legal and cultural issues and the consequent responsibilities relevant to the professional engineering practice\"}}'),
	(1061,24,'PO[7] Updated','Updated PO item at index 7','System','2026-01-22 23:50:05','{\"PO[7]\": {\"new\": \"Individual and Collaborative Team work: Function effectively as an individual, and as a member or leader in diverse/multi-disciplinary teams.\", \"old\": \"Ethics: Apply ethical principles and commit to professional ethics and responsibilities and norms of the engineering practice. \"}}'),
	(1062,24,'PO[6] Updated','Updated PO item at index 6','System','2026-01-22 23:50:05','{\"PO[6]\": {\"new\": \"Ethics: Apply ethical principles and commit to professional ethics, human values, diversity and inclusion; adhere to national & international laws.\", \"old\": \"Environment and Sustainability: Understand the impact of the professional engineering  solutions in societal and environmental contexts, and demonstrate the knowledge of, and need for sustainable development.\"}}'),
	(1063,24,'PO[9] Updated','Updated PO item at index 9','System','2026-01-22 23:50:05','{\"PO[9]\": {\"new\": \"Project Management and Finance: Apply knowledge and understanding of engineering management principles and economic decision-making and apply these to one’s own work, as a member and leader in a team, and to manage projects and in multidisciplinary environments.\", \"old\": \"Communication: Communicate effectively on complex engineering activities with the engineering community and with society at large, such as, being able to comprehend and  write effective reports and design documentation, make effective presentations, and give and  receive clear instructions.\"}}'),
	(1064,24,'PO[1] Updated','Updated PO item at index 1','System','2026-01-22 23:50:05','{\"PO[1]\": {\"new\": \"Problem Analysis: Identify, formulate, review research literature and analyze complex engineering problems reaching substantiated conclusions with consideration for sustainable development.\", \"old\": \"Problem Analysis: Identify, formulate, review research literature, and analyse complex engineering problems reaching substantiated conclusions using first principles of  mathematics, natural sciences, and engineering sciences. \"}}'),
	(1065,24,'PO[3] Updated','Updated PO item at index 3','System','2026-01-22 23:50:05','{\"PO[3]\": {\"new\": \"Conduct Investigations of Complex Problems: Conduct investigations of complex engineering problems using research-based knowledge including design of experiments, modelling, analysis & interpretation of data to provide valid conclusions. \", \"old\": \"Conduct Investigations of Complex Problems: Use research-based knowledge and research  methods including design of experiments, analysis and interpretation of data, and synthesis of the information to provide valid conclusions. \"}}'),
	(1066,24,'PO[11] Deleted','Deleted PO item at index 11','System','2026-01-22 23:50:05','{\"PO[11]\": {\"new\": \"\", \"old\": \" Life-long Learning: Recognize the need for, and have the preparation and ability to engage  in independent and life-long learning in the broadest context of technological change. \"}}'),
	(1067,17,'Course Added','Added course 22AM014 - MODERN CRYPTOGRAPHY to Semester 149','System','2026-01-22 23:50:12',NULL),
	(1068,16,'Course Added','Added course 22AI014 - MODERN CRYPTOGRAPHY to Semester 176','System','2026-01-22 23:50:26',NULL),
	(1069,17,'Course Added','Added course 22AM015 - CYBER FORENSICS to Semester 149','System','2026-01-22 23:50:43',NULL),
	(1070,17,'Course Added','Added course 22AM016 - ETHICAL HACKING to Semester 149','System','2026-01-22 23:51:14',NULL),
	(1071,16,'Course Added','Added course 22AI015 - CYBER FORENSICS to Semester 176','System','2026-01-22 23:51:37',NULL),
	(1072,17,'Course Added','Added course 22AM017 - CRYPTOCURRENCY AND BLOCKCHAIN TECHNOLOGIES to Semester 149','System','2026-01-22 23:51:51',NULL),
	(1073,16,'Course Added','Added course 22AI016 - ETHICAL HACKING to Semester 176','System','2026-01-22 23:52:01',NULL),
	(1074,17,'Course Added','Added course 22AM018 - MALWARE ANALYSIS  to Semester 149','System','2026-01-22 23:52:16',NULL),
	(1075,16,'Course Added','Added course 22AI017 - CRYPTOCURRENCY AND BLOCKCHAIN TECHNOLOGIES to Semester 176','System','2026-01-22 23:52:49',NULL),
	(1076,17,'Course Added','Added course 22AM019 - ROBOTIC PROCESS AUTOMATION to Semester 152','System','2026-01-22 23:53:08',NULL),
	(1077,16,'Course Added','Added course 22AI018 - MALWARE ANALYSIS to Semester 176','System','2026-01-22 23:53:20',NULL),
	(1078,17,'Course Added','Added course 22AM020 - TEXT AND SPEECH ANALYSIS to Semester 152','System','2026-01-22 23:53:45',NULL),
	(1079,21,'Card Added','Added Vertical 5','System','2026-01-22 23:53:47',NULL),
	(1080,24,'Course Added','Added course 22CS403  - OPERATING SYSTEMS to Semester 95','System','2026-01-22 23:53:55',NULL),
	(1081,17,'Course Added','Added course 22AM021 - EDGE COMPUTING to Semester 152','System','2026-01-22 23:54:18',NULL),
	(1082,17,'Course Added','Added course 22AM022 - INTELLIGENT ROBOTS AND DRONE TECHNOLOGY to Semester 152','System','2026-01-22 23:54:52',NULL),
	(1083,21,'Course Added','Added course 22BT028 - ANIMAL PHYSIOLOGY AND METABOLISM to Semester 205','System','2026-01-22 23:55:02',NULL),
	(1084,17,'Course Added','Added course 22AM023 - INTELLIGENT TRANSPORTATION SYSTEMS  to Semester 152','System','2026-01-22 23:55:23',NULL),
	(1085,17,'Course Added','Added course 22AM024 - EXPERT SYSTEMS to Semester 152','System','2026-01-22 23:55:47',NULL),
	(1086,16,'Course Added','Added course 22AI019 - ROBOTIC PROCESS AUTOMATION to Semester 178','System','2026-01-22 23:56:06',NULL),
	(1087,16,'Course Added','Added course 22AI020 - REINFORCEMENT LEARNING to Semester 178','System','2026-01-22 23:56:34',NULL),
	(1088,16,'Course Added','Added course 22AI021 - EDGE COMPUTING to Semester 178','System','2026-01-22 23:57:27',NULL),
	(1089,16,'Course Added','Added course 22AI022 - INTELLIGENT ROBOTS AND DRONE TECHNOLOGY to Semester 178','System','2026-01-22 23:58:06',NULL),
	(1090,16,'Course Added','Added course 22AI023 - INTELLIGENT TRANSPORTATION SYSTEMS to Semester 178','System','2026-01-22 23:58:27',NULL),
	(1091,21,'Course Added','Added course 22BT029 - ANIMAL HEALTH AND NUTRITION to Semester 205','System','2026-01-22 23:58:35',NULL),
	(1092,17,'Course Added','Added course 22AM025 - WEB FRAMEWORKS AND APPLICATIONS to Semester 158','System','2026-01-22 23:58:44',NULL),
	(1093,16,'Course Added','Added course 22AI024 - EXPERT SYSTEMS to Semester 178','System','2026-01-22 23:59:16',NULL),
	(1094,16,'Course Added','Added course 22AI025 - KNOWLEDGE ENGINEERING to Semester 179','System','2026-01-23 00:00:12',NULL),
	(1095,17,'Course Added','Added course 22AM026 - ECOMMERCE AND WEB DEVELOPMENT to Semester 158','System','2026-01-23 00:00:17',NULL),
	(1096,17,'Course Added','Added course 22AM027 - MOBILE AND WEB APPLICATION  to Semester 158','System','2026-01-23 00:00:43',NULL),
	(1097,16,'Course Added','Added course 22AI026 - HEALTH CARE ANALYTICS to Semester 179','System','2026-01-23 00:00:46',NULL),
	(1098,24,'Card Added','Added Semester 5','System','2026-01-23 00:01:00',NULL),
	(1099,16,'Course Added','Added course 22AI027 - OPTIMIZATION TECHNIQUES to Semester 179','System','2026-01-23 00:01:13',NULL),
	(1100,17,'Course Added','Added course 22AM028 - NoSQL DATABASE to Semester 158','System','2026-01-23 00:01:17',NULL),
	(1101,16,'Course Added','Added course 22AI028 - BIG DATA ANALYTICS to Semester 179','System','2026-01-23 00:01:39',NULL),
	(1102,17,'Course Added','Added course 22AM029 - SMART PRODUCT DEVELOPMENT  to Semester 158','System','2026-01-23 00:01:43',NULL),
	(1103,16,'Course Added','Added course 22AI029 - QUANTUM COMPUTING to Semester 179','System','2026-01-23 00:02:04',NULL),
	(1104,17,'Course Added','Added course 22AM030 - BIO MEDICAL IMAGE ANALYSIS  to Semester 159','System','2026-01-23 00:02:25',NULL),
	(1105,16,'Course Added','Added course 22AI030 - COGNITIVE SCIENCE  to Semester 179','System','2026-01-23 00:02:42',NULL),
	(1106,17,'Course Added','Added course 22AM031 -  DATA ANALYTICS AND DATA SCIENCE to Semester 159','System','2026-01-23 00:02:49',NULL),
	(1107,17,'Course Added','Added course 22AM032 - VIDEO ANALYTICS to Semester 159','System','2026-01-23 00:03:11',NULL),
	(1108,17,'Course Added','Added course 22AM033 - CYBER THREAT ANALYTICS  to Semester 159','System','2026-01-23 00:03:32',NULL),
	(1109,16,'Course Added','Added course 22AI031 - BIO MEDICAL IMAGE ANALYSIS to Semester 180','System','2026-01-23 00:03:44',NULL),
	(1110,17,'Course Added','Added course 22AM034 - BUSINESS INTELLIGENCE to Semester 159','System','2026-01-23 00:03:56',NULL),
	(1111,16,'Course Added','Added course 22AI032 - RECOMMENDER SYSTEMS  to Semester 180','System','2026-01-23 00:04:10',NULL),
	(1112,17,'Course Added','Added course 22AM035 - DIGITAL MARKETING AND MANAGEMENT to Semester 159','System','2026-01-23 00:04:22',NULL),
	(1113,16,'Course Added','Added course 22AI033 - IMAGE AND VIDEO ANALYTICS to Semester 180','System','2026-01-23 00:04:45',NULL),
	(1114,17,'Course Added','Added course 22AM036 - INTERNET OF THINGS AND ITS APPLICATIONS  to Semester 160','System','2026-01-23 00:04:52',NULL),
	(1115,17,'Course Added','Added course 22AM037 - BIOINFORMATICS to Semester 160','System','2026-01-23 00:05:11',NULL),
	(1116,16,'Course Added','Added course 22AI034 - CYBER THREAT ANALYTICS to Semester 180','System','2026-01-23 00:05:46',NULL),
	(1117,24,'Course Added','Added course 22CS404  - WEB TECHNOLOGY AND FRAMEWORKS to Semester 95','System','2026-01-23 00:06:19',NULL),
	(1118,25,'Course Added','Added course 22CT601 - DISTRIBUTED COMPUTING to Semester 201','System','2026-01-23 00:11:44',NULL),
	(1119,25,'Course Added','Added course 22CT602 - MACHINE LEARNING ESSENTIALS to Semester 201','System','2026-01-23 00:12:17',NULL),
	(1120,25,'Course Added','Added course 22CT603 - CLOUD COMPUTING to Semester 201','System','2026-01-23 00:13:00',NULL),
	(1121,25,'Course Added','Added course 22CT607 - MINI PROJECT II  to Semester 201','System','2026-01-23 00:13:37',NULL),
	(1122,25,'Card Added','Added Semester 7','System','2026-01-23 00:13:50',NULL),
	(1123,25,'Course Added','Added course 22CT701 - BLOCKCHAIN TECHNOLOGY to Semester 207','System','2026-01-23 00:14:25',NULL),
	(1124,25,'Course Added','Added course 22CT702 - MOBILE APPLICATION DEVELOPMENT to Semester 207','System','2026-01-23 00:15:09',NULL),
	(1125,25,'Course Added','Added course 22CT707 - PROJECT WORK I  to Semester 207','System','2026-01-23 00:15:40',NULL),
	(1126,25,'Card Added','Added Semester 8','System','2026-01-23 00:15:48',NULL),
	(1127,25,'Card Added','Added Vertical 1','System','2026-01-23 00:17:12',NULL),
	(1128,25,'Course Added','Added course 22CT001 - EXPLORATORY DATA ANALYSIS to Semester 209','System','2026-01-23 00:17:54',NULL),
	(1129,24,'Card Added','Added Semester 6','System','2026-01-23 00:18:56',NULL),
	(1130,25,'Course Added','Added course 22CT002 - RECOMMENDER SYSTEMS to Semester 209','System','2026-01-23 00:18:59',NULL),
	(1131,24,'Card Added','Added Semester 7','System','2026-01-23 00:19:10',NULL),
	(1132,24,'Card Added','Added Semester 8','System','2026-01-23 00:19:23',NULL),
	(1133,24,'Card Added','Added New Card','System','2026-01-23 00:20:39',NULL),
	(1134,24,'Card Added','Added Vertical 1','System','2026-01-23 00:21:03',NULL),
	(1135,24,'Card Added','Added Vertical 2','System','2026-01-23 00:21:17',NULL),
	(1136,24,'Card Added','Added Vertical 3','System','2026-01-23 00:21:28',NULL),
	(1137,24,'Card Added','Added Vertical 4','System','2026-01-23 00:21:42',NULL),
	(1138,24,'Card Added','Added Vertical 5','System','2026-01-23 00:21:51',NULL),
	(1139,24,'Card Added','Added Vertical 6','System','2026-01-23 00:22:05',NULL),
	(1140,24,'Card Added','Added Vertical 7','System','2026-01-23 00:22:15',NULL),
	(1141,24,'Card Added','Added New Card','System','2026-01-23 00:22:51',NULL),
	(1142,24,'Card Added','Added New Card','System','2026-01-23 00:23:02',NULL),
	(1143,24,'Honour Card Added','Added Honour Card: DATA SCIENCE ','System','2026-01-23 00:23:52',NULL),
	(1144,24,'Honour Card Added','Added Honour Card:  DATA SCIENCE ','System','2026-01-23 00:24:30',NULL),
	(1145,31,'Card Added','Added Semester 1','System','2026-01-23 00:26:32',NULL),
	(1146,31,'Card Added','Added Semester 2','System','2026-01-23 00:26:40',NULL),
	(1147,31,'Card Added','Added Semester 3','System','2026-01-23 00:26:50',NULL),
	(1148,31,'Card Added','Added Semester 4','System','2026-01-23 00:26:56',NULL),
	(1149,31,'Card Added','Added Semester 5','System','2026-01-23 00:27:02',NULL),
	(1150,31,'Card Added','Added Semester 6','System','2026-01-23 00:27:09',NULL),
	(1151,31,'Card Added','Added Semester 7','System','2026-01-23 00:27:20',NULL),
	(1152,31,'Card Added','Added Semester 8','System','2026-01-23 00:27:27',NULL),
	(1153,31,'Card Added','Added New Card','System','2026-01-23 00:28:19',NULL),
	(1154,31,'Card Added','Added Vertical 1','System','2026-01-23 00:28:42',NULL),
	(1155,31,'Card Added','Added Vertical 2','System','2026-01-23 00:28:51',NULL),
	(1156,31,'Card Added','Added Vertical 3','System','2026-01-23 00:29:02',NULL),
	(1157,31,'Card Added','Added Vertical 4','System','2026-01-23 00:29:11',NULL),
	(1158,31,'Card Added','Added Vertical 5','System','2026-01-23 00:29:19',NULL),
	(1159,31,'Card Added','Added Vertical 6','System','2026-01-23 00:29:32',NULL),
	(1160,31,'Card Added','Added Vertical 7','System','2026-01-23 00:29:46',NULL),
	(1161,31,'Card Added','Added New Card','System','2026-01-23 00:30:41',NULL),
	(1162,22,'Card Added','Added Semester 1','System','2026-01-23 00:32:43',NULL),
	(1163,22,'Card Added','Added Semester 2','System','2026-01-23 00:32:49',NULL),
	(1164,22,'Card Added','Added Semester 3','System','2026-01-23 00:32:54',NULL),
	(1165,22,'Card Added','Added Semester 4','System','2026-01-23 00:32:58',NULL),
	(1166,22,'Card Added','Added Semester 5','System','2026-01-23 00:33:04',NULL),
	(1167,22,'Card Added','Added Semester 6','System','2026-01-23 00:33:09',NULL),
	(1168,22,'Card Added','Added Semester 7','System','2026-01-23 00:33:20',NULL),
	(1169,22,'Card Added','Added Semester 8','System','2026-01-23 00:34:28',NULL),
	(1170,22,'Card Added','Added Vertical 1','System','2026-01-23 00:35:48',NULL),
	(1171,22,'Card Added','Added Vertical 2','System','2026-01-23 00:35:55',NULL),
	(1172,22,'Card Added','Added Vertical 3','System','2026-01-23 00:36:02',NULL),
	(1173,22,'Card Added','Added Vertical 4','System','2026-01-23 00:36:12',NULL),
	(1174,22,'Card Added','Added Vertical 5','System','2026-01-23 00:36:22',NULL),
	(1175,22,'Card Added','Added Vertical 6','System','2026-01-23 00:36:33',NULL),
	(1176,22,'Card Added','Added Vertical 7','System','2026-01-23 00:36:46',NULL),
	(1177,22,'Card Added','Added New Card','System','2026-01-23 00:37:09',NULL),
	(1178,22,'Card Added','Added New Card','System','2026-01-23 00:37:16',NULL),
	(1179,22,'Honour Card Added','Added Honour Card: DATA SCIENCE ','System','2026-01-23 00:37:55',NULL),
	(1180,22,'Honour Card Added','Added Honour Card: DATA SCIENCE ','System','2026-01-23 00:38:16',NULL),
	(1181,20,'Course Removed','Removed course COMPREHENSIVE WORK from Semester 104','System','2026-01-23 02:42:35',NULL),
	(1182,20,'Card Added','Added Vertical 1','System','2026-01-23 02:44:53',NULL),
	(1183,20,'Course Added','Added course 22CE001 - REPAIR AND REHABILITATION OF STRUCTURES  to Semester 257','System','2026-01-23 02:45:52',NULL),
	(1184,20,'Course Added','Added course 22CE002 - PRESTRESSED CONCRETE STRUCTURES to Semester 257','System','2026-01-23 02:46:38',NULL),
	(1185,20,'Course Added','Added course 22CE003 - STRUCTURAL DYNAMICS AND EARTHQUAKE ENGINEERING to Semester 257','System','2026-01-23 02:47:00',NULL),
	(1186,20,'Course Added','Added course 22CE004 - BRIDGE ENGINEERING to Semester 257','System','2026-01-23 02:47:30',NULL),
	(1187,20,'Course Added','Added course 22CE005 - TALL STRUCTURES to Semester 257','System','2026-01-23 02:47:53',NULL),
	(1188,20,'Course Added','Added course 22CE006 - STRUCTURAL HEALTH MONITORING to Semester 257','System','2026-01-23 02:48:18',NULL),
	(1189,20,'Card Added','Added Vertical 2','System','2026-01-23 02:48:36',NULL),
	(1190,20,'Course Added','Added course 22CE007  - DESIGN OF TIMBER AND MASONRY ELEMENTS  to Semester 258','System','2026-01-23 02:49:08',NULL),
	(1191,20,'Course Added','Added course 22CE008 - ADVANCED RC DESIGN to Semester 258','System','2026-01-23 02:49:35',NULL),
	(1192,20,'Course Added','Added course 22CE009 - ADVANCED STEEL DESIGN to Semester 258','System','2026-01-23 02:49:56',NULL),
	(1193,20,'Course Added','Added course 22CE010 - INDUSTRIAL STRUCTURES to Semester 258','System','2026-01-23 02:50:18',NULL),
	(1194,20,'Course Added','Added course 22CE011 - FINITE ELEMENT ANALYSIS to Semester 258','System','2026-01-23 02:50:38',NULL),
	(1195,20,'Course Added','Added course 22CE012 - STEEL CONCRETE COMPOSITE STRUCTURES  to Semester 258','System','2026-01-23 02:50:58',NULL),
	(1196,20,'Card Added','Added Vertical 3','System','2026-01-23 02:51:15',NULL),
	(1197,20,'Course Added','Added course 22CE013 - BUILDING SERVICES to Semester 259','System','2026-01-23 02:51:46',NULL),
	(1198,20,'Course Added','Added course 22CE014 - CONCEPTUAL PLANNING AND BYE LAWS to Semester 259','System','2026-01-23 02:52:05',NULL),
	(1199,20,'Course Added','Added course 22CE015 - COST EFFECTIVE CONSTRUCTION AND GREEN BUILDING to Semester 259','System','2026-01-23 02:52:25',NULL),
	(1200,20,'Course Added','Added course 22CE016 - PREFABRICATED STRUCTURES AND PREENGINEEREDBUILDING to Semester 259','System','2026-01-23 02:52:47',NULL),
	(1201,20,'Course Added','Added course 22CE017 - ENERGY EFFICIENT BUILDINGS to Semester 259','System','2026-01-23 02:53:09',NULL),
	(1202,20,'Course Added','Added course 22CE018 - CONSTRUCTION MANAGEMENT AND SAFETY  to Semester 259','System','2026-01-23 02:53:39',NULL),
	(1203,20,'Card Added','Added Vertical 4','System','2026-01-23 02:53:57',NULL),
	(1204,20,'Course Added','Added course 22CE019 - GROUND IMPROVEMENT TECHNIQUES to Semester 260','System','2026-01-23 02:54:23',NULL),
	(1205,20,'Course Added','Added course 22CE020  - GEOENVIRONMENTAL ENGINEERING to Semester 260','System','2026-01-23 02:54:49',NULL),
	(1206,20,'Course Added','Added course 22CE021 - INTRODUCTION TO GEOTECHNICAL EARTHQUAKE ENGINEERING to Semester 260','System','2026-01-23 02:55:24',NULL),
	(1207,20,'Course Added','Added course 22CE022 - REINFORCED SOIL STRUCTURES to Semester 260','System','2026-01-23 02:55:46',NULL),
	(1208,20,'Course Added','Added course 22CE023 - ROCK MECHANICS AND APPLICATIONS to Semester 260','System','2026-01-23 02:56:08',NULL),
	(1209,20,'Course Added','Added course 22CE024 - EARTH RETAINING STRUCTURES to Semester 260','System','2026-01-23 02:56:34',NULL),
	(1210,20,'Course Updated','Updated course: 22CE022 - REINFORCED SOIL STRUCTURES','System','2026-01-23 02:56:53','{\"credit\": {\"new\": 3, \"old\": 2}}'),
	(1211,20,'Course Updated','Updated course: 22CE011 - FINITE ELEMENT ANALYSIS','System','2026-01-23 02:57:21','{\"credit\": {\"new\": 3, \"old\": 2}}'),
	(1212,20,'Course Updated','Updated course: 22CE016 - PREFABRICATED STRUCTURES AND PREENGINEEREDBUILDING','System','2026-01-23 02:57:55','{\"credit\": {\"new\": 3, \"old\": 2}}'),
	(1213,20,'Course Updated','Updated course: 22CE014 - CONCEPTUAL PLANNING AND BYE LAWS','System','2026-01-23 02:57:59','{\"credit\": {\"new\": 3, \"old\": 2}}'),
	(1214,20,'Card Added','Added Vertical 5','System','2026-01-23 02:59:05',NULL),
	(1215,20,'Course Added','Added course 22CE025 - URBAN TRANSPORTATION PLANNING AND SYSTEMS to Semester 261','System','2026-01-23 02:59:30',NULL),
	(1216,20,'Course Added','Added course 22CE026 - MASS TRANSPORTATION SYSTEMS to Semester 261','System','2026-01-23 02:59:54',NULL),
	(1217,16,'Mission[0] Added','Added Mission item at index 0','System','2026-02-02 21:40:14','{\"Mission[0]\": {\"new\": \"To impart need based education to meet the requirements of the industry and society.\", \"old\": \"\"}}'),
	(1218,16,'Mission[2] Added','Added Mission item at index 2','System','2026-02-02 21:40:14','{\"Mission[2]\": {\"new\": \"To build technologically competent individuals for industry and entrepreneurialventures by providing infrastructure and human resources.\", \"old\": \"\"}}'),
	(1219,16,'Mission[1] Added','Added Mission item at index 1','System','2026-02-02 21:40:14','{\"Mission[1]\": {\"new\": \"To equip students for emerging technologies with global standards and ethics that aid insocietal sustainability.\", \"old\": \"\"}}'),
	(1220,16,'Course Added','Added course 22AI035 - BUSINESS ANALYTICS to Semester 180','System','2026-02-03 00:22:08',NULL),
	(1221,16,'Course Added','Added course 22AI036  - DIGITAL MARKETING AND MANAGEMENT to Semester 180','System','2026-02-03 00:24:01',NULL),
	(1222,16,'Course Added','Added course 22AI037 - TIME SERIES ANALYSIS AND FORECASTING to Semester 181','System','2026-02-03 00:25:25',NULL),
	(1223,16,'Course Added','Added course 22AI038  - HUMAN COMPUTER INTERACTION to Semester 181','System','2026-02-03 00:25:56',NULL),
	(1224,16,'Course Added','Added course 22AI039  - PATTERN RECOGNITION  to Semester 181','System','2026-02-03 00:26:19',NULL),
	(1225,16,'Course Added','Added course 22AI040  - ETHICS AND AI to Semester 181','System','2026-02-03 00:26:47',NULL),
	(1226,16,'Course Added','Added course 22AI041 - MULTIMEDIA AND ANIMATION to Semester 181','System','2026-02-03 00:27:23',NULL),
	(1227,16,'Course Added','Added course 22AI042  - SOFTWARE PROJECT MANAGEMENT to Semester 181','System','2026-02-03 00:27:54',NULL),
	(1228,16,'Course Added','Added course 22AI043  - PYTHON FOR DATA SCIENCE  to Semester 182','System','2026-02-03 00:28:36',NULL),
	(1229,16,'Course Added','Added course 22AI044  - EXPLORATORY DATA ANALYSIS to Semester 182','System','2026-02-03 00:29:10',NULL),
	(1230,16,'Course Added','Added course 22AI045 - FUNDAMENTALS OF MACHINE LEARNING to Semester 182','System','2026-02-03 00:29:33',NULL),
	(1231,16,'Course Added','Added course 22AI046 - DEEP LEARNING ESSENTIALS to Semester 182','System','2026-02-03 00:29:52',NULL),
	(1232,16,'Course Added','Added course 22AI047  - TEXT AND SPEECH ANALYSIS to Semester 182','System','2026-02-03 00:30:15',NULL),
	(1233,16,'Course Added','Added course 22AI048  - COMPUTER VISION AND IMAGE PROCESSING to Semester 182','System','2026-02-03 00:30:37',NULL),
	(1234,16,'Course Added','Added course 22AI049  - ETHICS IN DATA SCIENCE  to Semester 182','System','2026-02-03 00:30:57',NULL),
	(1235,16,'Course Added','Added course 22OAI01 - FUNDAMENTALS OF DATA SCIENCE to Semester 186','System','2026-02-03 00:32:30',NULL),
	(1236,16,'Course Removed','Removed course FUNDAMENTALS OF DATA SCIENCE from Semester 186','System','2026-02-03 00:42:14',NULL),
	(1237,16,'Course Added','Added course 22AI0XA - MACHINE LEARNING IN INTERNET OF ROBOTIC THINGS (IoRT) to Semester 187','System','2026-02-03 01:06:51',NULL),
	(1238,16,'Course Added','Added course 22AI0XB - AUGMENTED REALITY to Semester 187','System','2026-02-03 01:07:15',NULL),
	(1239,16,'Course Added','Added course 22AI0XC - STATISTICAL MODELLING IN R PROGRAMMING  to Semester 187','System','2026-02-03 01:07:34',NULL),
	(1240,16,'Course Added','Added course 22AI0XD  - NODE.JS to Semester 187','System','2026-02-03 01:07:54',NULL),
	(1241,16,'Course Added','Added course 22AI0XE  - MLOps ESSENTIALS to Semester 187','System','2026-02-03 01:08:12',NULL),
	(1242,16,'Course Added','Added course 22AI0XF - APACHE KAFKA to Semester 187','System','2026-02-03 01:08:28',NULL),
	(1243,16,'Course Added','Added course 22AI0XG  - FULL STACK DEVELOPMENT USING ADAPTIVE AI  to Semester 187','System','2026-02-03 01:08:46',NULL),
	(1244,16,'Course Added','Added course 22AI0XH - DEMYSTIFYING DIALOGUECRAFT AI AND APPLICATIONS to Semester 187','System','2026-02-03 01:09:04',NULL),
	(1245,16,'Course Added','Added course 22AI0XI  - AI BASED DEEPFAKE IMAGE CREATION  to Semester 187','System','2026-02-03 01:09:23',NULL),
	(1246,16,'Course Added','Added course NA - PROFESSIONAL ELECTIVE I  to Semester 109','System','2026-02-03 01:17:43',NULL),
	(1247,16,'Curriculum Updated','Updated curriculum details','System','2026-02-03 02:46:59','{\"max_credits\": {\"new\": 1, \"old\": 165}}'),
	(1248,16,'Curriculum Updated','Updated curriculum details','System','2026-02-03 02:47:05','{\"max_credits\": {\"new\": 165, \"old\": 1}}'),
	(1249,16,'Course Added','Added course NA - PROFESSIONAL ELECTIVE II to Semester 120','System','2026-02-03 04:18:55',NULL),
	(1250,16,'Course Added','Added course NA - OPEN ELECTIVE to Semester 120','System','2026-02-03 04:19:27',NULL),
	(1251,16,'Course Added','Added course NA - PROFESSIONAL ELECTIVE III to Semester 131','System','2026-02-03 04:19:57',NULL),
	(1252,16,'Course Added','Added course NA - PROFESSIONAL ELECTIVE IV  to Semester 131','System','2026-02-03 04:20:14',NULL),
	(1253,16,'Course Added','Added course NA - PROFESSIONAL ELECTIVE V to Semester 131','System','2026-02-03 04:20:34',NULL),
	(1254,16,'Course Added','Added course NA - PROFESSIONAL ELECTIVE VI  to Semester 135','System','2026-02-03 04:21:21',NULL),
	(1255,16,'Course Added','Added course NA - PROFESSIONAL ELECTIVE VII to Semester 135','System','2026-02-03 04:21:47',NULL),
	(1256,16,'Course Added','Added course NA - PROFESSIONAL ELECTIVE VII to Semester 135','System','2026-02-03 04:22:19',NULL),
	(1257,16,'Course Added','Added course NA - PROFESSIONAL ELECTIVE IX  to Semester 135','System','2026-02-03 04:22:40',NULL),
	(1258,16,'Course Added','Added course 22OCE01 - ENERGY CONSERVATION AND MANAGEMENT to Semester 186','System','2026-02-03 04:23:31',NULL),
	(1259,16,'Course Added','Added course 22OCE02 - COST MANAGEMENT OF ENGINEERING PROJECTS to Semester 186','System','2026-02-03 04:24:05',NULL),
	(1260,16,'Course Added','Added course 22OEC02 - MICROCONTROLLER PROGRAMMING  to Semester 186','System','2026-02-03 04:24:31',NULL),
	(1261,16,'Course Added','Added course 22OEC03  - PRINCIPLES OF COMMUNICATION SYSTEMS to Semester 186','System','2026-02-03 04:25:07',NULL),
	(1262,16,'Course Added','Added course 22OEI01 - PROGRAMMABLE LOGIC CONTROLLER to Semester 186','System','2026-02-03 04:25:27',NULL),
	(1263,16,'Course Added','Added course 22OEI02 - SENSOR TECHNOLOGY to Semester 186','System','2026-02-03 04:25:45',NULL),
	(1264,16,'Course Added','Added course 22OEI03 - FUNDAMENTALS OF VIRTUAL INSTRUMENTATION to Semester 186','System','2026-02-03 04:26:09',NULL),
	(1265,16,'Course Added','Added course 22OEI04 - OPTOELECTRONICS AND LASER INSTRUMENTATION to Semester 186','System','2026-02-03 04:26:29',NULL),
	(1266,16,'Course Added','Added course 22OME0 - DIGITAL MANUFACTURING to Semester 186','System','2026-02-03 04:27:01',NULL),
	(1267,16,'Course Added','Added course 22OME02 - INDUSTRIAL PROCESS ENGINEERING to Semester 186','System','2026-02-03 04:27:19',NULL),
	(1268,16,'Course Added','Added course 22OME03 - MAINTENANCE ENGINEERING to Semester 186','System','2026-02-03 04:27:43',NULL),
	(1269,16,'Course Added','Added course 22OME04  - SAFETY ENGINEERING  to Semester 186','System','2026-02-03 04:28:07',NULL),
	(1270,16,'Course Added','Added course 22OBT01 - BIOFUELS to Semester 186','System','2026-02-03 04:28:27',NULL),
	(1271,16,'Course Added','Added course 22OFD01 - TRADITIONAL FOODS to Semester 186','System','2026-02-03 04:28:47',NULL),
	(1272,16,'Course Added','Added course 22OFD02  - FOOD LAWS AND REGULATIONS to Semester 186','System','2026-02-03 04:29:10',NULL),
	(1273,16,'Course Added','Added course 22OFD03 - POST HARVEST TECHNOLOGY OF FRUITS AND VEGETABLES to Semester 186','System','2026-02-03 04:29:53',NULL),
	(1274,16,'Course Added','Added course 22OFD04 - CEREAL, PULSES AND OILSEED TECHNOLOGY  to Semester 186','System','2026-02-03 04:30:09',NULL),
	(1275,16,'Course Added','Added course 22OFT01 - FASHION CRAFTSMANSHIP to Semester 186','System','2026-02-03 04:30:29',NULL),
	(1276,16,'Course Added','Added course 22OFT02  - INTERIOR DESIGN IN FASHION  to Semester 186','System','2026-02-03 04:31:00',NULL),
	(1277,16,'Course Added','Added course 22OFT03  - SURFACE ORNAMENTATION to Semester 186','System','2026-02-03 04:31:16',NULL),
	(1278,16,'Course Added','Added course 22OPH02 - SEMICONDUCTOR PHYSICS AND DEVICES  to Semester 186','System','2026-02-03 04:31:33',NULL),
	(1279,16,'Course Added','Added course 22OPH03  - APPLIED LASER SCIENCE to Semester 186','System','2026-02-03 04:31:56',NULL),
	(1280,16,'Course Added','Added course 22OPH04  - BIOPHOTONICS to Semester 186','System','2026-02-03 04:32:12',NULL),
	(1281,16,'Course Added','Added course 22OPH05  - PHYSICS OF SOFT MATTER to Semester 186','System','2026-02-03 04:32:31',NULL),
	(1282,16,'Course Added','Added course 22OCH01 - CORROSION SCIENCE AND ENGINEERING to Semester 186','System','2026-02-03 04:32:48',NULL),
	(1283,16,'Course Added','Added course 22OCH02 - POLYMER SCIENCE  to Semester 186','System','2026-02-03 04:33:06',NULL),
	(1284,16,'Course Added','Added course 22OCH03  - ENERGY STORING DEVICES to Semester 186','System','2026-02-03 04:33:24',NULL),
	(1285,16,'Course Added','Added course 22OGE01 - PRINCIPLES OF MANAGEMENT  to Semester 186','System','2026-02-03 04:33:39',NULL),
	(1286,16,'Course Added','Added course 22OGE02  - ENTREPRENEURSHIP DEVELOPMENT I to Semester 186','System','2026-02-03 04:33:54',NULL),
	(1287,16,'Course Added','Added course 22OGE03 - ENTREPRENEURSHIP DEVELOPMENT II to Semester 186','System','2026-02-03 04:34:11',NULL),
	(1288,16,'Course Added','Added course 22OGE04 - NATION BUILDING, LEADERSHIP AND SOCIAL RESPONSIBILITY to Semester 186','System','2026-02-03 04:34:25',NULL),
	(1289,16,'Course Added','Added course 22OBM01 - OCCUPATIONAL SAFETY AND HEALTH IN PUBLIC HEALTH EMERGENCIES to Semester 186','System','2026-02-03 04:34:45',NULL),
	(1290,16,'Course Added','Added course 22OBM02 - AMBULANCE AND EMERGENCY MEDICAL SERVICE MANAGEMENT to Semester 186','System','2026-02-03 04:35:04',NULL),
	(1291,16,'Course Added','Added course 22OBM03 - HOSPITAL AUTOMATION  to Semester 186','System','2026-02-03 04:35:20',NULL),
	(1292,16,'Course Added','Added course 22OAG01 - RAIN WATER HARVESTING TECHNIQUES to Semester 186','System','2026-02-03 04:35:37',NULL),
	(1293,16,'Course Added','Added course 22OEE01  - VALUE ENGINEERING to Semester 186','System','2026-02-03 04:35:58',NULL),
	(1294,16,'Course Added','Added course 22OEE02  - ELECTRICAL SAFETY to Semester 186','System','2026-02-03 04:36:15',NULL),
	(1295,16,'Course Added','Added course 22OCB01 - INTERNATIONAL BUSINESS MANAGEMENT to Semester 186','System','2026-02-03 04:36:30',NULL),
	(1296,31,'PO[0] Added','Added PO item at index 0','System','2026-02-03 04:40:50','{\"PO[0]\": {\"new\": \"Engineering Knowledge: Apply knowledge of mathematics, natural science, computing, engineering fundamentals and an engineering specialization to develop to the solution of complex engineering problems.\", \"old\": \"\"}}'),
	(1297,31,'PO[0] Deleted','Deleted PO item at index 0','System','2026-02-03 04:41:00','{\"PO[0]\": {\"new\": \"\", \"old\": \"Engineering Knowledge: Apply knowledge of mathematics, natural science, computing, engineering fundamentals and an engineering specialization to develop to the solution of complex engineering problems.\"}}'),
	(1298,31,'PO[0] Added','Added PO item at index 0','System','2026-02-03 04:41:19','{\"PO[0]\": {\"new\": \"Engineering Knowledge: Apply knowledge of mathematics, natural science, computing, engineering fundamentals and an engineering specialization to develop to the solution of complex engineering problems.\", \"old\": \"\"}}'),
	(1299,31,'PEO-PO Mapping Saved','Updated PEO-PO mappings for the curriculum','System','2026-02-03 04:43:57',NULL),
	(1300,16,'PEO-PO Mapping Saved','Updated PEO-PO mappings for the curriculum','System','2026-02-03 04:44:08',NULL),
	(1301,16,'PEO-PO Mapping Saved','Updated PEO-PO mappings for the curriculum','System','2026-02-03 04:44:12',NULL),
	(1302,16,'Course Added','Added course 22OAI01  - FUNDAMENTALS OF DATA SCIENCE to Semester 190','System','2026-02-03 04:50:39',NULL),
	(1303,16,'Card Added','Added New Card','System','2026-02-03 04:55:24',NULL),
	(1304,16,'Course Updated','Updated course: NA - OPEN ELECTIVE','System','2026-02-03 04:56:34','{\"credit\": {\"new\": 3, \"old\": 0}}'),
	(1305,16,'Course Added','Added course 22HS201  - COMMUNICATIVE ENGLISH II to Semester 262','System','2026-02-03 05:02:41',NULL),
	(1306,16,'PEO-PO & PSO-PO Mapping Saved','Updated PEO-PO and PSO-PO mappings for the curriculum','System','2026-02-04 21:49:08',NULL),
	(1307,24,'Course Added','Added course 22CS007 - AGILE SOFTWARE DEVELOPMENT to Semester 220','System','2026-02-25 04:04:54',NULL),
	(1308,24,'Course Removed','Removed course AGILE SOFTWARE DEVELOPMENT from Semester 220','System','2026-02-25 04:05:19',NULL),
	(1309,24,'Course Added','Added course 22CS039 - INTERNET OF THINGS to Semester 220','System','2026-02-25 04:05:48',NULL),
	(1310,24,'Course Added','Added course 22CS007 - AGILE SOFTWARE DEVELOPMENT to Semester 215','System','2026-02-25 04:07:34',NULL),
	(1311,24,'Course Added','Added course 22CS008 - UI AND UX DESIGN to Semester 215','System','2026-02-25 04:08:44',NULL),
	(1312,22,'Course Added','Added course 22CB031 - INTRODUCTION TO INNOVATION IP MANAGEMENT AND ENTREPRENEURSHIP  to Semester 252','System','2026-02-25 04:11:03',NULL),
	(1313,15,'Course Added','Added course 22AG040  - TECHNOLOGY OF SEED PROCESSING to Semester 170','System','2026-02-25 04:30:33',NULL),
	(1314,27,'Card Added','Added Vertical 7','System','2026-02-25 04:35:38',NULL),
	(1315,26,'Card Added','Added Semester 1','System','2026-02-25 04:46:29',NULL),
	(1316,25,'Card Added','Added Vertical 5','System','2026-02-25 04:47:42',NULL),
	(1317,25,'Course Added','Added course 22CT025 - MULTIMEDIA AND ANIMATION to Semester 265','System','2026-02-25 04:49:44',NULL),
	(1318,36,'Card Added','Added Vertical 1','System','2026-02-25 04:59:02',NULL),
	(1319,24,'Course Added','Added course 22CS002 - RECOMMENDER SYSTEMS  to Semester 214','System','2026-02-25 05:00:19',NULL),
	(1320,24,'Course Added','Added course 22CS031 - SOFT COMPUTING to Semester 219','System','2026-02-25 05:01:33',NULL),
	(1321,23,'Card Added','Added Vertical 4','System','2026-02-25 05:03:16',NULL),
	(1322,23,'Course Added','Added course 22CD019 - MULTIMEDIA AND ANIMATION  to Semester 267','System','2026-02-25 05:04:22',NULL),
	(1323,22,'Course Added','Added course 22CB021 - MACHINE LEARNING to Semester 251','System','2026-02-25 05:07:00',NULL),
	(1324,21,'Card Added','Added Vertical 7','System','2026-02-25 05:12:20',NULL),
	(1325,21,'Course Added','Added course 22BT046 - BIOSAFETY AND HAZARD MANAGEMENT to Semester 268','System','2026-02-25 05:13:16',NULL),
	(1326,18,'Card Added','Added Vertical 5','System','2026-02-25 05:16:50',NULL),
	(1327,18,'Course Added','Added course 22BM031  - MEDICAL OPTICS  to Semester 269','System','2026-02-25 05:17:26',NULL),
	(1328,15,'Course Added','Added course 22AG001 - HUMAN ENGINEERING AND SAFETY to Semester 161','System','2026-02-25 22:28:29',NULL),
	(1329,34,'Card Added','Added Vertical 2','System','2026-02-25 22:29:40',NULL),
	(1330,34,'Course Added','Added course 22MC007 - CNC TECHNOLOGY to Semester 270','System','2026-02-25 22:30:17',NULL),
	(1331,33,'Course Added','Added course 22ME010 - ADVANCED CASTING AND FORMING PROCESSES  to Semester 117','System','2026-02-25 22:31:59',NULL),
	(1332,32,'Card Added','Added Vertical 4','System','2026-02-25 22:33:36',NULL),
	(1333,32,'Course Added','Added course 22IT019 - CYBER SECURITY to Semester 271','System','2026-02-25 22:34:54',NULL),
	(1334,37,'Card Added','Added Vertical 3','System','2026-02-25 22:36:48',NULL),
	(1335,37,'Course Added','Added course 22IS013  - CYBER SECURITY to Semester 272','System','2026-02-25 22:37:13',NULL),
	(1336,30,'Card Added','Added Vertical 7','System','2026-02-25 22:39:14',NULL),
	(1337,30,'Course Added','Added course 22FD040 - BEVERAGE TECHNOLOGY to Semester 273','System','2026-02-25 22:39:42',NULL),
	(1338,28,'Card Added','Added Vertical 3','System','2026-02-25 22:40:31',NULL),
	(1339,28,'Course Added','Added course 22EI016 - INSTRUMENTATION IN PETROCHEMICAL INDUSTRIES to Semester 274','System','2026-02-25 22:41:14',NULL),
	(1340,27,'Card Added','Added Vertical 3','System','2026-02-25 22:43:28',NULL),
	(1341,27,'Course Added','Added course 22EC015 - ASIC DESIGN to Semester 275','System','2026-02-25 22:44:06',NULL),
	(1342,27,'Card Added','Added Vertical 8','System','2026-02-25 22:44:47',NULL),
	(1343,27,'Course Added','Added course 22EC046 - AUTOMOTIVE ELECTRONICS AND NETWORKING to Semester 276','System','2026-02-25 22:45:14',NULL),
	(1344,26,'Card Added','Added Vertical 4','System','2026-02-25 22:47:06',NULL),
	(1345,26,'Course Added','Added course 22EE020  - WIND POWER TECHNOLOGY  to Semester 277','System','2026-02-25 22:47:33',NULL),
	(1346,25,'Card Added','Added Vertical 4','System','2026-02-25 22:48:42',NULL),
	(1347,25,'Course Added','Added course 22CT019 - CYBER SECURITY  to Semester 278','System','2026-02-25 22:49:02',NULL),
	(1348,24,'Course Added','Added course 22CS035 - SOFTWARE QUALITY ASSURANCE to Semester 220','System','2026-02-25 22:52:44',NULL),
	(1349,24,'Course Added','Added course 22CS011 - SOFTWARE TESTING AND AUTOMATION to Semester 215','System','2026-02-25 22:53:45',NULL),
	(1350,23,'Card Added','Added Vertical 5','System','2026-02-25 22:55:05',NULL),
	(1351,23,'Course Added','Added course 22CD023  -  DIGITAL MARKETING to Semester 279','System','2026-02-25 22:55:49',NULL),
	(1352,23,'Card Added','Added Vertical 2','System','2026-02-25 22:57:26',NULL),
	(1353,23,'Course Added','Added course 22CB008  - MODERN WEB APPLICATIONS  to Semester 280','System','2026-02-25 22:57:53',NULL),
	(1354,21,'Course Added','Added course 22BT042 - CLINICAL TRIALS AND HEALTHCARE POLICIESIN BIOTECHNOLOGY  to Semester 268','System','2026-02-25 23:03:00',NULL),
	(1355,21,'Card Added','Added Vertical 6','System','2026-02-25 23:03:44',NULL),
	(1356,21,'Course Added','Added course 22BT036 - MOLECULAR THERAPEUTICS AND DIAGNOSTICS to Semester 281','System','2026-02-25 23:04:12',NULL),
	(1357,18,'Card Added','Added Vertical 1','System','2026-02-25 23:06:28',NULL),
	(1358,18,'Course Added','Added course 22BM005 - ADVANCED MEDICAL IMAGE ANALYSIS to Semester 282','System','2026-02-25 23:07:33',NULL),
	(1359,15,'Course Added','Added course 22AG008  - GROUNDWATER, WELLS AND PUMPS to Semester 163','System','2026-02-25 23:14:29',NULL),
	(1360,22,'Course Added','Added course 22CB604  - IT WORKSHOP to Semester 253','System','2026-02-25 23:18:01',NULL),
	(1361,34,'Card Added','Added Vertical 6','System','2026-02-25 23:20:56',NULL),
	(1362,34,'Course Added','Added course 22MC603 - FLUID POWER SYSTEM to Semester 283','System','2026-02-25 23:21:39',NULL),
	(1363,33,'Course Added','Added course 22ME603 - COMPUTER AIDED MANUFACTURING  to Semester 125','System','2026-02-25 23:22:44',NULL),
	(1364,32,'Card Added','Added Vertical 6','System','2026-02-25 23:23:51',NULL),
	(1365,32,'Course Added','Added course 22IT603  - CLOUD COMPUTING to Semester 284','System','2026-02-25 23:24:36',NULL),
	(1366,37,'Course Removed','Removed course CYBER SECURITY from Semester 272','System','2026-02-25 23:26:28',NULL),
	(1367,30,'Card Added','Added Vertical 6','System','2026-02-25 23:29:22',NULL),
	(1368,30,'Course Added','Added course 22FD603 - FOOD INSTRUMENTATION AND ANALYSIS to Semester 285','System','2026-02-25 23:30:09',NULL),
	(1369,28,'Card Added','Added Vertical 6','System','2026-02-25 23:35:06',NULL),
	(1370,28,'Course Added','Added course 22EI603 - ARTIFICIAL INTELLIGENCE AND MACHINE LEARNING to Semester 286','System','2026-02-25 23:35:42',NULL),
	(1371,26,'Card Added','Added Semester 6','System','2026-02-25 23:38:25',NULL),
	(1372,26,'Course Added','Added course 22EE603 - RENEWABLE AND DISTRIBUTED ENERGY SOURCES to Semester 287','System','2026-02-25 23:40:24',NULL),
	(1373,24,'Course Added','Added course 22CS603 - CLOUD COMPUTING  to Semester 210','System','2026-02-25 23:43:28',NULL),
	(1374,23,'Card Added','Added Semester 6','System','2026-02-25 23:44:37',NULL),
	(1375,23,'Course Added','Added course 22CD603 - HUMAN COMPUTER INTERACTION to Semester 288','System','2026-02-25 23:45:27',NULL),
	(1376,22,'Course Added','Added course 22CB603 - ARTIFICIAL INTELLIGENCE to Semester 245','System','2026-02-25 23:47:01',NULL),
	(1377,18,'Card Added','Added Semester 6','System','2026-02-25 23:48:22',NULL),
	(1378,18,'Course Added','Added course 22BM603 - ARTIFICIAL INTELLIGENCE AND MACHINE LEARNING to Semester 289','System','2026-02-25 23:49:46',NULL),
	(1379,15,'Course Added','Added course 22AG603 -  IRRIGATION AND DRAINAGE ENGINEERING to Semester 153','System','2026-02-25 23:51:27',NULL),
	(1380,34,'Card Added','Added Semester 6','System','2026-02-25 23:52:21',NULL),
	(1381,34,'Course Added','Added course 22MC602 -  POWER ELECTRONICS AND DRIVES  to Semester 290','System','2026-02-25 23:52:53',NULL),
	(1382,30,'Card Added','Added Semester 6','System','2026-02-25 23:53:53',NULL),
	(1383,30,'Course Added','Added course 22FD602 -  FOOD EQUIPMENT DESIGN to Semester 291','System','2026-02-25 23:54:58',NULL),
	(1384,28,'Card Added','Added Semester 6','System','2026-02-25 23:55:18',NULL),
	(1385,28,'Course Added','Added course 22EI602 - DIGITAL SIGNAL PROCESSING to Semester 292','System','2026-02-25 23:56:32',NULL),
	(1386,26,'Course Added','Added course 22EE602 - DIGITAL SIGNAL PROCESSING to Semester 287','System','2026-02-25 23:58:34',NULL),
	(1387,24,'Course Added','Added course 22CS602 - PRINCIPLES OF COMPILER DESIGN to Semester 210','System','2026-02-26 00:08:20',NULL),
	(1388,23,'Course Added','Added course 22CD602  - PRINCIPLES OF COMPILER DESIGN to Semester 288','System','2026-02-26 00:09:23',NULL),
	(1389,22,'Course Added','Added course 22CB602 - INFORMATION SECURITY  to Semester 245','System','2026-02-26 00:10:21',NULL),
	(1390,18,'Course Added','Added course 22BM602 - BIOMECHANICS to Semester 289','System','2026-02-26 00:12:45',NULL),
	(1391,15,'Course Added','Added course 22AG602 - POST HARVEST TECHNOLOGY to Semester 153','System','2026-02-26 00:14:20',NULL),
	(1392,34,'Course Added','Added course 22MC601  - INDUSTRIAL AUTOMATION AND IoT to Semester 290','System','2026-02-26 00:16:45',NULL),
	(1393,30,'Course Added','Added course 22FD601  - FOOD PROCESSING PLANT DESIGN ANDLAYOUT to Semester 291','System','2026-02-26 00:18:27',NULL),
	(1394,28,'Course Added','Added course 22EI601  - PROCESS CONTROL  to Semester 292','System','2026-02-26 00:19:44',NULL),
	(1395,26,'Course Added','Added course 22EE601 - POWER SYSTEM PROTECTION AND SWITCHGEAR to Semester 287','System','2026-02-26 00:20:53',NULL),
	(1396,24,'Course Added','Added course 22CS601 - CRYPTOGRAPHY AND NETWORK SECURITY to Semester 210','System','2026-02-26 00:22:03',NULL),
	(1397,23,'Course Added','Added course 22CD601  - FOUNDATIONS OF ARTIFICIAL INTELLIGENCE to Semester 288','System','2026-02-26 00:23:09',NULL),
	(1398,22,'Course Added','Added course 22CB601  - 1 COMPUTER NETWORKS to Semester 245','System','2026-02-26 00:24:43',NULL),
	(1399,18,'Course Added','Added course 22BM601 - DIAGNOSTIC AND THERAPEUTIC EQUIPMENT to Semester 289','System','2026-02-26 00:27:16',NULL),
	(1400,15,'Course Added','Added course 22AG601 - FARM IMPLEMENTS AND EQUIPMENT to Semester 153','System','2026-02-26 00:29:51',NULL),
	(1401,82,'Curriculum Created','Created new curriculum: R2022-B.E - Information Science and Engineering  (2024-2025)','System','2026-02-26 00:32:25',NULL),
	(1402,30,'Card Added','Added Vertical 2','System','2026-02-26 00:34:10',NULL),
	(1403,30,'Course Added','Added course 22FD008 - NON- THERMAL PROCESSING TECHNIQUES to Semester 293','System','2026-02-26 00:34:57',NULL),
	(1404,28,'Course Added','Added course 22EI017 - FIBER OPTICS AND LASER INSTRUMENTATION to Semester 274','System','2026-02-26 00:36:36',NULL),
	(1405,26,'Card Added','Added Vertical 6','System','2026-02-26 00:37:24',NULL),
	(1406,26,'Course Added','Added course 22EE035 - ENERGY AUDITING AND MANAGEMENT to Semester 294','System','2026-02-26 00:38:06',NULL),
	(1407,82,'Card Added','Added Vertical 3','System','2026-02-26 00:39:03',NULL),
	(1408,82,'Course Added','Added course 22IS013  - CYBER SECURITY to Semester 295','System','2026-02-26 00:39:36',NULL),
	(1409,82,'Card Added','Added Semester 6','System','2026-02-26 00:39:57',NULL),
	(1410,82,'Course Added','Added course 22IS603 - INFORMATION CODING TECHNIQUES to Semester 296','System','2026-02-26 00:40:25',NULL),
	(1411,82,'Course Added','Added course 22IS602  - CRYPTOGRAPHY AND INFORMATION SECURITY to Semester 296','System','2026-02-26 00:41:13',NULL),
	(1412,82,'Course Added','Added course 22IS601 - NATURAL LANGUAGE PROCESSING TECHNIQUES  to Semester 296','System','2026-02-26 00:42:08',NULL),
	(1413,28,'Course Added','Added course 22EI014 - ANALYTICAL INSTRUMENTS  to Semester 274','System','2026-02-26 00:43:19',NULL),
	(1414,27,'Course Added','Added course 22EC040 - PYTHON PROGRAMMING FOR AI AND ML to Semester 263','System','2026-02-26 00:44:07',NULL),
	(1415,26,'Course Added','Added course 22EE033 - ILLUMINATION ENGINEERING to Semester 294','System','2026-02-26 00:45:01',NULL),
	(1416,26,'Card Added','Added Vertical 2','System','2026-02-26 00:45:27',NULL),
	(1417,26,'Course Added','Added course 22EE007 - ADVANCED POWER SEMICONDUCTOR DEVICES to Semester 297','System','2026-02-26 00:46:09',NULL),
	(1418,82,'Course Added','Added course dlkjdjlkd - dflskfd to Semester 296','System','2026-03-03 12:04:35',NULL),
	(1419,82,'Course Added','Added course eewwer - werwer to Semester 296','System','2026-03-03 12:06:50',NULL),
	(1420,26,'Card Added','Added Semester 4','System','2026-03-03 12:25:21',NULL),
	(1421,26,'Course Added','Added course 22EE402 - ELECTRICAL MACHINES II to Semester 298','System','2026-03-03 12:25:21',NULL),
	(1422,26,'Course Added','Added course 22EE403 - MEASUREMENT AND INSTRUMENTATION to Semester 298','System','2026-03-03 12:25:22',NULL),
	(1423,26,'Course Added','Added course 22EE404 - DIGITAL LOGIC CIRCUIT DESIGN to Semester 298','System','2026-03-03 12:25:22',NULL),
	(1424,26,'Course Added','Added course 22EE405 - EMBEDDED SYSTEMS to Semester 298','System','2026-03-03 12:25:23',NULL),
	(1425,28,'Card Added','Added Semester 4','System','2026-03-03 12:25:23',NULL),
	(1426,28,'Course Added','Added course 22EI402 - SENSORS AND TRANSDUCER to Semester 299','System','2026-03-03 12:25:24',NULL),
	(1427,28,'Course Added','Added course 22EI403 - ANALOG ELECTRONICS AND INTEGRATED CIRCUITS to Semester 299','System','2026-03-03 12:25:24',NULL),
	(1428,28,'Course Added','Added course 22EI404 - COMMUNICATION ENGINEERING to Semester 299','System','2026-03-03 12:25:24',NULL),
	(1429,28,'Course Added','Added course 22EI405 - EMBEDDED SYSTEMS to Semester 299','System','2026-03-03 12:25:25',NULL),
	(1430,34,'Card Added','Added Semester 4','System','2026-03-03 12:25:25',NULL),
	(1431,34,'Course Added','Added course 22MC402 - SENSORS AND TRANSDUCER to Semester 300','System','2026-03-03 12:25:25',NULL),
	(1432,34,'Course Added','Added course 22MC403 - STRENGTH OF MATERIALS to Semester 300','System','2026-03-03 12:25:26',NULL),
	(1433,34,'Course Added','Added course 22MC404 - THEORY OF MACHINES to Semester 300','System','2026-03-03 12:25:26',NULL),
	(1434,34,'Course Added','Added course 22MC405 - EMBEDDED SYSTEM to Semester 300','System','2026-03-03 12:25:26',NULL),
	(1435,34,'Course Added','Added course 22MC013 - ELECTRIC AND HYBRID VEHICLES to Semester 300','System','2026-03-03 12:25:27',NULL),
	(1436,24,'Card Added','Added New Card','System','2026-03-03 12:40:07',NULL),
	(1437,24,'Course Added','Added course 22CS403 - OPERATING SYSTEMS to Semester 301','System','2026-03-03 12:40:08',NULL),
	(1438,24,'Course Added','Added course 22CS404 - WEB TECHNOLOGY AND FRAMEWORKS to Semester 301','System','2026-03-03 12:40:08',NULL),
	(1439,24,'Course Added','Added course 22CS405 - DATABASE MANAGEMENT SYSTEM to Semester 301','System','2026-03-03 12:40:09',NULL),
	(1440,32,'Card Added','Added New Card','System','2026-03-03 12:40:09',NULL),
	(1441,32,'Course Added','Added course 22IT405 - DATABASE MANAGEMENT SYSTEM,45 to Semester 302','System','2026-03-03 12:40:09',NULL),
	(1442,26,'Card Added','Added New Card','System','2026-03-03 12:40:09',NULL),
	(1443,26,'Course Added','Added course 22EE401 - POWER GENERATION, TRANSMISSION AND DISTRIBUTION to Semester 303','System','2026-03-03 12:40:10',NULL),
	(1444,28,'Card Added','Added New Card','System','2026-03-03 12:40:10',NULL),
	(1445,28,'Course Added','Added course 22EI401 - PROBABILITY, STATISTICS AND RANDOM PROCESS to Semester 304','System','2026-03-03 12:40:11',NULL),
	(1446,33,'Card Added','Added New Card','System','2026-03-03 12:40:11',NULL),
	(1447,33,'Course Added','Added course 22ME401 - KINEMATICS AND DYNAMICS OF MACHINERY to Semester 305','System','2026-03-03 12:40:12',NULL),
	(1448,34,'Card Added','Added New Card','System','2026-03-03 12:40:12',NULL),
	(1449,34,'Course Added','Added course 22MC401 - PROBABILITY, STATISTICS AND RANDOM PROCESS to Semester 306','System','2026-03-03 12:40:12',NULL),
	(1450,15,'Card Added','Added New Card','System','2026-03-03 12:40:13',NULL),
	(1451,15,'Course Added','Added course 22AG040 - TECHNOLOGY OF SEED PROCESSING to Semester 307','System','2026-03-03 12:40:13',NULL),
	(1452,15,'Course Added','Added course 22AG401 - CROP PRODUCTION TECHNOLOGY to Semester 307','System','2026-03-03 12:40:14',NULL),
	(1453,15,'Course Added','Added course 22AG402 - HEAT AND MASS TRANSFER to Semester 307','System','2026-03-03 12:40:14',NULL),
	(1454,15,'Course Added','Added course 22AG403 - STRENGTH OF MATERIALS to Semester 307','System','2026-03-03 12:40:14',NULL),
	(1455,15,'Course Added','Added course 22AG404 - THEORY OF MACHINES to Semester 307','System','2026-03-03 12:40:15',NULL),
	(1456,15,'Course Added','Added course 22AG405 - HYDROLOGY to Semester 307','System','2026-03-03 12:40:15',NULL),
	(1457,16,'Card Added','Added New Card','System','2026-03-03 12:40:15',NULL),
	(1458,27,'Card Added','Added New Card','System','2026-03-03 12:40:15',NULL),
	(1459,27,'Course Added','Added course 22EC404 - CMOS DIGITAL INTEGRATED CIRCUITS to Semester 309','System','2026-03-03 12:40:16',NULL),
	(1460,27,'Course Added','Added course 22EC401 - SIGNALS AND SYSTEMS to Semester 309','System','2026-03-03 12:40:16',NULL),
	(1461,22,'Card Added','Added New Card','System','2026-03-03 12:40:16',NULL),
	(1462,22,'Course Added','Added course 22CB401 - OPERATING SYSTEMS to Semester 310','System','2026-03-03 12:40:17',NULL),
	(1463,22,'Course Added','Added course 22CB402 - SOFTWARE ENGINEERING to Semester 310','System','2026-03-03 12:40:17',NULL),
	(1464,22,'Course Added','Added course 22CB403 - DESIGN AND ANALYSIS OF ALGORITHMS to Semester 310','System','2026-03-03 12:40:18',NULL),
	(1465,22,'Course Added','Added course 22CB404 - DESIGN THINKING to Semester 310','System','2026-03-03 12:40:18',NULL),
	(1466,22,'Course Added','Added course 22CB405 - OPERATIONS RESEARCH to Semester 310','System','2026-03-03 12:40:18',NULL),
	(1467,22,'Course Added','Added course 22CB406 - MARKETING RESEARCH AND MARKETING MANAGEMENT to Semester 310','System','2026-03-03 12:40:19',NULL);

/*!40000 ALTER TABLE `curriculum_logs` ENABLE KEYS */;
UNLOCK TABLES;


# Dump of table curriculum_mission
# ------------------------------------------------------------

CREATE TABLE `curriculum_mission` (
  `id` int NOT NULL AUTO_INCREMENT,
  `curriculum_id` int NOT NULL,
  `mission_text` text CHARACTER SET utf8mb4 COLLATE utf8mb4_0900_ai_ci NOT NULL,
  `position` int NOT NULL,
  `visibility` enum('UNIQUE','CLUSTER') CHARACTER SET utf8mb4 COLLATE utf8mb4_0900_ai_ci DEFAULT 'UNIQUE',
  `source_curriculum_id` int DEFAULT NULL,
  `status` tinyint(1) DEFAULT '1',
  PRIMARY KEY (`id`) USING BTREE,
  KEY `idx_curriculum_id` (`curriculum_id`) USING BTREE,
  CONSTRAINT `curriculum_mission_ibfk_1` FOREIGN KEY (`curriculum_id`) REFERENCES `curriculum` (`id`) ON DELETE CASCADE ON UPDATE RESTRICT
) ENGINE=InnoDB AUTO_INCREMENT=114 DEFAULT CHARSET=utf8mb4 COLLATE=utf8mb4_0900_ai_ci ROW_FORMAT=DYNAMIC;

LOCK TABLES `curriculum_mission` WRITE;
/*!40000 ALTER TABLE `curriculum_mission` DISABLE KEYS */;

INSERT INTO `curriculum_mission` (`id`, `curriculum_id`, `mission_text`, `position`, `visibility`, `source_curriculum_id`, `status`)
VALUES
	(42,20,'To establish a unique learning environment and to enable the students to face the challenges in Artificial Intelligence and Data Science.',0,'UNIQUE',NULL,1),
	(43,20,'To critique the role of information and analytics for a professional career, research activities and consultancy.',1,'UNIQUE',NULL,1),
	(44,20,'To produce competent engineers with professional ethics and life skills.',2,'UNIQUE',NULL,1),
	(45,21,'To develop professionals skilled in the field of Artificial Intelligence and Machine Learning.',0,'UNIQUE',NULL,1),
	(46,21,'To impart quality and value based education and contribute towards the innovation of computing, expert systems, AI, ML to solve complex problems in research and society.',1,'UNIQUE',NULL,1),
	(47,18,'To focus on healthcare engineering that includes the study and understanding of biological systems.',0,'UNIQUE',NULL,1),
	(48,18,'To emphasize quantitative analysis and directly tying concepts with healthcare and diagnostics.',1,'UNIQUE',NULL,1),
	(49,18,'To encourage entrepreneurship in Biomedical Engineering fostering innovations in healthcare.',2,'UNIQUE',NULL,1),
	(50,18,'To inculcate interdisciplinary work and focus on research and development in Biomedical Engineering.',3,'UNIQUE',NULL,1),
	(54,20,'To educate the students to face the challenges pertaining to Civil Engineering by maintaining continuous sprit on creativity, innovation, safety and ethics.',0,'UNIQUE',NULL,1),
	(55,20,'To train students through periodical in-plant training and industrial visits.',1,'UNIQUE',NULL,1),
	(56,20,'To motivate students to pursue higher education through competitive examinations.',2,'UNIQUE',NULL,1),
	(57,20,'To create Centre of Excellence in the emerging areas of Civil Engineering.',3,'UNIQUE',NULL,1),
	(58,20,'To give a broad education to the students on recent areas of development through interactions and camps.',4,'UNIQUE',NULL,1),
	(59,21,'To provide a state-of-art infrastructure for a professional environment through standard academic practices, co-curricular and extra-curricular activities in-line with National and International paradigms.',0,'UNIQUE',NULL,1),
	(60,21,'To facilitate a platform for student and faculty members towards qualitative interdisciplinary research for developing sustainable circular bioeconomy.',1,'UNIQUE',NULL,1),
	(61,21,'To establish collaborations with biotech ventures and research institutes to inculcate professional and leadership qualities for students career advancements and faculty competency enhancement.',2,'UNIQUE',NULL,1),
	(62,22,'To excel in technology and business, fostering innovation, interdisciplinary collaboration and ethical leadership in preparation for a digital future.',0,'UNIQUE',NULL,1),
	(63,22,'To provide a stimulating environment that encourages creativity, critical thinking, and problem-solving, empowering students to develop solutions and drive industry advancements.',1,'UNIQUE',NULL,1),
	(64,22,'To cultivate a culture of innovation, risk-taking, and business acumen, enabling our students to launch successful start-ups or contribute to entrepreneurial endeavors. ',2,'UNIQUE',NULL,1),
	(65,23,'To adopt the latest industry trends in teaching learning process in order to make students competitive in the job market.',0,'UNIQUE',NULL,1),
	(66,23,'To build technologically proficient individuals in Computer Science and Design to meet industry and entrepreneurial ventures by providing infrastructure and human resources.',1,'UNIQUE',NULL,1),
	(67,23,'To Prepare students for full and ethical participation in a diverse society and encourage lifelong learning.',2,'UNIQUE',NULL,1),
	(68,24,'To impart need based education to meet the requirements of the industry and society.',0,'UNIQUE',NULL,1),
	(69,24,'To equip students for emerging technologies with global standards and ethics that aid in societal sustainability.',1,'UNIQUE',NULL,1),
	(70,24,'To build technologically competent individuals for industry and entrepreneurial ventures by providing infrastructure and human resources.',2,'UNIQUE',NULL,1),
	(71,25,'To build an innovative and problem-solving culture, empowering students to create cutting-edge computer technology solutions.',0,'UNIQUE',NULL,1),
	(72,25,'To equip students for thriving careers in the technology industry through practical, hands-on learning experiences and industry-relevant skill development.',1,'UNIQUE',NULL,1),
	(73,25,'To develop socially responsible students driving impactful digital transformations for the betterment of individuals, communities, and the environment.',2,'UNIQUE',NULL,1),
	(74,26,' To provide a unique environment with facilities to inculcate self-learning and to meet the challenges in the field of electrical, electronics, and allied engineering.',0,'UNIQUE',NULL,1),
	(75,26,'To enhance the knowledge and skills of students, members of facultyand supporting staff through professional training.',1,'UNIQUE',NULL,1),
	(76,26,'To strengthen academia and industry collaboration for improving the problem solving, interpersonal and entrepreneur skills.',2,'UNIQUE',NULL,1),
	(77,27,'To establish a unique learning environment and to enable the students to face the challenges in Electronics and Communication Engineering.',0,'UNIQUE',NULL,1),
	(78,27,'To provide a framework for professional career, higher education, and research activities. ',1,'UNIQUE',NULL,1),
	(79,27,'To impart ethical and value-based education by promoting activities addressing the social needs.',2,'UNIQUE',NULL,1),
	(80,28,'To empower the students with balanced technical education to confront multidisciplinary engineering problems.',0,'UNIQUE',NULL,1),
	(81,28,'To strengthen the relation between academia and industry for their mutual benefits.',1,'UNIQUE',NULL,1),
	(82,28,'To update the existing infrastructure along with establishing a new one to encourage research and start-up related activities.',2,'UNIQUE',NULL,1),
	(83,29,'To pursue impactful research, impart value based education and skill based education to meet the challenging needs of the Fashion industry as well as society.',0,'UNIQUE',NULL,1),
	(84,29,'To foster students for higher education in fashion designing, merchandising and research related activities.',1,'UNIQUE',NULL,1),
	(85,29,'To nurture and develop entrepreneurial skills among students for project management and entrepreneurial ventures by providing infra-structure, human resource and enterprise knowledge.',2,'UNIQUE',NULL,1),
	(86,30,'Produce technically well versed and socially responsive professionals who would take up the national and international positions in government and private Food Processing sectors.',0,'UNIQUE',NULL,1),
	(87,30,'Develop partnerships with industries and communities to share the knowledge and also to train the Food Technologists.',1,'UNIQUE',NULL,1),
	(88,30,'Produce Food Technologist who can develop novel technologies for better processing, storage and value addition of agricultural products with the ultimate aimto prevent postharvest losses which in turn helps in increasing the country\'s economy and also ensures the food security of our nation.',2,'UNIQUE',NULL,1),
	(89,31,'Develop human potential with sound knowledge in theory and practice of Information Science & Engineering.',0,'UNIQUE',NULL,0),
	(90,31,'Facilitate the development of Industry Institute collaborations and societal outreach programmes.',1,'UNIQUE',NULL,0),
	(91,31,'Promote research based activities in the emerging areas of technology convergence.',2,'UNIQUE',NULL,0),
	(92,32,'To impart technical knowledge through innovative teaching, research and consultancy.',0,'UNIQUE',NULL,1),
	(93,32,'To adapt to the dynamic needs of industries through curriculum update.',1,'UNIQUE',NULL,1),
	(94,32,'To produce competent engineers with professional ethics and life skills.',2,'UNIQUE',NULL,1),
	(95,33,'To achieve a dynamic and inclusive learning environment through teaching pedagogies and continuous improvement of teaching and learning process. ',0,'UNIQUE',NULL,1),
	(96,33,'To enhance the knowledge and skills of students and faculty through research, industry collaboration, and continuous learning. ',1,'UNIQUE',NULL,1),
	(97,33,'To produce competent and innovative engineers capable of meeting the evolving needs of industry, society, and entrepreneurial development. ',2,'UNIQUE',NULL,1),
	(98,34,'To provide pedagogical expertise to disseminate technical knowledge.',0,'UNIQUE',NULL,1),
	(99,34,'To foster continuous learning and research by establishing state of the art facilities.',1,'UNIQUE',NULL,1),
	(100,34,'To provide exposure to latest technologies through industry-institute interaction.',2,'UNIQUE',NULL,1),
	(101,34,'To nurture the innovation to develop interdisciplinary projects',3,'UNIQUE',NULL,1),
	(102,35,'To build and nurture a new generation of textile technologists with the potential to be the future leaders of the textile industry.',0,'UNIQUE',NULL,1),
	(103,35,'To provide quality education and empower the students and staff with the technical, managerial, entrepreneurial and life-long learning competencies required to attain the vision.',1,'UNIQUE',NULL,1),
	(104,35,'To impart ethical and value-based education by promoting activities addressing the social needs.',2,'UNIQUE',NULL,1),
	(105,36,'To impart need based education to meet the requirements of the industry and society.',0,'UNIQUE',NULL,1),
	(106,36,'To equip students for emerging technologies with global standards and ethics that aid in societal sustainability.',1,'UNIQUE',NULL,1),
	(107,36,'To build technologically competent individuals for industry and entrepreneurial ventures by providing infrastructure and human resources.',2,'UNIQUE',NULL,1),
	(108,37,'To continuously improving the teaching and learning process to enable students to meet the global needs. ',0,'UNIQUE',NULL,1),
	(109,37,'To upgrade the knowledge and skills of students, members of faculty and supporting staff through regular training. ',1,'UNIQUE',NULL,1),
	(110,37,'To produce the best minds of engineers capable of meeting expectations of Industry, Society and Entrepreneurship development. ',2,'UNIQUE',NULL,1),
	(111,16,'To impart need based education to meet the requirements of the industry and society.',0,'UNIQUE',NULL,1),
	(112,16,'To equip students for emerging technologies with global standards and ethics that aid insocietal sustainability.',1,'UNIQUE',NULL,1),
	(113,16,'To build technologically competent individuals for industry and entrepreneurialventures by providing infrastructure and human resources.',2,'UNIQUE',NULL,1);

/*!40000 ALTER TABLE `curriculum_mission` ENABLE KEYS */;
UNLOCK TABLES;


# Dump of table curriculum_peos
# ------------------------------------------------------------

CREATE TABLE `curriculum_peos` (
  `id` int NOT NULL AUTO_INCREMENT,
  `curriculum_id` int NOT NULL,
  `peo_text` text CHARACTER SET utf8mb4 COLLATE utf8mb4_0900_ai_ci NOT NULL,
  `position` int NOT NULL,
  `visibility` enum('UNIQUE','CLUSTER') CHARACTER SET utf8mb4 COLLATE utf8mb4_0900_ai_ci DEFAULT 'UNIQUE',
  `source_curriculum_id` int DEFAULT NULL,
  `status` tinyint(1) DEFAULT '1',
  PRIMARY KEY (`id`) USING BTREE,
  KEY `idx_curriculum_id` (`curriculum_id`) USING BTREE,
  CONSTRAINT `curriculum_peos_ibfk_1` FOREIGN KEY (`curriculum_id`) REFERENCES `curriculum` (`id`) ON DELETE CASCADE ON UPDATE RESTRICT
) ENGINE=InnoDB AUTO_INCREMENT=105 DEFAULT CHARSET=utf8mb4 COLLATE=utf8mb4_0900_ai_ci ROW_FORMAT=DYNAMIC;

LOCK TABLES `curriculum_peos` WRITE;
/*!40000 ALTER TABLE `curriculum_peos` DISABLE KEYS */;

INSERT INTO `curriculum_peos` (`id`, `curriculum_id`, `peo_text`, `position`, `visibility`, `source_curriculum_id`, `status`)
VALUES
	(34,15,'Excel in academic/professional career by acquiring knowledge and skill in engineering principles involved in agriculture',0,'UNIQUE',NULL,1),
	(35,15,'Analyze and improve agricultural operations through farm mechanization, land and water management, post-harvest handling and energy conservation to increase yield and land use efficiency',1,'UNIQUE',NULL,1),
	(36,15,'Develop professionalism in management, entrepreneurship, continuous learning and follow ethics to serve the society',2,'UNIQUE',NULL,1),
	(37,16,'Competent engineering professionals to use Artificial Intelligence and Data Science to solve engineering problems.',0,'UNIQUE',NULL,1),
	(38,16,'Capable of pursuing higher studies and research, with wider opportunities in teaching and innovation.',1,'UNIQUE',NULL,1),
	(39,16,'Improve communication skills, follow professional ethics and involve in team work in their profession.',2,'UNIQUE',NULL,1),
	(40,17,'To perform well in their professional career by acquiring enough knowledge in the domain of Artificial Intelligence and Machine Learning.',0,'UNIQUE',NULL,1),
	(41,17,'To improve communication skills, follow professional ethics and involve in team work in their profession.',1,'UNIQUE',NULL,1),
	(42,17,'To update with evolving technology and use it for career advancement.',2,'UNIQUE',NULL,1),
	(43,18,'Engage in professional development or post-graduate education for continuing self-development in biomedical engineering or other related fields.',0,'UNIQUE',NULL,1),
	(44,18,'Pursue a wide range of career options, including those in industry, academia, and medicine.',1,'UNIQUE',NULL,1),
	(45,18,'Practice professionally as biomedical engineers and/or biomedical scientists in the, field of health care sector for the wellbeing of humankind.',2,'UNIQUE',NULL,1),
	(46,18,'Build careers addressing human health problems within a multidisciplinary, global industry.',3,'UNIQUE',NULL,1),
	(50,20,'To demonstrate technical competency in their chosen career path of academics, research, public service or entrepreneurial start-up.',0,'UNIQUE',NULL,1),
	(51,20,'To execute planning, design and analysis of Civil Engineering systems catering to the societal and industrial needs with academic or research perspective adapting to the sustainable development goals.',1,'UNIQUE',NULL,1),
	(52,20,'To exhibit leadership qualities in their intellectual pursuit upholding professionalism, ethics and sustainability.',2,'UNIQUE',NULL,1),
	(53,21,'To maintain high standards of teaching through innovative pedagogy for enabling students to be lifelong learners and globally competent professionals.',0,'UNIQUE',NULL,1),
	(54,21,'To foster creativity through innovation based research activities for upliftment of self and society promoting socio-economic growth.',1,'UNIQUE',NULL,1),
	(55,21,'To inculcate professional ethics and skills amongst the graduates and empowering them to have career advancement through placements, higher studies, and entrepreneurship.',2,'UNIQUE',NULL,1),
	(56,22,' To perform well in their professional career by acquiring enough knowledge, technical competency in the domain of Computer Science and Business Systems to concord the industry engrossment. ',0,'UNIQUE',NULL,1),
	(57,22,'To improve communication skills, business management skills, follow professional ethics and involve in team work in their profession. ',1,'UNIQUE',NULL,1),
	(58,22,'To update themselves in business level innovation with societal consideration.',2,'UNIQUE',NULL,1),
	(59,23,'To perform well in their professional career by acquiring enough knowledge in the domain of Computer Science and Design.',0,'UNIQUE',NULL,1),
	(60,23,'To improve communication skills, follow professional ethics and involve in team work in their profession.',1,'UNIQUE',NULL,1),
	(61,23,'To update with evolving technology and use it for career advancement.',2,'UNIQUE',NULL,1),
	(62,24,'Graduates will apply computer science and engineering principles and practices to solve real world problems with their technical competence.',0,'UNIQUE',NULL,1),
	(63,24,' Graduates will have the domain knowledge to pursue higher education and apply cutting edge research to develop solutions for socially relevant problems.',1,'UNIQUE',NULL,1),
	(64,24,'Graduates will communicate effectively and practice their profession with ethics,integrity, leadership, teamwork, and social responsibility, and pursue lifelong learning throughout their careers.',2,'UNIQUE',NULL,1),
	(65,25,'Engineering professionals, innovators, or entrepreneurs engaged in technology development, technology deployment, or engineering system implementation in industry.',0,'UNIQUE',NULL,1),
	(66,25,'Capable of interacting with their peers in other disciplines in industry and society and contribute to the economic growth of the country.',1,'UNIQUE',NULL,1),
	(67,25,'Successful in pursuing higher studies in engineering or management and pursue career paths in teaching or research.',2,'UNIQUE',NULL,1),
	(68,26,'Apply, analyze, design and create products and provide solutions in the field of Electrical and Electronics Engineering.',0,'UNIQUE',NULL,1),
	(69,26,'Involve in multidisciplinary teams and apply the knowledge and skills of Electrical and Electronics Engineering to create sustainable solutions for global, environmental and communal needs in an ethical way.',1,'UNIQUE',NULL,1),
	(70,26,'Engage in lifelong learning to work in core domain / software / pursue higher studies /research / entrepreneur.',2,'UNIQUE',NULL,1),
	(71,27,'Design and develop electronic circuits and systems, based on the existing as well as emerging technologies. ',0,'UNIQUE',NULL,1),
	(72,27,'Pursue higher education, research, and continue to learn in their profession.',1,'UNIQUE',NULL,1),
	(73,27,'Become a successful professional engineer in Electronics/Communication/allied fields.',2,'UNIQUE',NULL,1),
	(74,28,'Perform effectively in interdisciplinary fields related to Instrumentation engineering, including associated industries, software firms, and academic institutions.',0,'UNIQUE',NULL,1),
	(75,28,'Pursue higher studies and research at prestigious institutions in India or abroad.',1,'UNIQUE',NULL,1),
	(76,28,'Exhibit social responsibility, teamwork, leadership, and entrepreneurial skills in their professional endeavors.',2,'UNIQUE',NULL,1),
	(77,29,'Graduates will be having successful careers in industry, academics and research in the fields of apparel technology and fashion design with a fundamental knowledge and skill in basics of science, technology, arts, mathematics, computers and apparel manufacturing processes',0,'UNIQUE',NULL,1),
	(78,29,'Graduates will be globally competent in fashion industry project management and entrepreneurship through effective communication, design and technology skills and also be able to appraise social and environmental issues.',1,'UNIQUE',NULL,1),
	(79,29,'Graduates will demonstrate spirit of ethics, leadership and engage in professional practice throughout their career.',2,'UNIQUE',NULL,1),
	(80,30,'Acquire theoretical and practical knowledge of food engineering and technology to become a qualified food process engineer.',0,'UNIQUE',NULL,1),
	(81,30,'Apply the skills of food technology in research, industry and entrepreneurship to ensure food safety and nutrition security.',1,'UNIQUE',NULL,1),
	(82,30,'Improve the standard of living and economy of the nation through convenience and novel food products with professional ethics.',2,'UNIQUE',NULL,1),
	(83,31,'Competent professional with the knowledge of Information Science and Engineering by designing innovative solutions to real life problems that are technically sound, economically viable and socially acceptable.',0,'UNIQUE',NULL,0),
	(84,31,'Capable of pursuing higher studies, research activities and entrepreneurial skills by adapting to new technologies and constantly upgrade their skills with an attitude towards lifelong learning.',1,'UNIQUE',NULL,0),
	(85,31,'Proficient team leaders, effective communicators and capable of working in multidisciplinary projects and diverse professional activities following ethical values.',2,'UNIQUE',NULL,0),
	(86,32,'Apply technical, analytical, and creative thinking skills to understand and meet the needs of industry, academia, and research.',0,'UNIQUE',NULL,1),
	(87,32,'Excel in leadership, team spirit, and entrepreneurship skills to provide effective, user-friendly, and innovative solutions to real-world problems.',1,'UNIQUE',NULL,1),
	(88,32,'Practice work ethics with social and environmental responsibility to address the complex engineering and societally relevant problems',2,'UNIQUE',NULL,1),
	(89,32,'Pursue lifelong learning for professional development, use cutting-edge technologies, and involve in applied research to design optimal solutions.',3,'UNIQUE',NULL,1),
	(90,33,'Apply foundational knowledge and skills to effectively solve real-world problems, showcasing advanced problem-solving abilities, strong communication, and the ability to continuously upgrade expertise in response to emerging technologies ',0,'UNIQUE',NULL,1),
	(91,33,'Innovate and implement engineering solutions through research and development to fulfill industrial and societal requirements ',1,'UNIQUE',NULL,1),
	(92,33,'Assist in developing innovative thinking, engaging in entrepreneurial ventures or pursuing higher studies, upholding ethical practices, and contributing to a sustainable and healthy society ',2,'UNIQUE',NULL,1),
	(93,34,'To impart adequate technical knowledge and skills in the area of mechanical, electrical and electronic systems to solve problems pertaining to mechatronics',0,'UNIQUE',NULL,1),
	(94,34,'To adapt multidisciplinary approach for product design, development and manufacturing using contemporary tools.',1,'UNIQUE',NULL,1),
	(95,34,'To exhibit research aptitude and life-long learning in the working environment with professional and ethical responsibility.',2,'UNIQUE',NULL,1),
	(96,35,'Analyse the properties of textile materials to enable the selection of materials for different kinds of textile and apparel manufacturing systems.',0,'UNIQUE',NULL,1),
	(97,35,'Compare various technological systems of manufacturing the quality textile materials and apply them for the development of new processes and products.',1,'UNIQUE',NULL,1),
	(98,35,'Demonstrate the management responsibilities related to issues namely social, ethical and environmental and personal aspects of textile industry.',2,'UNIQUE',NULL,1),
	(99,36,'Analyse, design, and develop creative products and solutions for real-world problems.',0,'UNIQUE',NULL,1),
	(100,36,'Critically analyse the current literature in a field of study and ethically develop innovative and research-based methodologies to fill the gaps.',1,'UNIQUE',NULL,1),
	(101,36,'Participate in lifelong multidisciplinary learning as skilled computer engineers, including working in teams, investigating and implementing research problems, and presenting technical reports.',2,'UNIQUE',NULL,1),
	(102,37,'Possess a mastery of health safety and environmental knowledge and safety management skills to reach higher levels in their profession. ',0,'UNIQUE',NULL,1),
	(103,37,'Competent safety engineer rendering professional expertise to the industrial and societal needs at national and global level subject to legal requirements. ',1,'UNIQUE',NULL,1),
	(104,37,'Effectively communicate information on health, safety, and environment, facilitating collaboration with experts across various disciplines to create and execute safe methodology in complex engineering activities. ',2,'UNIQUE',NULL,1);

/*!40000 ALTER TABLE `curriculum_peos` ENABLE KEYS */;
UNLOCK TABLES;


# Dump of table curriculum_pos
# ------------------------------------------------------------

CREATE TABLE `curriculum_pos` (
  `id` int NOT NULL AUTO_INCREMENT,
  `curriculum_id` int NOT NULL,
  `po_text` text CHARACTER SET utf8mb4 COLLATE utf8mb4_0900_ai_ci NOT NULL,
  `position` int NOT NULL,
  `visibility` enum('UNIQUE','CLUSTER') CHARACTER SET utf8mb4 COLLATE utf8mb4_0900_ai_ci DEFAULT 'UNIQUE',
  `source_curriculum_id` int DEFAULT NULL,
  `status` tinyint(1) DEFAULT '1',
  PRIMARY KEY (`id`) USING BTREE,
  KEY `idx_curriculum_id` (`curriculum_id`) USING BTREE,
  CONSTRAINT `curriculum_pos_ibfk_1` FOREIGN KEY (`curriculum_id`) REFERENCES `curriculum` (`id`) ON DELETE CASCADE ON UPDATE RESTRICT
) ENGINE=InnoDB AUTO_INCREMENT=204 DEFAULT CHARSET=utf8mb4 COLLATE=utf8mb4_0900_ai_ci ROW_FORMAT=DYNAMIC;

LOCK TABLES `curriculum_pos` WRITE;
/*!40000 ALTER TABLE `curriculum_pos` DISABLE KEYS */;

INSERT INTO `curriculum_pos` (`id`, `curriculum_id`, `po_text`, `position`, `visibility`, `source_curriculum_id`, `status`)
VALUES
	(45,15,'Apply the knowledge of mathematics, science, engineering fundamentals, and an engineering specialization to the solution of complex engineering problems.',0,'UNIQUE',NULL,1),
	(46,15,'Identify, formulate, review research literature, and analyze complex engineering problems reaching substantiated conclusions using first principles of mathematics, natural sciences, and engineering sciences.',1,'UNIQUE',NULL,1),
	(47,15,'Design solutions for complex engineering problems and design system components or processes that meet the specified needs with appropriate consideration for the public health and safety, and the cultural, societal, and environmental considerations.',2,'UNIQUE',NULL,1),
	(48,15,'Use research-based knowledge and research methods including design of experiments, analysis and interpretation of data, and synthesis of the information to provide valid conclusions.',3,'UNIQUE',NULL,1),
	(49,15,'Create, select, and apply appropriate techniques, resources, and modern engineering and IT tools including prediction and modeling to complex engineering activities with an understanding of the limitations.',4,'UNIQUE',NULL,1),
	(50,15,'Apply reasoning informed by the contextual knowledge to assess societal, health, safety, legal and cultural issues and the consequent responsibilities relevant to the professional engineering practice.',5,'UNIQUE',NULL,1),
	(51,15,'Understand the impact of the professional engineering solutions in societal and environmental contexts, and demonstrate the knowledge of, and need for sustainable development.',6,'UNIQUE',NULL,1),
	(52,15,'Apply ethical principles and commit to professional ethics and responsibilities and norms of the engineering practice.',7,'UNIQUE',NULL,1),
	(53,15,'Function effectively as an individual, and as a member or leader in diverse teams, and in multidisciplinary settings.',8,'UNIQUE',NULL,1),
	(54,15,'Communicate effectively on complex engineering activities with the engineering community and with society at large, such as, being able to comprehend and write effective reports and design documentation, make effective presentations, and give and receive clear instructions.',9,'UNIQUE',NULL,1),
	(55,15,'Demonstrate knowledge and understanding of the engineering and management principles and apply these to one’s own work, as a member and leader in a team, to manage projects and in multidisciplinary environments.',10,'UNIQUE',NULL,1),
	(56,15,'Recognize the need for, and have the preparation and ability to engage in independent and life- long learning in the broadest context of technological change.',11,'UNIQUE',NULL,1),
	(57,16,'Engineering Knowledge: Apply knowledge of mathematics, natural science, computing, engineering fundamentals and an engineering specialization to develop to the solution of complex engineering problems.',0,'UNIQUE',NULL,1),
	(58,16,'Problem Analysis: Identify, formulate, review research literature and analyze complex engineering problems reaching substantiated conclusions with consideration for sustainable development.',1,'UNIQUE',NULL,1),
	(59,16,'Design/Development of Solutions: Design creative solutions for complex engineering problems and design/develop systems/components/processes to meet identified needs with consideration for the public health and safety, whole-life cost, net zero carbon, culture, society and environment as required.',2,'UNIQUE',NULL,1),
	(60,16,'Conduct Investigations of Complex Problems: Conduct investigations of complex engineering problems using research-based knowledge including design of experiments, modelling, analysis & interpretation of data to provide valid conclusions.',3,'UNIQUE',NULL,1),
	(61,16,'Engineering Tool Usage: Create, select and apply appropriate techniques, resources and modern engineering & IT tools, including prediction and modelling recognizing their limitations to solve complex engineering problems.',4,'UNIQUE',NULL,1),
	(62,16,'The Engineer and The World: Analyze and evaluate societal and environmental aspects while solving complex engineering problems for its impact on sustainability with reference to economy, health, safety, legal framework, culture and environment.',5,'UNIQUE',NULL,1),
	(63,16,'Ethics: Apply ethical principles and commit to professional ethics, human values, diversity and inclusion; adhere to national & international laws',6,'UNIQUE',NULL,1),
	(64,16,'Individual and Collaborative Team work: Function effectively as an individual, and as a member or leader in diverse/multi-disciplinary teams.',7,'UNIQUE',NULL,1),
	(65,16,'Communication: Communicate effectively and inclusively within the engineering community and society at large, such as being able to comprehend and write effective reports and design documentation, make effective presentations considering cultural, language, and learning differences',8,'UNIQUE',NULL,1),
	(66,16,'Project Management and Finance: Apply knowledge and understanding of engineering management principles and economic decision-making and apply these to one’s own work, as a member and leader in a team, and to manage projects and in multidisciplinary environments.',9,'UNIQUE',NULL,1),
	(67,16,'Life-Long Learning: Recognize the need for, and have the preparation and ability for i) independent and life-long learning ii) adaptability to new and emerging technologies and iii) critical thinking in the broadest context of technological change.',10,'UNIQUE',NULL,1),
	(80,20,'Apply the knowledge of mathematics, science, engineering fundamentals, and an engineering specialization to the solution of complex engineering problems.',0,'UNIQUE',NULL,1),
	(81,20,'Identify, formulate, review research literature, and analyse complex engineering problems reaching substantiated conclusions using first principles of mathematics, natural sciences, and engineering sciences.',1,'UNIQUE',NULL,1),
	(82,20,'Design solutionsfor complex engineering problems and design system components or processes that meet the specified needs with appropriate consideration for the public health and safety, andthe cultural, societal, and environmental considerations.',2,'UNIQUE',NULL,1),
	(83,20,'Use research-based knowledge and research methods including design of experiments, analysis and interpretation of data, and synthesis of the information to provide valid conclusions.',3,'UNIQUE',NULL,1),
	(84,20,'Create, select, and apply appropriate techniques, resources, and modern engineering and IT tools including prediction and modelling to complex engineering activities with an understanding of the limitations.',4,'UNIQUE',NULL,1),
	(85,20,'Apply reasoning informed by the contextual knowledge to assess societal, health, safety, legal and cultural issues and the consequent responsibilities relevant to the professional engineering practice.',5,'UNIQUE',NULL,1),
	(86,20,'Understand the impact of the professional engineering solutions in societal and environmental contexts, and demonstrate the knowledge of, and need for sustainable development.',6,'UNIQUE',NULL,1),
	(87,20,'Apply ethical principles and commit to professional ethics and responsibilities and norms of the engineering practice.',7,'UNIQUE',NULL,1),
	(88,20,'Function effectively as an individual, and as a member or leader in diverse teams, and in multidisciplinary settings.',8,'UNIQUE',NULL,1),
	(89,20,'Communicate effectively on complex engineering activities with the engineering community and with society at large, such as, being able to comprehend and write effective reports and design documentation, make effective presentations, and give and receive clear instructions.',9,'UNIQUE',NULL,1),
	(90,20,' Demonstrate knowledge and understanding of the engineering and management principles and apply these to one’s own work, as a member and leader in a team, to manage projects and in multidisciplinary environments.',10,'UNIQUE',NULL,1),
	(91,20,'Recognize the need for, and have the preparation and ability to engage in independent and life-long learning in the broadest context of technological change.',11,'UNIQUE',NULL,1),
	(92,21,'Engineering Knowledge: Apply the knowledge of mathematics, science, engineering fundamentals, and an engineering specialization to the solution of complex engineering problems.',0,'UNIQUE',NULL,1),
	(93,21,'Problem Analysis: Identify, formulate, review research literature, and analyse complex engineering problems reaching substantiated conclusions using first principles of mathematics, natural sciences, and engineering sciences.',1,'UNIQUE',NULL,1),
	(94,21,'Design/ Development of Solutions: Design solutions for complex engineering problems and design system components or processes that meet the specified needs with appropriate consideration for the public health and safety, and the cultural, societal, and environmental considerations.',2,'UNIQUE',NULL,1),
	(95,21,'Conduct Investigations of Complex Problems: Use research-based knowledge and research methods including design of experiments, analysis and interpretation of data, and synthesis of the information to provide valid conclusions',3,'UNIQUE',NULL,1),
	(96,21,'Modern Tool Usage: Create, select, and apply appropriate techniques, resources, and modern engineering and IT tools including prediction and modelling to complex engineering activities with an understanding of the limitations.',4,'UNIQUE',NULL,1),
	(97,21,'The Engineer and Society: Apply reasoning informed by the contextual knowledge to assess societal, health, safety, legal and cultural issues and the consequent responsibilities relevant to the professional engineering practice.',5,'UNIQUE',NULL,1),
	(98,21,'Environment and Sustainability: Understand the impact of the professional engineering solutions in societal and environmental contexts, and demonstrate the knowledge of, and need for sustainable development.',6,'UNIQUE',NULL,1),
	(99,21,'Ethics: Apply ethical principles and commit to professional ethics and responsibilities and norms of the engineering practice.',7,'UNIQUE',NULL,1),
	(100,21,'Individual and Team Work: Function effectively as an individual, and as a member or leader in diverse teams, and in multidisciplinary settings.',8,'UNIQUE',NULL,1),
	(101,21,'Communication: Communicate effectively on complex engineering activities with the engineering community and with society at large, such as, being able to comprehend and write effective reports and design documentation, make effective presentations, and give and receive clear instructions.',9,'UNIQUE',NULL,1),
	(102,21,'Project Management and Finance: Demonstrate knowledge and understanding of the engineering and management principles and apply these to one’s own work, as a member and leader in a team, to manage projects and in multidisciplinary environments.',10,'UNIQUE',NULL,1),
	(103,21,'Life-long Learning: Recognize the need for, and have the preparation and ability to engage in independent and life-long learning in the broadest context of technological change.',11,'UNIQUE',NULL,1),
	(104,36,'An ability to independently carry out research / investigation and development work to solve practical problems.',0,'UNIQUE',NULL,1),
	(105,36,'An ability to write and present a substantial technical report/document.',1,'UNIQUE',NULL,1),
	(106,36,'Students should be able to demonstrate a degree of mastery over the area of Computer Science and Engineering.',2,'UNIQUE',NULL,1),
	(107,36,'Efficiently design, build and develop system application software for distributed and centralized computing environments in varying domains and platforms.',3,'UNIQUE',NULL,1),
	(108,36,'Understand the working of current Industry trends, the new hardware architectures, the software components and design solutions for real world problems by Communicating and effectively working with professionals in various engineering fields and pursue research orientation for a lifelong professional development in computer and automation arenas.',4,'UNIQUE',NULL,1),
	(109,36,'Model a computer based automation system and design algorithms that explore the understanding of the tradeoffs involved in digital transformation.',5,'UNIQUE',NULL,1),
	(110,37,'Apply knowledge of Engineering Specialization for Hazard identification risk assessment analysis of the cause of the incident and control of occupational health safety and environmental problems ',0,'UNIQUE',NULL,1),
	(111,37,'Establish, implement, and maintain continuous improvement on industrial safety management to ensure a risk-free working environment. ',1,'UNIQUE',NULL,1),
	(112,37,'Recognize and evaluate occupational health safety, and legal issues at the workplace to determine appropriate hazard controls following the hierarchy of controls relevant to occupational health and safety practices. ',2,'UNIQUE',NULL,1),
	(113,37,'Conduct investigation analyzes the root cause and can generate corrective and preventive measures to prevent recurrence of accidents in industries. ',3,'UNIQUE',NULL,1),
	(114,37,'Create, select, and apply modern Safety and Fire Engineering and IT tools to complex engineering activities with an understanding of the limitations. ',4,'UNIQUE',NULL,1),
	(115,37,'Effectively communicate the safety matters rules, and regulations to the employee’s society for safe handling of equipment and maintain the safe working environment in industries. ',5,'UNIQUE',NULL,1),
	(116,32,'Engineering Knowledge: Apply knowledge of mathematics, natural science, computing, engineering fundamentals and an engineering specialization as specified in WK1 to WK4 respectively to develop to the solution of complex engineering problems.',0,'UNIQUE',NULL,1),
	(117,32,'Problem Analysis: Identify, formulate, review research literature and analyze complex engineering problems reaching substantiated conclusions with consideration for sustainable development. (WK1 to WK4)',1,'UNIQUE',NULL,1),
	(118,32,'Design/Development of Solutions: Design creative solutions for complex engineering problems and design/develop systems/components/processes to meet identified needs with consideration for the public health and safety, whole-life cost, net zero carbon, culture, society and environment as required. (WK5)',2,'UNIQUE',NULL,1),
	(119,32,'Conduct Investigations of Complex Problems: Conduct investigations of complex engineering problems using research-based knowledge including design of experiments, modelling, analysis & interpretation of data to provide valid conclusions. (WK8).',3,'UNIQUE',NULL,1),
	(120,32,'Engineering Tool Usage: Create, select and apply appropriate techniques, resources and modern engineering & IT tools, including prediction and modelling recognizing their limitations to solve complex engineering problems. (WK2 and WK6)',4,'UNIQUE',NULL,1),
	(121,32,'The Engineer and The World: Analyze and evaluate societal and environmental aspects while solving complex engineering problems for its impact on sustainability with reference to economy, health, safety, legal framework, culture and environment. (WK1, WK5, and WK7).',5,'UNIQUE',NULL,1),
	(122,32,' Ethics: Apply ethical principles and commit to professional ethics, human values, diversity and inclusion; adhere to national & international laws. (WK9)',6,'UNIQUE',NULL,1),
	(123,32,'Individual and Collaborative Team work: Function effectively as an individual, and as a member or leader in diverse/multi-disciplinary teams.',7,'UNIQUE',NULL,1),
	(124,32,'Communication: Communicate effectively and inclusively within the engineering community and society at large, such as being able to comprehend and write effective reports and design documentation, make effective presentations considering cultural, language, and learning differences',8,'UNIQUE',NULL,1),
	(125,32,'Project Management and Finance: Apply knowledge and understanding of engineering management principles and economic decision-making and apply these to one’s own work, as a member and leader in a team, and to manage projects and in multidisciplinary environments',9,'UNIQUE',NULL,1),
	(126,32,'Life-Long Learning: Recognize the need for, and have the preparation and ability for i) independent and life-long learning ii) adaptability to new and emerging technologies and iii) critical thinking in the broadest context of technological change. (WK8)',10,'UNIQUE',NULL,1),
	(127,17,'Engineering Knowledge: Apply the knowledge of mathematics, science, engineering fundamentals, and an engineering specialization to the solution of complex engineering problems.',0,'UNIQUE',NULL,1),
	(128,17,'Problem Analysis: Identify, formulate, review research literature, and analyse complex engineering problems reaching substantiated conclusions using first principles of mathematics, natural sciences, and engineering sciences.',1,'UNIQUE',NULL,1),
	(129,17,'Design/Development of Solutions: Design solutions for complex engineering problems and design system components or processes that meet the specified needs with appropriate consideration for the public health and safety, and the cultural, societal, and environmental considerations.',2,'UNIQUE',NULL,1),
	(130,17,'Conduct Investigations of Complex Problems: Use research-based knowledge and research methods including design of experiments, analysis and interpretation of data, and synthesis of the information to provide valid conclusions.',3,'UNIQUE',NULL,1),
	(131,17,'Engineering Tool Usage: Create, select and apply appropriate techniques, resources and modern engineering & IT tools, including prediction and modelling recognizing their limitations to solve complex engineering problems.',4,'UNIQUE',NULL,1),
	(132,17,'The Engineer and The World: Analyze and evaluate societal and environmental aspects while solving complex engineering problems for its impact on sustainability with reference to economy, health, safety, legal framework, culture and environment.',5,'UNIQUE',NULL,1),
	(133,17,'Ethics: Apply ethical principles and commit to professional ethics, human values, diversity and inclusion; adhere to national & international laws.',6,'UNIQUE',NULL,1),
	(134,17,'Individual and Collaborative Team work: Function effectively as an individual, and as a member or leader in diverse/multi-disciplinary teams.',7,'UNIQUE',NULL,1),
	(135,17,'Communication: Communicate effectively and inclusively within the engineering community and society at large, such as being able to comprehend and write effective reports and design documentation, make effective presentations considering cultural, language, and learning differences.',8,'UNIQUE',NULL,1),
	(136,17,'Project Management and Finance: Apply knowledge and understanding of engineering management principles and economic decision-making and apply these to one’s own work, as a member and leader in a team, and to manage projects and in multidisciplinary environments.',9,'UNIQUE',NULL,1),
	(137,17,'Life-Long Learning: Recognize the need for, and have the preparation and ability for i) independent and life-long learning ii) adaptability to new and emerging technologies and iii) critical thinking in the broadest context of technological change.',10,'UNIQUE',NULL,1),
	(138,33,'Engineering Knowledge: Apply knowledge of mathematics, natural science, computing, engineering fundamentals and an engineering specialization as specified in WK1 to WK4 respectively to develop to the solution of complex engineering problems. ',0,'UNIQUE',NULL,1),
	(139,33,'Problem Analysis: Identify, formulate, review research literature and analyze complex engineering problems reaching substantiated conclusions with consideration for sustainable development. (WK1 to WK4)',1,'UNIQUE',NULL,1),
	(140,33,'Design/Development of Solutions: Design creative solutions for complex engineering problems and design/develop systems/components/processes to meet identified needs with consideration for the public health and safety, whole-life cost, net zero carbon, culture, society and environment as required. (WK5)',2,'UNIQUE',NULL,1),
	(141,33,'Conduct Investigations of Complex Problems: Conduct investigations of complex engineering problems using research-based knowledge including design of experiments, modelling, analysis & interpretation of data to provide valid conclusions. (WK8). ',3,'UNIQUE',NULL,1),
	(142,33,'Engineering Tool Usage: Create, select and apply appropriate techniques, resources and modern engineering & IT tools, including prediction and modelling recognizing their limitations to solve complex engineering problems. (WK2 and WK6) ',4,'UNIQUE',NULL,1),
	(143,33,'The Engineer and The World: Analyze and evaluate societal and environmental aspects while solving complex engineering problems for its impact on sustainability with reference to economy, health, safety, legal framework, culture and environment. (WK1, WK5, and WK7). ',5,'UNIQUE',NULL,1),
	(144,33,'Ethics: Apply ethical principles and commit to professional ethics, human values, diversity and inclusion; adhere to national & international laws. (WK9)',6,'UNIQUE',NULL,1),
	(145,33,'Individual and Collaborative Team work: Function effectively as an individual, and as a member or leader in diverse/multi-disciplinary teams. ',7,'UNIQUE',NULL,1),
	(146,33,'Communication: Communicate effectively and inclusively within the engineering community and society at large, such as being able to comprehend and write effective reports and design documentation, make effective presentations considering cultural, language, and learning differences ',8,'UNIQUE',NULL,1),
	(147,33,'Project Management and Finance: Apply knowledge and understanding of engineering management principles and economic decision-making and apply these to one’s own work, as a member and leader in a team, and to manage projects and in multidisciplinary environments. ',9,'UNIQUE',NULL,1),
	(148,33,'Life-Long Learning: Recognize the need for, and have the preparation and ability for i) independent and life-long learning ii) adaptability to new and emerging technologies and iii) critical thinking in the broadest context of technological change. (WK8) ',10,'UNIQUE',NULL,1),
	(149,24,'Engineering Knowledge: Apply the knowledge of mathematics, science, engineering fundamentals, and an engineering specialization to the solution of complex engineering problems. ',0,'UNIQUE',NULL,1),
	(150,24,'Problem Analysis: Identify, formulate, review research literature, and analyse complex engineering problems reaching substantiated conclusions using first principles of  mathematics, natural sciences, and engineering sciences. ',1,'UNIQUE',NULL,1),
	(151,24,'Design/ Development of Solutions: Design solutions for complex engineering problems and design system components or processes that meet the specified needs with appropriate  consideration for public health and safety, and the cultural, societal, and environmental considerations. ',2,'UNIQUE',NULL,1),
	(152,24,'Conduct Investigations of Complex Problems: Use research-based knowledge and research  methods including design of experiments, analysis and interpretation of data, and synthesis of the information to provide valid conclusions. ',3,'UNIQUE',NULL,1),
	(153,24,'Modern Tool Usage: Create, select, and apply appropriate techniques, resources, and modern  engineering and IT tools including prediction and modeling to complex engineering activities with an understanding of the limitations. ',4,'UNIQUE',NULL,1),
	(154,24,' The Engineer and Society: Apply reasoning informed by the contextual knowledge to assess  societal, health, safety, legal and cultural issues and the consequent responsibilities relevant to the professional engineering practice',5,'UNIQUE',NULL,1),
	(155,24,'Environment and Sustainability: Understand the impact of the professional engineering  solutions in societal and environmental contexts, and demonstrate the knowledge of, and need for sustainable development.',6,'UNIQUE',NULL,1),
	(156,24,'Ethics: Apply ethical principles and commit to professional ethics and responsibilities and norms of the engineering practice. ',7,'UNIQUE',NULL,1),
	(157,24,' Individual and Team Work: Function effectively as an individual, and as a member or leader in diverse teams, and in multidisciplinary settings.',8,'UNIQUE',NULL,1),
	(158,24,'Communication: Communicate effectively on complex engineering activities with the engineering community and with society at large, such as, being able to comprehend and  write effective reports and design documentation, make effective presentations, and give and  receive clear instructions.',9,'UNIQUE',NULL,1),
	(159,24,'Project Management and Finance: Demonstrate knowledge and understanding of the engineering and management principles and apply these to one’s own work, as a member  and leader in a team, to manage projects and in multidisciplinary environments.',10,'UNIQUE',NULL,1),
	(160,24,' Life-long Learning: Recognize the need for, and have the preparation and ability to engage  in independent and life-long learning in the broadest context of technological change. ',11,'UNIQUE',NULL,1),
	(162,27,'Engineering Knowledge: Apply knowledge of mathematics, natural science, computing, engineering fundamentals and an engineering specialization to develop to the solution of complex engineering problems.',0,'UNIQUE',NULL,1),
	(163,27,'Problem Analysis: Identify, formulate, review research literature and analyze complex engineering problems reaching substantiated conclusions with consideration for sustainable development.',1,'UNIQUE',NULL,1),
	(164,27,'Design/ Development of Solutions: Design creative solutions for complex engineering problems and design/develop systems/components/processes to meet identified needs with consideration for the public health and safety, wholelife cost, net zero carbon, culture, society and environment as required.',2,'UNIQUE',NULL,1),
	(165,27,'Conduct Investigations of Complex Problems: Conduct investigations of complex engineering problems using research-based knowledge including design of experiments, modelling, analysis & interpretation of data to provide valid conclusions.',3,'UNIQUE',NULL,1),
	(166,27,'Engineering Tool Usage: Create, select and apply appropriate techniques, resources and modern engineering & IT tools, including prediction and modelling recognizing their limitations to solve complex engineering problems.',4,'UNIQUE',NULL,1),
	(167,27,'The Engineer and The World: Analyze and evaluate societal and environmental aspects while solving complex engineering problems for its impact on sustainability with reference to economy, health, safety, legal framework, culture and environment.',5,'UNIQUE',NULL,1),
	(168,27,'Ethics: Apply ethical principles and commit to professional ethics, human values, diversity and inclusion; adhere to national & international laws.',6,'UNIQUE',NULL,1),
	(169,27,'Individual and Collaborative Team Work: Function effectively as an individual, and as a member or leader in diverse/multi-disciplinary teams.',7,'UNIQUE',NULL,1),
	(170,27,'Communication: Communicate effectively and inclusively within the engineering community and society at large, such as being able to comprehend and write effective reports and design documentation, make effective presentations considering cultural, language, and learning differences.',8,'UNIQUE',NULL,1),
	(171,27,'Project Management and Finance: Apply knowledge and understanding of engineering management principles and economic decision-making and apply these to one’s own work, as a member and leader in a team, and to manage projects and in multidisciplinary environments.',9,'UNIQUE',NULL,1),
	(172,27,'Life-long Learning: Recognize the need for, and have the preparation and ability for i) independent and life-long learning ii) adaptability to new and emerging technologies and iii) critical thinking in the broadest context of technological change.',10,'UNIQUE',NULL,1),
	(176,28,'Engineering Knowledge: Apply the knowledge of mathematics, science, engineering fundamentals, and an engineering specialization to the solution of complex engineering problems.',0,'UNIQUE',NULL,1),
	(177,28,'Problem Analysis: Identify, formulate, review research literature, and analyse complex engineering problems reaching substantiated conclusions using first principles of mathematics, natural sciences, and engineering sciences.',1,'UNIQUE',NULL,1),
	(178,28,'Design / Development of Solutions: Design solutions for complex engineering problems and design system components or processes that meet the specified needs with appropriate consideration for the public health and safety, and the cultural, societal, and environmental considerations.',2,'UNIQUE',NULL,1),
	(179,28,'Conduct Investigations of Complex Problems: Use research-based knowledge and research methods including design of experiments, analysis and interpretation of data, and synthesis of the information to provide valid conclusions.',3,'UNIQUE',NULL,1),
	(180,28,'Modern Tool Usage: Create, select, and apply appropriate techniques, resources, and modern engineering and IT tools including prediction and modelling to complex engineering activities with an understanding of the limitations.',4,'UNIQUE',NULL,1),
	(181,28,'The Engineer and Society: Apply reasoning informed by the contextual knowledge to assess societal, health, safety, legal and cultural issues and the consequent responsibilities relevant to the professional engineering practice.',5,'UNIQUE',NULL,1),
	(182,28,'Environment and Sustainability: Understand the impact of the professional engineering solutions in societal and environmental contexts, and demonstrate the knowledge of, and need for sustainable development.',6,'UNIQUE',NULL,1),
	(183,28,'Ethics: Apply ethical principles and commit to professional ethics and responsibilities and norms of the engineering practice.',7,'UNIQUE',NULL,1),
	(184,28,'Individual and Team Work: Function effectively as an individual, and as a member or leader in diverse teams, and in multidisciplinary settings.',8,'UNIQUE',NULL,1),
	(185,28,'Communication: Communicate effectively on complex engineering activities with the engineering community and with society at large, such as, being able to comprehend and write effective reports and design documentation, make effective presentations, and give and receive clear instructions.',9,'UNIQUE',NULL,1),
	(186,28,'Project Management and Finance: Demonstrate knowledge and understanding of the engineering and management principles and apply these to one’s own work, as a member and leader in a team, to manage projects and in multidisciplinary environments.',10,'UNIQUE',NULL,1),
	(187,28,'Life-long Learning: Recognize the need for, and have the preparation and ability to engage in independent and life-long learning in the broadest context of technological change.',11,'UNIQUE',NULL,1),
	(189,25,'Engineering Knowledge: Apply knowledge of mathematics, natural science, computing, engineering fundamentals and an engineering specialization as specified in WK1 to WK4 respectively to develop to the solution of complex engineering problems.',0,'UNIQUE',NULL,1),
	(190,25,'Problem Analysis: Identify, formulate, review research literature and analyze complex engineering problems reaching substantiated conclusions with consideration for sustainable development. (WK1 to WK4)',1,'UNIQUE',NULL,1),
	(191,25,'Design/Development of Solutions: Design creative solutions for complex engineering problems and design/develop systems/components/processes to meet identified needs with consideration for the public health and safety, whole-life cost, net zero carbon, culture, society and environment as required. (WK5)',2,'UNIQUE',NULL,1),
	(192,25,'Conduct Investigations of Complex Problems: Conduct investigations of complex engineering problems using research-based knowledge including design of experiments, modelling, analysis & interpretation of data to provide valid conclusions. (WK8).',3,'UNIQUE',NULL,1),
	(193,25,'Engineering Tool Usage: Create, select and apply appropriate techniques, resources and modern engineering & IT tools, including prediction and modelling recognizing their limitations to solve complex engineering problems. (WK2 and WK6)',4,'UNIQUE',NULL,1),
	(194,25,'The Engineer and The World: Analyze and evaluate societal and environmental aspects while solving complex engineering problems for its impact on sustainability with reference to economy, health, safety, legal framework, culture and environment. (WK1, WK5, and WK7).',5,'UNIQUE',NULL,1),
	(195,25,'Ethics: Apply ethical principles and commit to professional ethics, human values, diversity and inclusion; adhere to national & international laws. (WK9)',6,'UNIQUE',NULL,1),
	(196,25,'Individual and Collaborative Team work: Function effectively as an individual, and as a member or leader in diverse/multi-disciplinary teams.',7,'UNIQUE',NULL,1),
	(197,25,'Communication: Communicate effectively and inclusively within the engineering community and society at large, such as being able to comprehend and write effective reports and design documentation, make effective presentations considering cultural, language, and learning differences',8,'UNIQUE',NULL,1),
	(198,25,'Project Management and Finance: Apply knowledge and understanding of engineering management principles and economic decision-making and apply these to one’s own work, as a member and leader in a team, and to manage projects and in multidisciplinary environments.',9,'UNIQUE',NULL,1),
	(199,25,'Life-Long Learning: Recognize the need for, and have the preparation and ability for i) independent and life-long learning ii) adaptability to new and emerging technologies and iii) critical thinking in the broadest context of technological change. (WK8)',10,'UNIQUE',NULL,1),
	(202,31,'Engineering Knowledge: Apply knowledge of mathematics, natural science, computing, engineering fundamentals and an engineering specialization to develop to the solution of complex engineering problems.',0,'UNIQUE',NULL,0),
	(203,31,'Engineering Knowledge: Apply knowledge of mathematics, natural science, computing, engineering fundamentals and an engineering specialization to develop to the solution of complex engineering problems.',0,'UNIQUE',NULL,0);

/*!40000 ALTER TABLE `curriculum_pos` ENABLE KEYS */;
UNLOCK TABLES;


# Dump of table curriculum_psos
# ------------------------------------------------------------

CREATE TABLE `curriculum_psos` (
  `id` int NOT NULL AUTO_INCREMENT,
  `curriculum_id` int NOT NULL,
  `pso_text` text CHARACTER SET utf8mb4 COLLATE utf8mb4_0900_ai_ci NOT NULL,
  `position` int NOT NULL,
  `visibility` enum('UNIQUE','CLUSTER') CHARACTER SET utf8mb4 COLLATE utf8mb4_0900_ai_ci DEFAULT 'UNIQUE',
  `source_curriculum_id` int DEFAULT NULL,
  `status` tinyint(1) DEFAULT '1',
  PRIMARY KEY (`id`) USING BTREE,
  KEY `idx_curriculum_id` (`curriculum_id`) USING BTREE,
  CONSTRAINT `curriculum_psos_ibfk_1` FOREIGN KEY (`curriculum_id`) REFERENCES `curriculum` (`id`) ON DELETE CASCADE ON UPDATE RESTRICT
) ENGINE=InnoDB AUTO_INCREMENT=68 DEFAULT CHARSET=utf8mb4 COLLATE=utf8mb4_0900_ai_ci ROW_FORMAT=DYNAMIC;

LOCK TABLES `curriculum_psos` WRITE;
/*!40000 ALTER TABLE `curriculum_psos` DISABLE KEYS */;

INSERT INTO `curriculum_psos` (`id`, `curriculum_id`, `pso_text`, `position`, `visibility`, `source_curriculum_id`, `status`)
VALUES
	(20,15,'Model, design, and analyze agricultural machinery and implement it to increase productivity, improve land use, and conserve agricultural inputs.',0,'UNIQUE',NULL,1),
	(21,15,'Improvise technologies to minimize the crop loss from field damage during harvesting, sorting, processing, and packaging.',1,'UNIQUE',NULL,1),
	(22,15,'Design improved irrigation gadgets and develop technologies for effective utilization of renewable energy in the agriculture sector.',2,'UNIQUE',NULL,1),
	(23,16,'Ability to design and develop Artificial Intelligence algorithms, tools and techniques for solving real world problems.',0,'UNIQUE',NULL,1),
	(24,16,'Ability to identify and use appropriate analytical tools and techniques on massive datasets to extract information.',1,'UNIQUE',NULL,1),
	(25,17,' Develop models in Data Science, Machine learning, deep learning and Big data technologies, using AI and modern tools.',0,'UNIQUE',NULL,1),
	(26,17,'Formulate solutions for interdisciplinary AI problems through acquired programming knowledge in the respective domains fulfilling with real-time constraints.',1,'UNIQUE',NULL,1),
	(27,18,'Apply knowledge on foundation in Life Science, engineering, mathematics and current biomedical engineering practices with an ability to demonstrate advanced knowledge of a selected area within Biomedical Engineering.',0,'UNIQUE',NULL,1),
	(28,18,'Critically analyse the current healthcare systems and develop innovative solutions effectively through problem specific design and development using modern hardware and software tools.',1,'UNIQUE',NULL,1),
	(29,18,'Hands-on knowledge on cutting edge hardware and software tools to acquire real time data, model and simulate physiological processes and analyse limitations on real time implementations.',2,'UNIQUE',NULL,1),
	(33,20,'Graduates will be able to demonstrate technical skills with inter-disciplinary approach for executing infrastructural projects ensuring safety, cost-effectiveness and sustainability.',0,'UNIQUE',NULL,1),
	(34,20,'Graduates will be able to implement various software tools and smart technologies to solve awide range of Civil Engineering problems with innovative research attributes.',1,'UNIQUE',NULL,1),
	(35,21,'Use the analytical instruments and techniques to separate, purify and characterize biological compounds',0,'UNIQUE',NULL,1),
	(36,21,'Design and synthesis of the novel biomolecule for the agriculture and healthcare sectors',1,'UNIQUE',NULL,1),
	(37,21,'Conceive, Plan and Deploy societal projects for environmental protection using bioresources.',2,'UNIQUE',NULL,1),
	(38,22,'To demonstrate the technical knowledge in Computer Science with equal appreciation of humanities, management sciences and human values ',0,'UNIQUE',NULL,1),
	(39,22,'To create, select, and apply appropriate techniques, resources, modern engineering and business tools including prediction and data analytics to complex engineering activities and business solutions ',1,'UNIQUE',NULL,1),
	(40,23,'Apply the skill of Design and Creative thinking to provide digital solutions to modern and complex engineering problems.',0,'UNIQUE',NULL,1),
	(41,23,'Apply the power of computing and digital media tools to provide solutions to challenging interactive technologies.',1,'UNIQUE',NULL,1),
	(42,23,'Acquire knowledge in diverse areas of Computer Science and Design to promote skills essential for career, entrepreneurship and higher studies.',2,'UNIQUE',NULL,1),
	(43,24,'Apply suitable algorithmic thinking and data management practices to design develop, and evaluate effective solutions for real-life and research problems',0,'UNIQUE',NULL,1),
	(44,24,'Design and develop cost-effective solutions based on cutting-edge hardware and software tools and techniques to meet global requirements.',1,'UNIQUE',NULL,1),
	(45,25,'Demonstrate the knowledge and technical skills in software development.',0,'UNIQUE',NULL,1),
	(46,25,'Develop practical competencies in Software and Hardware Design',1,'UNIQUE',NULL,1),
	(47,26,'Design, analyze, and evaluate the performance of real-world problems in the field of Electrical and Electronics using contemporary tools.',0,'UNIQUE',NULL,1),
	(48,26,'Apply knowledge skills and attitude to conduct experiments and interpret data to solve complex engineering problems in the power systems network, power electronics, electric drives and develop control strategies by considering economic and environmental constraints.',1,'UNIQUE',NULL,1),
	(49,27,'Able to apply the concepts of Electronics, Communication, Signal processing and VLSI in the design and implementation of application oriented engineering systems.',0,'UNIQUE',NULL,1),
	(50,27,'Able to solve the complex engineering problems using state-of-the-art hardware and software tools, along with analytical and managerial skills to arrive at appropriate solutions.',1,'UNIQUE',NULL,1),
	(51,28,'Identify suitable sensors and design signal conditioning circuits to measure physical parameters for industrial applications.',0,'UNIQUE',NULL,1),
	(52,28,'Design, develop and realize advanced control schemes in different platforms such as microcontroller, PLC, SCADA, DCS and other modern controllers for next level of automation.',1,'UNIQUE',NULL,1),
	(53,29,'Interpret trends, decipher fashion movements, apply the knowledge of elements of design and Gestalt theory of visual perception; and incorporate sustainable decisions into their design artworks, fashion products and accessories.',0,'UNIQUE',NULL,1),
	(54,29,'Articulate design aesthetics, communicate product values, collaborate across disciplines as member and leader; and envision solutions in fashion systems: design, technology, production and management.',1,'UNIQUE',NULL,1),
	(55,30,'Students will be able to conduct innovative and high-quality research to solve emerging problems in food technology by applying scientific knowledge.',0,'UNIQUE',NULL,1),
	(56,30,'Practical and research training imparted to the students will pave the way for introducing novel technologies in food processing sectors for global sustenance.',1,'UNIQUE',NULL,1),
	(57,31,'Excel in processing the information using data management with security features.',0,'UNIQUE',NULL,0),
	(58,31,'Demonstrate and develop applications on data analysis',1,'UNIQUE',NULL,0),
	(59,32,'Design and develop cost effective, secure, reliable IT, network and web based solutions with professional expertise in the domains including banking and healthcare and communications.',0,'UNIQUE',NULL,1),
	(60,32,'Identify and analyze large and heterogeneous data by applying suitable machine and deep learning algorithms and analytical tools to enable information retrieval and decision making in scientific and business applications.',1,'UNIQUE',NULL,1),
	(61,33,'Implement new ideas on product / process development by utilizing the knowledge of design and manufacturing. ',0,'UNIQUE',NULL,1),
	(62,33,'Apply knowledge acquired in mechanical engineering with an analytical / computational tools to design, analyze and provide solutions for real world applications. ',1,'UNIQUE',NULL,1),
	(63,33,'Execute professional capabilities to competitively work in industries with global Standards by implementing latest tools and techniques. ',2,'UNIQUE',NULL,1),
	(64,34,'Design, analyze and develop automation solutions for complex problems in diverse sectors using modern tools',0,'UNIQUE',NULL,1),
	(65,34,'Perform multidisciplinary activities in the mechatronics systems to solve real world problem.',1,'UNIQUE',NULL,1),
	(66,35,'Demonstrate the knowledge and understanding of the processes and systems related to textile manufacturing and solve the problems related to production and quality of fibres, yarns and fabrics.',0,'UNIQUE',NULL,1),
	(67,35,'Develop new designs (Woven / Printed / Dyed) and products (Knitted / Woven / Nonwoven) for apparel and technical applications.',1,'UNIQUE',NULL,1);

/*!40000 ALTER TABLE `curriculum_psos` ENABLE KEYS */;
UNLOCK TABLES;


# Dump of table curriculum_vision
# ------------------------------------------------------------

CREATE TABLE `curriculum_vision` (
  `id` int NOT NULL AUTO_INCREMENT,
  `curriculum_id` int NOT NULL,
  `vision` text CHARACTER SET utf8mb4 COLLATE utf8mb4_0900_ai_ci NOT NULL,
  `status` tinyint(1) DEFAULT '1',
  PRIMARY KEY (`id`) USING BTREE,
  KEY `curriculum_vision_ibfk_1` (`curriculum_id`) USING BTREE,
  CONSTRAINT `curriculum_vision_ibfk_1` FOREIGN KEY (`curriculum_id`) REFERENCES `curriculum` (`id`) ON DELETE CASCADE ON UPDATE RESTRICT
) ENGINE=InnoDB AUTO_INCREMENT=34 DEFAULT CHARSET=utf8mb4 COLLATE=utf8mb4_0900_ai_ci ROW_FORMAT=DYNAMIC;

LOCK TABLES `curriculum_vision` WRITE;
/*!40000 ALTER TABLE `curriculum_vision` DISABLE KEYS */;

INSERT INTO `curriculum_vision` (`id`, `curriculum_id`, `vision`, `status`)
VALUES
	(10,15,'To develop Agricultural Engineers with wealth of knowledge in Agriculture to meet the global\ndemand and serving society to reach sustainable food and nutritional security',1),
	(11,16,'To build a conducive academic and research environment to produce competent Professionals to the\ndynamic needs of the emerging trends in the field of Artificial Intelligence and Data Science.\n',1),
	(12,17,'To achieve excellence in the field of Artificial Intelligence and Machine Learning by focusing on knowledge centric education systems, integrative partnerships, innovation and cutting-edge research to meet latest industry standards and service the greater cause of society.',1),
	(14,18,'Department of Biomedical Engineering envisages to propel creative engineering knowledge\nand advancements in biomedical technology to improve the healthcare conditions for the\nbenefit of mankind.\n',1),
	(16,20,'To educate the students to face the challenges pertaining to Civil Engineering by maintaining\ncontinuous sprit on creativity, innovation, safety and ethics.',1),
	(17,21,'To empower students with world-class education by providing academic and professional competence in tune with technological and societal aspirations.',1),
	(18,22,'To be a leading center of excellence in computer science education and business\ntechnology, empowering students to become highly skilled professionals, innovative\nproblem solvers, and ethical leaders in the rapidly evolving digital world. ',1),
	(19,23,'To excel in the field of Computer Science and Design through the appropriate use of\nComputing and Design approaches.\n',1),
	(20,24,'To excel in the field of Computer Science and Engineering, to meet the emerging needs of the\nindustry, society, and beyond.',1),
	(21,25,'To be the leader in the field of computer technology, fostering innovative thinking, promoting technological excellence, and driving digital transformation for the benefit of society.\n',1),
	(22,26,'To produce competent Electrical and Electronics Engineers to fulfill the industry\nand society needs.',1),
	(23,27,'To foster academic excellence in Electronics and Communication Engineering\neducation and research and turn out students into competent professionals to\nserve society.',1),
	(24,28,'To empower graduates with future-ready engineering skills and transform them into\nintellectually competent and responsible professionals who excel in automation and\nallied domains, contributing meaningfully to societal and industrial advancement at\nboth national and international reputes.',1),
	(25,29,'To provide dynamic and impactful education in the field of Fashion Design and\nTechnology, facilitate transfer of knowledge and skills, achieve academic\nexcellence in meeting the emerging needs of the nation‟s fashion industry and\nthe world.',1),
	(26,30,'To develop technically sound human resources who can make a difference in thefield\nof Food Technology and to cater the needs of industry as well as society.',1),
	(27,31,'To promote innovative centric education through excellence in scientific & technical education and research aimed towards improvement of society.',0),
	(28,32,'To produce competent IT professionals to the dynamic needs of the emerging trends in the field of Information Technology.',1),
	(29,33,'To excel in Mechanical Engineering education by imparting industry-relevant knowledge and\nskills, implementing effective teaching methodologies, nurturing innovation, and contributing to\nsocietal and entrepreneurial development. ',1),
	(30,34,'To prepare students to achieve academic excellence in Mechatronics education with a practically\noriented curriculum, research and innovative product development.\n',1),
	(31,35,'To be a leading technology and managerial resource for the global growth of the Indian\ntextile industry.',1),
	(32,36,'To excel in the field of Computer Science and Engineering, to meet the emerging needs of the\nindustry, society and beyond.',1),
	(33,37,'Seek excellence in the field of Mechanical Engineering education through knowledge and skills to carter to the requirements of the society. ',1);

/*!40000 ALTER TABLE `curriculum_vision` ENABLE KEYS */;
UNLOCK TABLES;


# Dump of table department_curriculum
# ------------------------------------------------------------

CREATE TABLE `department_curriculum` (
  `id` int NOT NULL AUTO_INCREMENT,
  `department_id` int NOT NULL,
  `curriculum_id` int NOT NULL,
  `visibility` enum('UNIQUE','CLUSTER') CHARACTER SET utf8mb4 COLLATE utf8mb4_0900_ai_ci DEFAULT 'UNIQUE',
  `source_curriculum_id` int DEFAULT NULL,
  `status` tinyint(1) NOT NULL DEFAULT '1',
  `created_at` timestamp NOT NULL DEFAULT CURRENT_TIMESTAMP,
  `updated_at` timestamp NOT NULL DEFAULT CURRENT_TIMESTAMP ON UPDATE CURRENT_TIMESTAMP,
  PRIMARY KEY (`id`) USING BTREE,
  UNIQUE KEY `uq_department_curriculum` (`department_id`,`curriculum_id`) USING BTREE,
  KEY `idx_department` (`department_id`) USING BTREE,
  KEY `idx_curriculum` (`curriculum_id`) USING BTREE
) ENGINE=InnoDB DEFAULT CHARSET=utf8mb4 COLLATE=utf8mb4_0900_ai_ci ROW_FORMAT=DYNAMIC;



# Dump of table department_curriculum_active
# ------------------------------------------------------------

CREATE TABLE `department_curriculum_active` (
  `id` int NOT NULL AUTO_INCREMENT,
  `department_id` int NOT NULL,
  `curriculum_id` int NOT NULL,
  `academic_year` varchar(20) CHARACTER SET utf8mb4 COLLATE utf8mb4_0900_ai_ci NOT NULL COMMENT 'Which year this curriculum is active for',
  `is_active` tinyint(1) DEFAULT '1',
  `created_at` timestamp NULL DEFAULT CURRENT_TIMESTAMP,
  PRIMARY KEY (`id`) USING BTREE,
  UNIQUE KEY `unique_dept_curriculum_year` (`department_id`,`curriculum_id`,`academic_year`) USING BTREE,
  KEY `idx_department` (`department_id`) USING BTREE,
  KEY `idx_curriculum` (`curriculum_id`) USING BTREE
) ENGINE=InnoDB DEFAULT CHARSET=utf8mb4 COLLATE=utf8mb4_0900_ai_ci ROW_FORMAT=DYNAMIC;



# Dump of table department_teachers
# ------------------------------------------------------------

CREATE TABLE `department_teachers` (
  `id` int NOT NULL AUTO_INCREMENT,
  `teacher_id` varchar(45) CHARACTER SET utf8mb4 COLLATE utf8mb4_0900_ai_ci NOT NULL,
  `department_id` int NOT NULL,
  `role` varchar(100) CHARACTER SET utf8mb4 COLLATE utf8mb4_0900_ai_ci DEFAULT NULL,
  `status` tinyint(1) NOT NULL DEFAULT '1',
  `created_at` timestamp NOT NULL DEFAULT CURRENT_TIMESTAMP,
  `updated_at` timestamp NOT NULL DEFAULT CURRENT_TIMESTAMP ON UPDATE CURRENT_TIMESTAMP,
  PRIMARY KEY (`id`) USING BTREE,
  UNIQUE KEY `uq_department_teacher` (`teacher_id`,`department_id`) USING BTREE,
  KEY `idx_teacher` (`teacher_id`) USING BTREE,
  KEY `idx_department` (`department_id`) USING BTREE,
  CONSTRAINT `fk_dt_department` FOREIGN KEY (`department_id`) REFERENCES `departments` (`id`) ON DELETE CASCADE ON UPDATE RESTRICT,
  CONSTRAINT `fk_dt_teacher` FOREIGN KEY (`teacher_id`) REFERENCES `teachers` (`faculty_id`) ON DELETE CASCADE ON UPDATE CASCADE
) ENGINE=InnoDB AUTO_INCREMENT=128 DEFAULT CHARSET=utf8mb4 COLLATE=utf8mb4_0900_ai_ci ROW_FORMAT=DYNAMIC;

LOCK TABLES `department_teachers` WRITE;
/*!40000 ALTER TABLE `department_teachers` DISABLE KEYS */;

INSERT INTO `department_teachers` (`id`, `teacher_id`, `department_id`, `role`, `status`, `created_at`, `updated_at`)
VALUES
	(1,'AG10895',1,NULL,1,'2026-02-27 17:18:52','2026-02-27 17:18:52'),
	(2,'AD11111',2,NULL,1,'2026-02-27 17:18:52','2026-02-27 17:18:52'),
	(3,'AD11009',2,NULL,1,'2026-02-27 17:18:52','2026-02-27 17:18:52'),
	(4,'AM2241',3,NULL,1,'2026-02-27 17:18:52','2026-02-27 17:18:52'),
	(5,'AD11169',3,NULL,1,'2026-02-27 17:18:52','2026-02-27 17:18:52'),
	(6,'BT10375',5,NULL,1,'2026-02-27 17:18:52','2026-02-27 17:18:52'),
	(7,'BT10978',5,NULL,1,'2026-02-27 17:18:52','2026-02-27 17:18:52'),
	(8,'CB11170',7,NULL,1,'2026-02-27 17:18:52','2026-02-27 17:18:52'),
	(9,'CS11185',9,NULL,1,'2026-02-27 17:18:52','2026-02-27 17:18:52'),
	(10,'CS10861',9,NULL,1,'2026-02-27 17:18:52','2026-02-27 17:18:52'),
	(11,'CS10963',9,NULL,1,'2026-02-27 17:18:52','2026-02-27 17:18:52'),
	(12,'EE10155',11,NULL,1,'2026-02-27 17:18:52','2026-02-27 17:18:52'),
	(13,'EE1311',11,NULL,1,'2026-02-27 17:18:52','2026-02-27 17:18:52'),
	(14,'IT11173',12,NULL,1,'2026-02-27 17:18:52','2026-02-27 17:18:52'),
	(15,'EC11147',12,NULL,1,'2026-02-27 17:18:52','2026-02-27 17:18:52'),
	(16,'EI10249',13,NULL,1,'2026-02-27 17:18:52','2026-02-27 17:18:52'),
	(17,'IT11105',16,NULL,1,'2026-02-27 17:18:52','2026-02-27 17:18:52'),
	(18,'IT1846',16,NULL,1,'2026-02-27 17:18:52','2026-02-27 17:18:52'),
	(19,'ME1877',17,NULL,1,'2026-02-27 17:18:52','2026-02-27 17:18:52'),
	(20,'MC1878',18,NULL,1,'2026-02-27 17:18:52','2026-02-27 17:18:52'),
	(21,'AG11083',1,NULL,1,'2026-02-27 17:18:52','2026-02-27 17:18:52'),
	(22,'MA11028',2,NULL,1,'2026-02-27 17:18:52','2026-02-27 17:18:52'),
	(23,'MA11028',3,NULL,1,'2026-02-27 17:18:52','2026-02-27 17:18:52'),
	(24,'BT1477',5,NULL,1,'2026-02-27 17:18:52','2026-02-27 17:18:52'),
	(25,'CB10992',7,NULL,1,'2026-02-27 17:18:52','2026-02-27 17:18:52'),
	(26,'MA10518',9,NULL,1,'2026-02-27 17:18:52','2026-02-27 17:18:52'),
	(27,'EE10647',11,NULL,1,'2026-02-27 17:18:52','2026-02-27 17:18:52'),
	(28,'EC11131',12,NULL,1,'2026-02-27 17:18:52','2026-02-27 17:18:52'),
	(29,'MA1373',13,NULL,1,'2026-02-27 17:18:52','2026-02-27 17:18:52'),
	(30,'MA10518',16,NULL,1,'2026-02-27 17:18:52','2026-02-27 17:18:52'),
	(31,'ME1819',17,NULL,1,'2026-02-27 17:18:52','2026-02-27 17:18:52'),
	(32,'MA1334',18,NULL,1,'2026-02-27 17:18:52','2026-02-27 17:18:52'),
	(33,'AG10172',1,NULL,1,'2026-02-27 17:18:52','2026-02-27 17:18:52'),
	(34,'AD11089',2,NULL,1,'2026-02-27 17:18:52','2026-02-27 17:18:52'),
	(35,'AM11095',3,NULL,1,'2026-02-27 17:18:52','2026-02-27 17:18:52'),
	(36,'ME10492',5,NULL,1,'2026-02-27 17:18:52','2026-02-27 17:18:52'),
	(37,'CB10890',7,NULL,1,'2026-02-27 17:18:52','2026-02-27 17:18:52'),
	(38,'CS11094',9,NULL,1,'2026-02-27 17:18:52','2026-02-27 17:18:52'),
	(39,'EE1437',11,NULL,1,'2026-02-27 17:18:52','2026-02-27 17:18:52'),
	(40,'EC10680',12,NULL,1,'2026-02-27 17:18:52','2026-02-27 17:18:52'),
	(41,'EI1996',13,NULL,1,'2026-02-27 17:18:52','2026-02-27 17:18:52'),
	(42,'IT10262',16,NULL,1,'2026-02-27 17:18:52','2026-02-27 17:18:52'),
	(43,'AU10645',17,NULL,1,'2026-02-27 17:18:52','2026-02-27 17:18:52'),
	(44,'MC10597',18,NULL,1,'2026-02-27 17:18:52','2026-02-27 17:18:52'),
	(45,'MC10299',1,NULL,1,'2026-02-27 17:18:52','2026-02-27 17:18:52'),
	(46,'AD11068',2,NULL,1,'2026-02-27 17:18:52','2026-02-27 17:18:52'),
	(47,'AM10956',3,NULL,1,'2026-02-27 17:18:52','2026-02-27 17:18:52'),
	(48,'BT11050',5,NULL,1,'2026-02-27 17:18:52','2026-02-27 17:18:52'),
	(49,'CB10791',7,NULL,1,'2026-02-27 17:18:52','2026-02-27 17:18:52'),
	(50,'CS11119',9,NULL,1,'2026-02-27 17:18:52','2026-02-27 17:18:52'),
	(51,'EE1785',11,NULL,1,'2026-02-27 17:18:52','2026-02-27 17:18:52'),
	(52,'EC10969',12,NULL,1,'2026-02-27 17:18:52','2026-02-27 17:18:52'),
	(53,'EI10459',13,NULL,1,'2026-02-27 17:18:52','2026-02-27 17:18:52'),
	(54,'IT11144',16,NULL,1,'2026-02-27 17:18:52','2026-02-27 17:18:52'),
	(55,'ME10098',17,NULL,1,'2026-02-27 17:18:52','2026-02-27 17:18:52'),
	(56,'MC10697',18,NULL,1,'2026-02-27 17:18:52','2026-02-27 17:18:52'),
	(57,'AG1312',1,NULL,1,'2026-02-27 17:18:52','2026-02-27 17:18:52'),
	(58,'AD11104',2,NULL,1,'2026-02-27 17:18:52','2026-02-27 17:18:52'),
	(59,'AM11166',3,NULL,1,'2026-02-27 17:18:52','2026-02-27 17:18:52'),
	(60,'BT10708',5,NULL,1,'2026-02-27 17:18:52','2026-02-27 17:18:52'),
	(61,'CB11107',7,NULL,1,'2026-02-27 17:18:52','2026-02-27 17:18:52'),
	(62,'IS10823',9,NULL,1,'2026-02-27 17:18:52','2026-02-27 17:18:52'),
	(63,'EE1325',11,NULL,1,'2026-02-27 17:18:52','2026-02-27 17:18:52'),
	(64,'EC11190',12,NULL,1,'2026-02-27 17:18:52','2026-02-27 17:18:52'),
	(65,'EI1276',13,NULL,1,'2026-02-27 17:18:52','2026-02-27 17:18:52'),
	(66,'IT10824',16,NULL,1,'2026-02-27 17:18:52','2026-02-27 17:18:52'),
	(67,'ME1974',17,NULL,1,'2026-02-27 17:18:52','2026-02-27 17:18:52'),
	(68,'MC1843',18,NULL,1,'2026-02-27 17:18:52','2026-02-27 17:18:52'),
	(69,'AG10092',1,NULL,1,'2026-02-27 17:18:52','2026-02-27 17:18:52'),
	(70,'AD10931',2,NULL,1,'2026-02-27 17:18:52','2026-02-27 17:18:52'),
	(71,'AM11052',3,NULL,1,'2026-02-27 17:18:52','2026-02-27 17:18:52'),
	(72,'BT1388',5,NULL,1,'2026-02-27 17:18:52','2026-02-27 17:18:52'),
	(73,'MA1342',7,NULL,1,'2026-02-27 17:18:52','2026-02-27 17:18:52'),
	(74,'CS11101',9,NULL,1,'2026-02-27 17:18:52','2026-02-27 17:18:52'),
	(75,'EE10786',11,NULL,1,'2026-02-27 17:18:52','2026-02-27 17:18:52'),
	(76,'EC1834',12,NULL,1,'2026-02-27 17:18:52','2026-02-27 17:18:52'),
	(77,'EI10266',13,NULL,1,'2026-02-27 17:18:52','2026-02-27 17:18:52'),
	(78,'IT11146',16,NULL,1,'2026-02-27 17:18:52','2026-02-27 17:18:52'),
	(79,'ME1094',17,NULL,1,'2026-02-27 17:18:52','2026-02-27 17:18:52'),
	(80,'MC10369',18,NULL,1,'2026-02-27 17:18:52','2026-02-27 17:18:52'),
	(81,'SM11120',7,NULL,1,'2026-02-27 17:18:52','2026-02-27 17:18:52'),
	(82,'CH1558',1,NULL,1,'2026-02-27 17:18:52','2026-02-27 17:18:52'),
	(83,'CH1894',2,NULL,1,'2026-02-27 17:18:52','2026-02-27 17:18:52'),
	(84,'CH10957',3,NULL,1,'2026-02-27 17:18:52','2026-02-27 17:18:52'),
	(85,'CH1493',5,NULL,1,'2026-02-27 17:18:52','2026-02-27 17:18:52'),
	(86,'CH11127',7,NULL,1,'2026-02-27 17:18:52','2026-02-27 17:18:52'),
	(87,'CH1578',9,NULL,1,'2026-02-27 17:18:52','2026-02-27 17:18:52'),
	(88,'CH1493',11,NULL,1,'2026-02-27 17:18:52','2026-02-27 17:18:52'),
	(89,'CH10003',12,NULL,1,'2026-02-27 17:18:52','2026-02-27 17:18:52'),
	(90,'CH1557',13,NULL,1,'2026-02-27 17:18:52','2026-02-27 17:18:52'),
	(91,'CH1578',16,NULL,1,'2026-02-27 17:18:52','2026-02-27 17:18:52'),
	(92,'CH10314',17,NULL,1,'2026-02-27 17:18:52','2026-02-27 17:18:52'),
	(93,'CH10225',18,NULL,1,'2026-02-27 17:18:52','2026-02-27 17:18:52'),
	(94,'HU11011',1,NULL,1,'2026-02-27 17:18:52','2026-02-27 17:18:52'),
	(95,'HU11125',2,NULL,1,'2026-02-27 17:18:52','2026-02-27 17:18:52'),
	(96,'HU11151',3,NULL,1,'2026-02-27 17:18:52','2026-02-27 17:18:52'),
	(97,'HU11139',5,NULL,1,'2026-02-27 17:18:52','2026-02-27 17:18:52'),
	(98,'HU11125',9,NULL,1,'2026-02-27 17:18:52','2026-02-27 17:18:52'),
	(99,'HU11139',11,NULL,1,'2026-02-27 17:18:52','2026-02-27 17:18:52'),
	(100,'HU11141',12,NULL,1,'2026-02-27 17:18:52','2026-02-27 17:18:52'),
	(101,'HU11141',13,NULL,1,'2026-02-27 17:18:52','2026-02-27 17:18:52'),
	(102,'HU11125',16,NULL,1,'2026-02-27 17:18:52','2026-02-27 17:18:52'),
	(103,'HU11151',17,NULL,1,'2026-02-27 17:18:52','2026-02-27 17:18:52'),
	(104,'HU11159',18,NULL,1,'2026-02-27 17:18:52','2026-02-27 17:18:52');

/*!40000 ALTER TABLE `department_teachers` ENABLE KEYS */;
UNLOCK TABLES;


# Dump of table departments
# ------------------------------------------------------------

CREATE TABLE `departments` (
  `id` int NOT NULL AUTO_INCREMENT,
  `department_code` varchar(30) CHARACTER SET utf8mb4 COLLATE utf8mb4_0900_ai_ci DEFAULT NULL,
  `department_name` varchar(255) CHARACTER SET utf8mb4 COLLATE utf8mb4_0900_ai_ci NOT NULL,
  `status` tinyint(1) NOT NULL DEFAULT '1',
  `created_at` timestamp NOT NULL DEFAULT CURRENT_TIMESTAMP,
  `updated_at` timestamp NOT NULL DEFAULT CURRENT_TIMESTAMP ON UPDATE CURRENT_TIMESTAMP,
  `current_curriculum_id` int DEFAULT NULL,
  PRIMARY KEY (`id`) USING BTREE,
  UNIQUE KEY `uq_departments_code` (`department_code`) USING BTREE,
  KEY `fk_departments_current_curriculum` (`current_curriculum_id`) USING BTREE,
  CONSTRAINT `fk_departments_current_curriculum` FOREIGN KEY (`current_curriculum_id`) REFERENCES `curriculum` (`id`) ON DELETE SET NULL ON UPDATE CASCADE
) ENGINE=InnoDB AUTO_INCREMENT=19 DEFAULT CHARSET=utf8mb4 COLLATE=utf8mb4_0900_ai_ci ROW_FORMAT=DYNAMIC;

LOCK TABLES `departments` WRITE;
/*!40000 ALTER TABLE `departments` DISABLE KEYS */;

INSERT INTO `departments` (`id`, `department_code`, `department_name`, `status`, `created_at`, `updated_at`, `current_curriculum_id`)
VALUES
	(1,'AGRI','Agricultural Engineering',1,'2026-02-27 13:21:26','2026-02-27 17:01:33',15),
	(2,'AIDS','Artificial Intelligence and Data Science',1,'2026-02-27 13:21:26','2026-02-27 17:02:08',16),
	(3,'AIML','Artificial Intelligence and Machine Learning',1,'2026-02-27 13:21:26','2026-02-27 17:02:21',17),
	(4,'BME','Biomedical Engineering',1,'2026-02-27 13:21:26','2026-02-27 17:02:41',18),
	(5,'BT','Biotechnology',1,'2026-02-27 13:21:26','2026-02-27 17:02:51',21),
	(6,'CIVIL','Civil Engineering',1,'2026-02-27 13:21:26','2026-02-27 17:05:43',20),
	(7,'CSBS','Computer Science and Business Systems',1,'2026-02-27 13:21:26','2026-02-27 17:06:01',22),
	(8,'CSD','Computer Science and Design',1,'2026-02-27 13:21:26','2026-02-27 17:06:10',23),
	(9,'CSE','Computer Science and Engineering',1,'2026-02-27 13:21:26','2026-02-27 17:06:26',24),
	(10,'CT','Chemical Technology',1,'2026-02-27 13:21:26','2026-02-27 17:06:38',25),
	(11,'EEE','Electrical and Electronics Engineering',1,'2026-02-27 13:21:26','2026-02-27 17:06:51',26),
	(12,'ECE','Electronics and Communication Engineering',1,'2026-02-27 13:21:26','2026-02-27 17:07:03',27),
	(13,'EIE','Electronics and Instrumentation Engineering',1,'2026-02-27 13:21:26','2026-02-27 17:07:17',28),
	(14,'FD','Fashion Design',1,'2026-02-27 13:21:26','2026-02-27 17:07:39',30),
	(15,'ISE','Information Science and Engineering',1,'2026-02-27 13:21:26','2026-02-27 17:08:19',82),
	(16,'IT','Information Technology',1,'2026-02-27 13:21:26','2026-02-27 17:09:01',32),
	(17,'MECH','Mechanical Engineering',1,'2026-02-27 13:21:26','2026-02-27 17:09:13',33),
	(18,'MTRS','Mechatronics Engineering',1,'2026-02-27 13:21:26','2026-02-27 17:09:34',34);

/*!40000 ALTER TABLE `departments` ENABLE KEYS */;
UNLOCK TABLES;


# Dump of table elective_semester_slots
# ------------------------------------------------------------

CREATE TABLE `elective_semester_slots` (
  `id` int NOT NULL AUTO_INCREMENT,
  `semester` int NOT NULL,
  `slot_name` varchar(100) CHARACTER SET utf8mb4 COLLATE utf8mb4_0900_ai_ci NOT NULL,
  `slot_order` int NOT NULL,
  `is_active` tinyint(1) DEFAULT '1',
  `created_at` timestamp NULL DEFAULT CURRENT_TIMESTAMP,
  `updated_at` timestamp NULL DEFAULT CURRENT_TIMESTAMP ON UPDATE CURRENT_TIMESTAMP,
  PRIMARY KEY (`id`) USING BTREE,
  UNIQUE KEY `uniq_semester_slot` (`semester`,`slot_name`) USING BTREE,
  KEY `idx_semester` (`semester`) USING BTREE,
  KEY `idx_active` (`is_active`) USING BTREE
) ENGINE=InnoDB DEFAULT CHARSET=utf8mb4 COLLATE=utf8mb4_0900_ai_ci ROW_FORMAT=DYNAMIC;



# Dump of table exam_absentees
# ------------------------------------------------------------

CREATE TABLE `exam_absentees` (
  `id` int NOT NULL AUTO_INCREMENT,
  `window_id` int NOT NULL COMMENT 'mark_entry_windows.id',
  `course_id` int NOT NULL COMMENT 'courses.id',
  `student_id` int NOT NULL COMMENT 'students.id',
  `mark_category_id` int NOT NULL COMMENT 'mark_category_types.id',
  `learning_mode_id` int NOT NULL COMMENT '1=UAL, 2=PBL',
  `created_at` timestamp NULL DEFAULT CURRENT_TIMESTAMP,
  PRIMARY KEY (`id`),
  UNIQUE KEY `uq_absentee` (`window_id`,`course_id`,`student_id`,`mark_category_id`),
  KEY `idx_course_window` (`course_id`,`window_id`),
  KEY `idx_student` (`student_id`),
  CONSTRAINT `absentee_window_key` FOREIGN KEY (`window_id`) REFERENCES `mark_entry_windows` (`id`) ON DELETE CASCADE ON UPDATE CASCADE
) ENGINE=InnoDB AUTO_INCREMENT=293 DEFAULT CHARSET=utf8mb4 COLLATE=utf8mb4_unicode_ci;



# Dump of table hod_elective_selections
# ------------------------------------------------------------

CREATE TABLE `hod_elective_selections` (
  `id` int NOT NULL AUTO_INCREMENT,
  `department_id` int NOT NULL,
  `curriculum_id` int NOT NULL COMMENT 'Which curriculum this applies to',
  `semester` int NOT NULL COMMENT '4-8 (electives start from sem 4)',
  `course_id` int NOT NULL,
  `slot_id` int NOT NULL,
  `slot_name` varchar(100) CHARACTER SET utf8mb4 COLLATE utf8mb4_0900_ai_ci NOT NULL COMMENT 'Fixed slot for the semester (e.g., Professional Elective 1)',
  `academic_year` varchar(20) CHARACTER SET utf8mb4 COLLATE utf8mb4_0900_ai_ci NOT NULL COMMENT 'e.g., "2025-2026" - allows different electives per year',
  `batch` varchar(20) CHARACTER SET utf8mb4 COLLATE utf8mb4_0900_ai_ci DEFAULT NULL COMMENT 'Student batch e.g., "2024-2028" - for batch-specific electives',
  `max_students` int DEFAULT NULL COMMENT 'Maximum students for this elective (optional capacity limit)',
  `approved_by_user_id` int NOT NULL COMMENT 'User ID from users table (HOD who approved)',
  `status` enum('ACTIVE','INACTIVE','DRAFT') CHARACTER SET utf8mb4 COLLATE utf8mb4_0900_ai_ci DEFAULT 'ACTIVE',
  `created_at` timestamp NULL DEFAULT CURRENT_TIMESTAMP,
  `updated_at` timestamp NULL DEFAULT CURRENT_TIMESTAMP ON UPDATE CURRENT_TIMESTAMP,
  PRIMARY KEY (`id`) USING BTREE,
  UNIQUE KEY `unique_dept_sem_course_year_batch_slot` (`department_id`,`semester`,`course_id`,`academic_year`,`batch`,`slot_id`) USING BTREE,
  KEY `idx_department` (`department_id`) USING BTREE,
  KEY `idx_curriculum` (`curriculum_id`) USING BTREE,
  KEY `idx_semester` (`semester`) USING BTREE,
  KEY `idx_academic_year` (`academic_year`) USING BTREE,
  KEY `idx_batch` (`batch`) USING BTREE,
  KEY `fk_hod_selection_course` (`course_id`) USING BTREE,
  KEY `fk_hod_selection_user` (`approved_by_user_id`) USING BTREE,
  KEY `idx_dept_sem_year` (`department_id`,`semester`,`academic_year`) USING BTREE,
  KEY `fk_hes_slot` (`slot_id`) USING BTREE
) ENGINE=InnoDB DEFAULT CHARSET=utf8mb4 COLLATE=utf8mb4_0900_ai_ci ROW_FORMAT=DYNAMIC;



# Dump of table hod_minor_selections
# ------------------------------------------------------------

CREATE TABLE `hod_minor_selections` (
  `id` int NOT NULL AUTO_INCREMENT,
  `department_id` int NOT NULL,
  `curriculum_id` int NOT NULL,
  `vertical_id` int NOT NULL,
  `semester` int NOT NULL,
  `course_id` int NOT NULL,
  `allowed_dept_ids` json NOT NULL COMMENT 'Array of department IDs allowed to take this minor',
  `academic_year` varchar(20) CHARACTER SET utf8mb4 COLLATE utf8mb4_0900_ai_ci NOT NULL,
  `batch` varchar(20) CHARACTER SET utf8mb4 COLLATE utf8mb4_0900_ai_ci DEFAULT NULL,
  `approved_by_user_id` int NOT NULL,
  `status` varchar(20) CHARACTER SET utf8mb4 COLLATE utf8mb4_0900_ai_ci DEFAULT 'ACTIVE',
  `created_at` timestamp NULL DEFAULT CURRENT_TIMESTAMP,
  `updated_at` timestamp NULL DEFAULT CURRENT_TIMESTAMP ON UPDATE CURRENT_TIMESTAMP,
  PRIMARY KEY (`id`) USING BTREE,
  UNIQUE KEY `unique_minor_assignment` (`department_id`,`curriculum_id`,`semester`,`course_id`,`academic_year`,`batch`) USING BTREE,
  KEY `idx_department` (`department_id`) USING BTREE,
  KEY `idx_curriculum` (`curriculum_id`) USING BTREE,
  KEY `idx_vertical` (`vertical_id`) USING BTREE,
  KEY `idx_semester` (`semester`) USING BTREE,
  KEY `idx_academic_year` (`academic_year`) USING BTREE,
  KEY `idx_status` (`status`) USING BTREE,
  KEY `course_id` (`course_id`) USING BTREE,
  KEY `approved_by_user_id` (`approved_by_user_id`) USING BTREE
) ENGINE=InnoDB DEFAULT CHARSET=utf8mb4 COLLATE=utf8mb4_0900_ai_ci ROW_FORMAT=DYNAMIC;



# Dump of table honour_cards
# ------------------------------------------------------------

CREATE TABLE `honour_cards` (
  `id` int NOT NULL AUTO_INCREMENT,
  `curriculum_id` int NOT NULL,
  `title` varchar(255) CHARACTER SET utf8mb4 COLLATE utf8mb4_0900_ai_ci NOT NULL,
  `created_at` timestamp NULL DEFAULT CURRENT_TIMESTAMP,
  `visibility` enum('UNIQUE','CLUSTER') CHARACTER SET utf8mb4 COLLATE utf8mb4_0900_ai_ci DEFAULT 'UNIQUE',
  `source_curriculum_id` int DEFAULT NULL,
  `status` tinyint(1) DEFAULT '1',
  PRIMARY KEY (`id`) USING BTREE,
  KEY `idx_curriculum_id` (`curriculum_id`) USING BTREE,
  CONSTRAINT `fk_honour_cards_curriculum` FOREIGN KEY (`curriculum_id`) REFERENCES `curriculum` (`id`) ON DELETE CASCADE ON UPDATE RESTRICT
) ENGINE=InnoDB AUTO_INCREMENT=19 DEFAULT CHARSET=utf8mb4 COLLATE=utf8mb4_0900_ai_ci ROW_FORMAT=DYNAMIC;

LOCK TABLES `honour_cards` WRITE;
/*!40000 ALTER TABLE `honour_cards` DISABLE KEYS */;

INSERT INTO `honour_cards` (`id`, `curriculum_id`, `title`, `created_at`, `visibility`, `source_curriculum_id`, `status`)
VALUES
	(8,33,'HONOURS DEGREE','2026-01-22 04:50:00','UNIQUE',NULL,1),
	(9,33,'MINOR DEGREE (Other than MECHANICAL Students )','2026-01-22 04:50:14','UNIQUE',NULL,1),
	(10,17,'HONORS/MINORS','2026-01-22 05:10:48','UNIQUE',NULL,0),
	(11,17,'HONORS','2026-01-22 05:14:37','UNIQUE',NULL,1),
	(12,16,'HONOUR','2026-01-22 05:14:38','UNIQUE',NULL,1),
	(13,16,'MINOR','2026-01-22 05:15:01','UNIQUE',NULL,1),
	(14,17,'MINORS','2026-01-22 05:15:02','UNIQUE',NULL,1),
	(15,24,'DATA SCIENCE ','2026-01-23 00:23:52','UNIQUE',NULL,1),
	(16,24,' DATA SCIENCE ','2026-01-23 00:24:29','UNIQUE',NULL,1),
	(17,22,'DATA SCIENCE ','2026-01-23 00:37:55','UNIQUE',NULL,1),
	(18,22,'DATA SCIENCE ','2026-01-23 00:38:15','UNIQUE',NULL,1);

/*!40000 ALTER TABLE `honour_cards` ENABLE KEYS */;
UNLOCK TABLES;


# Dump of table honour_vertical_courses
# ------------------------------------------------------------

CREATE TABLE `honour_vertical_courses` (
  `id` int NOT NULL AUTO_INCREMENT,
  `honour_vertical_id` int NOT NULL,
  `course_id` int NOT NULL,
  `created_at` timestamp NULL DEFAULT CURRENT_TIMESTAMP,
  `status` tinyint(1) DEFAULT '1',
  PRIMARY KEY (`id`) USING BTREE,
  UNIQUE KEY `unique_course_vertical` (`honour_vertical_id`,`course_id`) USING BTREE,
  KEY `course_id` (`course_id`) USING BTREE,
  KEY `idx_vertical` (`honour_vertical_id`) USING BTREE,
  CONSTRAINT `honour_vertical_courses_ibfk_1` FOREIGN KEY (`honour_vertical_id`) REFERENCES `honour_verticals` (`id`) ON DELETE CASCADE ON UPDATE RESTRICT,
  CONSTRAINT `honour_vertical_courses_ibfk_2` FOREIGN KEY (`course_id`) REFERENCES `courses` (`id`) ON DELETE CASCADE ON UPDATE RESTRICT
) ENGINE=InnoDB AUTO_INCREMENT=25 DEFAULT CHARSET=utf8mb4 COLLATE=utf8mb4_0900_ai_ci ROW_FORMAT=DYNAMIC;

LOCK TABLES `honour_vertical_courses` WRITE;
/*!40000 ALTER TABLE `honour_vertical_courses` DISABLE KEYS */;

INSERT INTO `honour_vertical_courses` (`id`, `honour_vertical_id`, `course_id`, `created_at`, `status`)
VALUES
	(4,4,271,'2026-01-22 04:53:47',1),
	(5,4,275,'2026-01-22 04:54:26',1),
	(6,6,532,'2026-02-03 00:37:09',1),
	(7,6,533,'2026-02-03 00:37:49',1),
	(8,6,534,'2026-02-03 00:38:16',1),
	(9,6,535,'2026-02-03 00:38:39',1),
	(10,6,536,'2026-02-03 00:39:08',1),
	(11,6,537,'2026-02-03 00:39:26',1),
	(12,6,538,'2026-02-03 00:39:46',1),
	(13,6,539,'2026-02-03 00:40:04',1),
	(14,6,540,'2026-02-03 00:40:24',1),
	(15,6,541,'2026-02-03 00:40:42',1),
	(16,6,542,'2026-02-03 00:41:21',1),
	(17,6,543,'2026-02-03 00:41:39',1),
	(18,7,544,'2026-02-03 00:42:46',1),
	(19,7,545,'2026-02-03 00:43:08',1),
	(20,7,546,'2026-02-03 00:43:39',1),
	(21,7,547,'2026-02-03 00:43:59',1),
	(22,7,548,'2026-02-03 00:44:17',1),
	(23,7,549,'2026-02-03 00:44:34',1),
	(24,7,550,'2026-02-03 00:44:56',1);

/*!40000 ALTER TABLE `honour_vertical_courses` ENABLE KEYS */;
UNLOCK TABLES;


# Dump of table honour_verticals
# ------------------------------------------------------------

CREATE TABLE `honour_verticals` (
  `id` int NOT NULL AUTO_INCREMENT,
  `honour_card_id` int NOT NULL,
  `name` varchar(255) CHARACTER SET utf8mb4 COLLATE utf8mb4_0900_ai_ci NOT NULL,
  `created_at` timestamp NULL DEFAULT CURRENT_TIMESTAMP,
  `status` tinyint(1) DEFAULT '1',
  PRIMARY KEY (`id`) USING BTREE,
  KEY `idx_honour_card` (`honour_card_id`) USING BTREE,
  CONSTRAINT `honour_verticals_ibfk_1` FOREIGN KEY (`honour_card_id`) REFERENCES `honour_cards` (`id`) ON DELETE CASCADE ON UPDATE RESTRICT
) ENGINE=InnoDB AUTO_INCREMENT=8 DEFAULT CHARSET=utf8mb4 COLLATE=utf8mb4_0900_ai_ci ROW_FORMAT=DYNAMIC;

LOCK TABLES `honour_verticals` WRITE;
/*!40000 ALTER TABLE `honour_verticals` DISABLE KEYS */;

INSERT INTO `honour_verticals` (`id`, `honour_card_id`, `name`, `created_at`, `status`)
VALUES
	(4,9,'VERTICAL III - INDUSTRIAL ENGINEERING ','2026-01-22 04:53:07',1),
	(5,12,'22AIH07','2026-02-03 00:31:42',0),
	(6,12,'VERTICAL COURSES','2026-02-03 00:36:18',1),
	(7,13,' VERTICAL COURSES','2026-02-03 00:42:28',1);

/*!40000 ALTER TABLE `honour_verticals` ENABLE KEYS */;
UNLOCK TABLES;


# Dump of table hostel_details
# ------------------------------------------------------------

CREATE TABLE `hostel_details` (
  `id` int NOT NULL AUTO_INCREMENT,
  `student_id` int DEFAULT NULL,
  `hosteller_type` varchar(20) CHARACTER SET utf8mb4 COLLATE utf8mb4_0900_ai_ci DEFAULT NULL,
  `hostel_name` varchar(100) CHARACTER SET utf8mb4 COLLATE utf8mb4_0900_ai_ci DEFAULT NULL,
  `room_no` varchar(20) CHARACTER SET utf8mb4 COLLATE utf8mb4_0900_ai_ci DEFAULT NULL,
  `room_capacity` int DEFAULT NULL,
  `room_type` varchar(20) CHARACTER SET utf8mb4 COLLATE utf8mb4_0900_ai_ci DEFAULT NULL,
  `floor_no` int DEFAULT NULL,
  `warden_name` varchar(100) CHARACTER SET utf8mb4 COLLATE utf8mb4_0900_ai_ci DEFAULT NULL,
  `alternate_warden` varchar(100) CHARACTER SET utf8mb4 COLLATE utf8mb4_0900_ai_ci DEFAULT NULL,
  `class_advisor` varchar(100) CHARACTER SET utf8mb4 COLLATE utf8mb4_0900_ai_ci DEFAULT NULL,
  `status` int DEFAULT '1',
  PRIMARY KEY (`id`) USING BTREE,
  KEY `student_id` (`student_id`) USING BTREE
) ENGINE=InnoDB DEFAULT CHARSET=utf8mb4 COLLATE=utf8mb4_0900_ai_ci ROW_FORMAT=DYNAMIC;



# Dump of table insurance_details
# ------------------------------------------------------------

CREATE TABLE `insurance_details` (
  `id` int NOT NULL AUTO_INCREMENT,
  `student_id` int DEFAULT NULL,
  `nominee_name` varchar(100) CHARACTER SET utf8mb4 COLLATE utf8mb4_0900_ai_ci DEFAULT NULL,
  `relationship` varchar(50) CHARACTER SET utf8mb4 COLLATE utf8mb4_0900_ai_ci DEFAULT NULL,
  `nominee_age` int DEFAULT NULL,
  `status` int DEFAULT '1',
  PRIMARY KEY (`id`) USING BTREE,
  KEY `student_id` (`student_id`) USING BTREE
) ENGINE=InnoDB DEFAULT CHARSET=utf8mb4 COLLATE=utf8mb4_0900_ai_ci ROW_FORMAT=DYNAMIC;



# Dump of table learning_modes
# ------------------------------------------------------------

CREATE TABLE `learning_modes` (
  `id` int NOT NULL AUTO_INCREMENT,
  `code` varchar(20) CHARACTER SET utf8mb4 COLLATE utf8mb4_0900_ai_ci NOT NULL,
  `name` varchar(100) CHARACTER SET utf8mb4 COLLATE utf8mb4_0900_ai_ci NOT NULL,
  `status` tinyint(1) DEFAULT '1',
  PRIMARY KEY (`id`) USING BTREE,
  UNIQUE KEY `code` (`code`) USING BTREE
) ENGINE=InnoDB AUTO_INCREMENT=3 DEFAULT CHARSET=utf8mb4 COLLATE=utf8mb4_0900_ai_ci ROW_FORMAT=DYNAMIC;

LOCK TABLES `learning_modes` WRITE;
/*!40000 ALTER TABLE `learning_modes` DISABLE KEYS */;

INSERT INTO `learning_modes` (`id`, `code`, `name`, `status`)
VALUES
	(1,'UAL','University Academic Learning \n',1),
	(2,'PBL','Project Based Learning',1);

/*!40000 ALTER TABLE `learning_modes` ENABLE KEYS */;
UNLOCK TABLES;


# Dump of table mark_appeal_requests
# ------------------------------------------------------------

DROP TABLE IF EXISTS `mark_appeal_requests`;

CREATE TABLE `mark_appeal_requests` (
  `id` int NOT NULL AUTO_INCREMENT,
  `teacher_id` varchar(45) NOT NULL,
  `course_id` int NOT NULL,
  `window_id` int NOT NULL,
  `reason` text NOT NULL,
  `status` enum('pending','resolved','rejected') NOT NULL DEFAULT 'pending',
  `created_at` timestamp NOT NULL DEFAULT CURRENT_TIMESTAMP,
  `resolved_at` timestamp NULL DEFAULT NULL,
  `resolved_by` varchar(100) DEFAULT NULL,
  PRIMARY KEY (`id`),
  UNIQUE KEY `uq_appeal` (`teacher_id`,`course_id`,`window_id`),
  KEY `idx_appeal_window` (`window_id`),
  KEY `idx_appeal_teacher` (`teacher_id`),
  KEY `idx_appeal_status` (`status`)
) ENGINE=InnoDB AUTO_INCREMENT=4 DEFAULT CHARSET=utf8mb4 COLLATE=utf8mb4_0900_ai_ci;

LOCK TABLES `mark_appeal_requests` WRITE;
/*!40000 ALTER TABLE `mark_appeal_requests` DISABLE KEYS */;

INSERT INTO `mark_appeal_requests` (`id`, `teacher_id`, `course_id`, `window_id`, `reason`, `status`, `created_at`, `resolved_at`, `resolved_by`)
VALUES
	(3,'AU10645',146,46,'I want to enter marks for a student','resolved','2026-03-05 04:11:39','2026-03-05 04:12:21','coeuser1');

/*!40000 ALTER TABLE `mark_appeal_requests` ENABLE KEYS */;
UNLOCK TABLES;


# Dump of table mark_category_name
# ------------------------------------------------------------

CREATE TABLE `mark_category_name` (
  `id` int NOT NULL AUTO_INCREMENT,
  `category_name` varchar(100) CHARACTER SET utf8mb4 COLLATE utf8mb4_0900_ai_ci NOT NULL,
  `status` tinyint(1) DEFAULT '1',
  PRIMARY KEY (`id`) USING BTREE
) ENGINE=InnoDB AUTO_INCREMENT=11 DEFAULT CHARSET=utf8mb4 COLLATE=utf8mb4_0900_ai_ci ROW_FORMAT=DYNAMIC;

LOCK TABLES `mark_category_name` WRITE;
/*!40000 ALTER TABLE `mark_category_name` DISABLE KEYS */;

INSERT INTO `mark_category_name` (`id`, `category_name`, `status`)
VALUES
	(1,'Periodical Test 1',1),
	(2,'Periodical Test 2',1),
	(3,'Innovative Practice',1),
	(4,'Preparation',1),
	(5,'Experiment and analysis of results',1),
	(6,'Record',1),
	(7,'Test - Cycle I',1),
	(8,'Test - Cycle II',1),
	(9,'Innovative Practice 1',1),
	(10,'Innovative Practice 2',1);

/*!40000 ALTER TABLE `mark_category_name` ENABLE KEYS */;
UNLOCK TABLES;


# Dump of table mark_category_types
# ------------------------------------------------------------

CREATE TABLE `mark_category_types` (
  `id` int NOT NULL AUTO_INCREMENT,
  `name` varchar(100) CHARACTER SET utf8mb4 COLLATE utf8mb4_0900_ai_ci NOT NULL,
  `max_marks` int NOT NULL,
  `conversion_marks` decimal(6,2) DEFAULT NULL,
  `position` int NOT NULL,
  `course_type_id` int NOT NULL,
  `category_name_id` int NOT NULL,
  `learning_mode_id` int NOT NULL,
  `status` tinyint(1) DEFAULT '1',
  PRIMARY KEY (`id`) USING BTREE,
  KEY `idx_course_type_id` (`course_type_id`) USING BTREE,
  KEY `idx_category_name_id` (`category_name_id`) USING BTREE,
  KEY `idx_learning_mode_id` (`learning_mode_id`) USING BTREE,
  CONSTRAINT `fk_assessment_category` FOREIGN KEY (`category_name_id`) REFERENCES `mark_category_name` (`id`) ON DELETE RESTRICT ON UPDATE CASCADE,
  CONSTRAINT `fk_assessment_course_type` FOREIGN KEY (`course_type_id`) REFERENCES `course_type` (`id`) ON DELETE RESTRICT ON UPDATE CASCADE,
  CONSTRAINT `fk_assessment_learning_mode` FOREIGN KEY (`learning_mode_id`) REFERENCES `learning_modes` (`id`) ON DELETE RESTRICT ON UPDATE CASCADE
) ENGINE=InnoDB AUTO_INCREMENT=73 DEFAULT CHARSET=utf8mb4 COLLATE=utf8mb4_0900_ai_ci ROW_FORMAT=DYNAMIC;

LOCK TABLES `mark_category_types` WRITE;
/*!40000 ALTER TABLE `mark_category_types` DISABLE KEYS */;

INSERT INTO `mark_category_types` (`id`, `name`, `max_marks`, `conversion_marks`, `position`, `course_type_id`, `category_name_id`, `learning_mode_id`, `status`)
VALUES
	(1,'Periodical Test 1 -> CO - 1',20,5.00,1,1,1,1,1),
	(2,'Periodical Test 2 -> CO - 3',10,2.00,4,1,2,1,1),
	(3,'Unit Test 1',20,2.00,7,1,3,1,1),
	(4,'Unit Test 2',20,2.00,8,1,3,1,1),
	(5,'Unit Test 3',20,2.00,9,1,3,1,1),
	(6,'Unit Test 4',20,2.00,10,1,3,1,1),
	(7,'Unit Test 5',20,2.00,11,1,3,1,1),
	(8,'SDG Assignment 1',10,1.00,12,1,3,1,1),
	(9,'SDG Assignment 2',10,1.00,13,1,3,1,1),
	(10,'SDG Case Study 1',10,1.00,14,1,3,1,1),
	(11,'SDG Case Study 2',10,1.00,15,1,3,1,1),
	(12,'Periodical Test 1 -> CO - 1',20,5.00,1,3,1,1,1),
	(13,'Periodical Test 2 -> CO - 3',10,2.00,4,3,2,1,1),
	(14,'Unit Test 1',20,1.00,7,3,3,1,1),
	(15,'Unit Test 2',20,1.00,8,3,3,1,1),
	(16,'Unit Test 3',20,1.00,9,3,3,1,1),
	(17,'Unit Test 4',20,1.00,10,3,3,1,1),
	(18,'Unit Test 5',20,1.00,11,3,3,1,1),
	(19,'Test Cycle I',50,4.00,14,3,3,1,1),
	(20,'Problem / Project based Assignment 1',10,1.00,16,1,3,1,1),
	(21,'Problem / Project based Assignment 2',10,1.00,17,1,3,1,1),
	(22,'SDG-based Assignment 1',10,1.00,12,3,3,1,1),
	(23,'SDG-based Assignment 2',10,1.00,13,3,3,1,1),
	(24,'SDG-based Case Study 1',10,1.00,14,3,3,1,1),
	(25,'SDG-based Case Study 2',10,1.00,15,3,3,1,1),
	(26,'Problem / Project based Assignment 1',10,1.00,16,3,3,1,1),
	(27,'Problem / Project based Assignment 2',10,1.00,17,3,3,1,1),
	(28,'Test - Cycle I',10,1.00,18,3,3,1,1),
	(29,'Test - Cycle II',10,1.00,19,3,3,1,1),
	(30,'Record',10,1.00,20,3,3,1,1),
	(31,'Preparation',10,1.00,1,2,4,1,1),
	(32,'Experiment and analysis of results',10,1.00,2,2,5,1,1),
	(33,'Record',10,1.00,3,2,6,1,1),
	(34,'Test - Cycle I',100,15.00,4,2,7,1,1),
	(35,'Test - Cycle II',100,15.00,5,2,8,1,1),
	(36,'Unit Test 1',20,2.00,1,1,1,2,1),
	(37,'Unit Test 2',20,2.00,2,1,1,2,1),
	(38,'Unit Test 3',20,1.00,3,1,1,2,1),
	(39,'Innovative Practice 1 - (1)',15,7.00,4,1,1,2,1),
	(40,'Innovative Practice 1 - (2)',15,8.00,5,1,9,2,1),
	(41,'Unit Test 4',20,2.00,6,1,2,2,1),
	(42,'Unit Test 5',20,2.00,7,1,2,2,1),
	(43,'Innovative Practice 2 - (1)',15,7.00,8,1,2,2,1),
	(44,'Innovative Practice 2 - (2)',15,8.00,9,1,10,2,1),
	(45,'Unit Test 1',20,2.00,1,3,1,2,1),
	(46,'Unit Test 2',20,2.00,2,3,1,2,1),
	(47,'Unit Test 3A',10,1.00,3,3,1,2,1),
	(48,'Innovative Practice 1 - (1)',15,10.00,5,3,1,2,1),
	(49,'Innovative Practice 1 - (2)',15,8.00,6,3,9,2,1),
	(50,'Unit Test 4',20,2.00,7,3,2,2,1),
	(51,'Unit Test 5',20,2.00,8,3,2,2,1),
	(52,'Innovative Practice 2 - (1)',15,10.00,9,3,2,2,1),
	(53,'Innovative Practice 2 - (2)',15,5.00,10,3,10,2,1),
	(54,'Record',20,2.00,11,3,10,2,1),
	(55,'Test - Cycle I',100,5.00,1,2,3,2,1),
	(56,'Innovative Practice 1 - (1)',20,10.00,2,2,3,2,1),
	(57,'Innovative Practice 1 - (2)',20,10.00,3,2,4,2,1),
	(58,'Test - Cycle II',100,5.00,4,2,8,2,1),
	(59,'Innovative Practice 2 - (1)',20,10.00,5,2,8,2,1),
	(60,'Innovative Practice 2 - (2)',20,10.00,6,2,5,2,1),
	(61,'Record',10,10.00,7,2,6,2,1),
	(62,'Test - Cycle I',50,4.00,12,3,10,2,1),
	(63,'Test - Cycle II',50,4.00,13,3,10,2,1),
	(64,'Unit Test 3B',10,1.00,4,3,2,2,1),
	(65,'Periodical Test 1 -> CO - 2',20,5.00,2,1,1,1,1),
	(66,'Periodical Test 1 -> CO - 3',10,2.00,3,1,1,1,1),
	(67,'Periodical Test 2-> CO - 4',20,5.00,5,1,2,1,1),
	(68,'Periodical Test 2 -> CO - 5',20,5.00,6,1,2,1,1),
	(69,'Periodical Test 1 -> CO - 2',20,5.00,2,3,1,1,1),
	(70,'Periodical Test 1 -> CO - 3',10,5.00,3,3,1,1,1),
	(71,'Periodical Test 2 -> CO - 4',20,5.00,5,3,2,1,1),
	(72,'Periodical Test 2 -> CO - 5',20,5.00,6,3,2,1,1);

/*!40000 ALTER TABLE `mark_category_types` ENABLE KEYS */;
UNLOCK TABLES;


# Dump of table mark_entry_extension_requests
# ------------------------------------------------------------

CREATE TABLE `mark_entry_extension_requests` (
  `id` int NOT NULL AUTO_INCREMENT,
  `window_id` int NOT NULL,
  `course_id` int NOT NULL,
  `teacher_id` varchar(45) NOT NULL,
  `department_id` int DEFAULT NULL,
  `semester` int DEFAULT NULL,
  `exam_type` varchar(100) DEFAULT NULL,
  `requester_username` varchar(100) NOT NULL,
  `requester_role` varchar(50) NOT NULL,
  `reason` text NOT NULL,
  `requested_end_at` datetime NOT NULL,
  `status` enum('pending','approved','rejected') NOT NULL DEFAULT 'pending',
  `approver_username` varchar(100) DEFAULT NULL,
  `approved_end_at` datetime DEFAULT NULL,
  `rejection_reason` text,
  `created_at` timestamp NULL DEFAULT CURRENT_TIMESTAMP,
  `updated_at` timestamp NULL DEFAULT CURRENT_TIMESTAMP ON UPDATE CURRENT_TIMESTAMP,
  PRIMARY KEY (`id`),
  KEY `idx_mer_window` (`window_id`),
  KEY `idx_mer_teacher_course` (`teacher_id`,`course_id`),
  KEY `idx_mer_status` (`status`),
  KEY `idx_mer_requester` (`requester_username`),
  KEY `fk_mer_course` (`course_id`),
  CONSTRAINT `fk_mer_course` FOREIGN KEY (`course_id`) REFERENCES `courses` (`id`) ON DELETE CASCADE,
  CONSTRAINT `fk_mer_window` FOREIGN KEY (`window_id`) REFERENCES `mark_entry_windows` (`id`) ON DELETE CASCADE
) ENGINE=InnoDB DEFAULT CHARSET=utf8mb4 COLLATE=utf8mb4_0900_ai_ci;



# Dump of table mark_entry_field_permissions
# ------------------------------------------------------------

CREATE TABLE `mark_entry_field_permissions` (
  `id` int NOT NULL AUTO_INCREMENT,
  `course_id` int NOT NULL,
  `teacher_id` varchar(45) CHARACTER SET utf8mb4 COLLATE utf8mb4_0900_ai_ci NOT NULL,
  `assessment_component_id` int NOT NULL,
  `enabled` tinyint(1) NOT NULL DEFAULT '1',
  `created_at` timestamp NULL DEFAULT CURRENT_TIMESTAMP,
  `updated_at` timestamp NULL DEFAULT CURRENT_TIMESTAMP ON UPDATE CURRENT_TIMESTAMP,
  PRIMARY KEY (`id`) USING BTREE,
  UNIQUE KEY `uniq_mark_entry_permission` (`course_id`,`teacher_id`,`assessment_component_id`) USING BTREE
) ENGINE=InnoDB DEFAULT CHARSET=utf8mb4 COLLATE=utf8mb4_0900_ai_ci ROW_FORMAT=DYNAMIC;



# Dump of table mark_entry_student_permissions
# ------------------------------------------------------------

CREATE TABLE `mark_entry_student_permissions` (
  `id` int NOT NULL AUTO_INCREMENT,
  `window_id` int NOT NULL,
  `user_id` int NOT NULL,
  `student_id` int NOT NULL,
  `created_at` timestamp NULL DEFAULT CURRENT_TIMESTAMP,
  `updated_at` timestamp NULL DEFAULT CURRENT_TIMESTAMP ON UPDATE CURRENT_TIMESTAMP,
  `created_by` varchar(100) CHARACTER SET utf8mb4 COLLATE utf8mb4_unicode_ci DEFAULT NULL,
  PRIMARY KEY (`id`) USING BTREE,
  UNIQUE KEY `unique_permission` (`window_id`,`user_id`,`student_id`) USING BTREE,
  KEY `idx_window_user` (`window_id`,`user_id`) USING BTREE,
  KEY `idx_student` (`student_id`) USING BTREE,
  KEY `idx_user` (`user_id`) USING BTREE
) ENGINE=InnoDB DEFAULT CHARSET=utf8mb4 COLLATE=utf8mb4_unicode_ci ROW_FORMAT=DYNAMIC;



# Dump of table mark_entry_window_components
# ------------------------------------------------------------

CREATE TABLE `mark_entry_window_components` (
  `id` int NOT NULL AUTO_INCREMENT,
  `window_id` int NOT NULL,
  `assessment_component_id` int NOT NULL,
  `created_at` timestamp NULL DEFAULT CURRENT_TIMESTAMP,
  `updated_at` timestamp NULL DEFAULT CURRENT_TIMESTAMP ON UPDATE CURRENT_TIMESTAMP,
  PRIMARY KEY (`id`) USING BTREE,
  UNIQUE KEY `unique_window_component` (`window_id`,`assessment_component_id`) USING BTREE,
  KEY `assessment_component_id` (`assessment_component_id`) USING BTREE
) ENGINE=InnoDB AUTO_INCREMENT=667 DEFAULT CHARSET=utf8mb4 COLLATE=utf8mb4_unicode_ci ROW_FORMAT=DYNAMIC;

LOCK TABLES `mark_entry_window_components` WRITE;
/*!40000 ALTER TABLE `mark_entry_window_components` DISABLE KEYS */;

INSERT INTO `mark_entry_window_components` (`id`, `window_id`, `assessment_component_id`, `created_at`, `updated_at`)
VALUES
	(1,1,1,'2026-02-27 18:27:00','2026-02-27 18:27:00'),
	(2,1,65,'2026-02-27 18:27:00','2026-02-27 18:27:00'),
	(3,1,66,'2026-02-27 18:27:00','2026-02-27 18:27:00'),
	(4,1,2,'2026-02-27 18:27:00','2026-02-27 18:27:00'),
	(5,1,67,'2026-02-27 18:27:00','2026-02-27 18:27:00'),
	(6,1,68,'2026-02-27 18:27:00','2026-02-27 18:27:00'),
	(7,1,12,'2026-02-27 18:27:00','2026-02-27 18:27:00'),
	(8,1,71,'2026-02-27 18:27:00','2026-02-27 18:27:00'),
	(9,1,69,'2026-02-27 18:27:00','2026-02-27 18:27:00'),
	(10,1,72,'2026-02-27 18:27:00','2026-02-27 18:27:00'),
	(11,1,70,'2026-02-27 18:27:00','2026-02-27 18:27:00'),
	(12,1,13,'2026-02-27 18:27:00','2026-02-27 18:27:00'),
	(13,2,36,'2026-02-28 07:37:25','2026-02-28 07:37:25'),
	(14,2,1,'2026-02-28 07:37:25','2026-02-28 07:37:25'),
	(15,2,2,'2026-02-28 07:37:25','2026-02-28 07:37:25'),
	(16,2,12,'2026-02-28 07:37:25','2026-02-28 07:37:25'),
	(17,2,13,'2026-02-28 07:37:25','2026-02-28 07:37:25'),
	(18,2,65,'2026-02-28 07:37:25','2026-02-28 07:37:25'),
	(19,2,66,'2026-02-28 07:37:25','2026-02-28 07:37:25'),
	(20,2,67,'2026-02-28 07:37:25','2026-02-28 07:37:25'),
	(21,2,68,'2026-02-28 07:37:25','2026-02-28 07:37:25'),
	(22,2,69,'2026-02-28 07:37:25','2026-02-28 07:37:25'),
	(23,2,70,'2026-02-28 07:37:25','2026-02-28 07:37:25'),
	(24,2,71,'2026-02-28 07:37:25','2026-02-28 07:37:25'),
	(25,2,72,'2026-02-28 07:37:25','2026-02-28 07:37:25'),
	(26,2,34,'2026-02-28 07:37:25','2026-02-28 07:37:25'),
	(27,2,35,'2026-02-28 07:37:25','2026-02-28 07:37:25'),
	(28,3,1,'2026-02-28 17:09:53','2026-02-28 17:09:53'),
	(29,3,65,'2026-02-28 17:09:53','2026-02-28 17:09:53'),
	(30,3,66,'2026-02-28 17:09:53','2026-02-28 17:09:53'),
	(31,3,2,'2026-02-28 17:09:53','2026-02-28 17:09:53'),
	(32,3,67,'2026-02-28 17:09:53','2026-02-28 17:09:53'),
	(33,3,68,'2026-02-28 17:09:53','2026-02-28 17:09:53'),
	(34,3,12,'2026-02-28 17:09:53','2026-02-28 17:09:53'),
	(35,3,71,'2026-02-28 17:09:53','2026-02-28 17:09:53'),
	(36,3,72,'2026-02-28 17:09:53','2026-02-28 17:09:53'),
	(37,3,69,'2026-02-28 17:09:53','2026-02-28 17:09:53'),
	(38,3,70,'2026-02-28 17:09:53','2026-02-28 17:09:53'),
	(39,3,13,'2026-02-28 17:09:53','2026-02-28 17:09:53'),
	(52,5,1,'2026-03-02 03:20:50','2026-03-02 03:20:50'),
	(53,5,67,'2026-03-02 03:20:50','2026-03-02 03:20:50'),
	(54,5,65,'2026-03-02 03:20:50','2026-03-02 03:20:50'),
	(55,5,68,'2026-03-02 03:20:51','2026-03-02 03:20:51'),
	(56,5,66,'2026-03-02 03:20:51','2026-03-02 03:20:51'),
	(57,5,2,'2026-03-02 03:20:51','2026-03-02 03:20:51'),
	(58,5,12,'2026-03-02 03:20:51','2026-03-02 03:20:51'),
	(59,5,69,'2026-03-02 03:20:51','2026-03-02 03:20:51'),
	(60,5,70,'2026-03-02 03:20:51','2026-03-02 03:20:51'),
	(61,5,13,'2026-03-02 03:20:51','2026-03-02 03:20:51'),
	(62,5,71,'2026-03-02 03:20:51','2026-03-02 03:20:51'),
	(63,5,72,'2026-03-02 03:20:51','2026-03-02 03:20:51'),
	(64,6,1,'2026-03-02 06:31:33','2026-03-02 06:31:33'),
	(65,6,12,'2026-03-02 06:31:33','2026-03-02 06:31:33'),
	(66,6,65,'2026-03-02 06:31:33','2026-03-02 06:31:33'),
	(67,6,66,'2026-03-02 06:31:34','2026-03-02 06:31:34'),
	(68,6,69,'2026-03-02 06:31:34','2026-03-02 06:31:34'),
	(69,6,70,'2026-03-02 06:31:34','2026-03-02 06:31:34'),
	(70,6,34,'2026-03-02 06:31:34','2026-03-02 06:31:34'),
	(85,7,1,'2026-03-02 15:55:56','2026-03-02 15:55:56'),
	(86,7,2,'2026-03-02 15:55:57','2026-03-02 15:55:57'),
	(87,7,12,'2026-03-02 15:55:57','2026-03-02 15:55:57'),
	(88,7,13,'2026-03-02 15:55:57','2026-03-02 15:55:57'),
	(89,7,34,'2026-03-02 15:55:57','2026-03-02 15:55:57'),
	(90,7,35,'2026-03-02 15:55:58','2026-03-02 15:55:58'),
	(91,7,65,'2026-03-02 15:55:58','2026-03-02 15:55:58'),
	(92,7,66,'2026-03-02 15:55:58','2026-03-02 15:55:58'),
	(93,7,67,'2026-03-02 15:55:58','2026-03-02 15:55:58'),
	(94,7,68,'2026-03-02 15:55:58','2026-03-02 15:55:58'),
	(95,7,69,'2026-03-02 15:55:58','2026-03-02 15:55:58'),
	(96,7,70,'2026-03-02 15:55:59','2026-03-02 15:55:59'),
	(97,7,71,'2026-03-02 15:55:59','2026-03-02 15:55:59'),
	(98,7,72,'2026-03-02 15:55:59','2026-03-02 15:55:59'),
	(99,8,1,'2026-03-02 15:58:57','2026-03-02 15:58:57'),
	(100,8,65,'2026-03-02 15:58:57','2026-03-02 15:58:57'),
	(101,8,66,'2026-03-02 15:58:57','2026-03-02 15:58:57'),
	(102,8,12,'2026-03-02 15:58:57','2026-03-02 15:58:57'),
	(103,8,69,'2026-03-02 15:58:57','2026-03-02 15:58:57'),
	(104,8,70,'2026-03-02 15:58:58','2026-03-02 15:58:58'),
	(105,9,1,'2026-03-02 15:59:48','2026-03-02 15:59:48'),
	(106,9,65,'2026-03-02 15:59:48','2026-03-02 15:59:48'),
	(107,9,66,'2026-03-02 15:59:48','2026-03-02 15:59:48'),
	(108,9,12,'2026-03-02 15:59:48','2026-03-02 15:59:48'),
	(109,9,69,'2026-03-02 15:59:48','2026-03-02 15:59:48'),
	(110,9,70,'2026-03-02 15:59:49','2026-03-02 15:59:49'),
	(111,10,1,'2026-03-02 16:15:25','2026-03-02 16:15:25'),
	(112,10,65,'2026-03-02 16:15:25','2026-03-02 16:15:25'),
	(113,10,66,'2026-03-02 16:15:25','2026-03-02 16:15:25'),
	(114,10,12,'2026-03-02 16:15:26','2026-03-02 16:15:26'),
	(115,10,69,'2026-03-02 16:15:26','2026-03-02 16:15:26'),
	(116,10,70,'2026-03-02 16:15:26','2026-03-02 16:15:26'),
	(117,11,1,'2026-03-02 16:49:36','2026-03-02 16:49:36'),
	(118,11,65,'2026-03-02 16:49:36','2026-03-02 16:49:36'),
	(119,11,66,'2026-03-02 16:49:36','2026-03-02 16:49:36'),
	(120,11,12,'2026-03-02 16:49:36','2026-03-02 16:49:36'),
	(121,11,69,'2026-03-02 16:49:36','2026-03-02 16:49:36'),
	(122,11,70,'2026-03-02 16:49:37','2026-03-02 16:49:37'),
	(123,12,1,'2026-03-02 16:58:29','2026-03-02 16:58:29'),
	(124,12,12,'2026-03-02 16:58:29','2026-03-02 16:58:29'),
	(125,12,65,'2026-03-02 16:58:29','2026-03-02 16:58:29'),
	(126,12,66,'2026-03-02 16:58:30','2026-03-02 16:58:30'),
	(127,12,69,'2026-03-02 16:58:30','2026-03-02 16:58:30'),
	(128,12,70,'2026-03-02 16:58:30','2026-03-02 16:58:30'),
	(135,13,1,'2026-03-03 02:25:40','2026-03-03 02:25:40'),
	(136,13,12,'2026-03-03 02:25:40','2026-03-03 02:25:40'),
	(137,13,65,'2026-03-03 02:25:40','2026-03-03 02:25:40'),
	(138,13,66,'2026-03-03 02:25:41','2026-03-03 02:25:41'),
	(139,13,69,'2026-03-03 02:25:41','2026-03-03 02:25:41'),
	(140,13,70,'2026-03-03 02:25:41','2026-03-03 02:25:41'),
	(153,14,1,'2026-03-03 03:31:28','2026-03-03 03:31:28'),
	(154,14,12,'2026-03-03 03:31:28','2026-03-03 03:31:28'),
	(155,14,65,'2026-03-03 03:31:28','2026-03-03 03:31:28'),
	(156,14,66,'2026-03-03 03:31:28','2026-03-03 03:31:28'),
	(157,14,69,'2026-03-03 03:31:28','2026-03-03 03:31:28'),
	(158,14,70,'2026-03-03 03:31:29','2026-03-03 03:31:29'),
	(189,15,1,'2026-03-03 08:24:45','2026-03-03 08:24:45'),
	(190,15,12,'2026-03-03 08:24:45','2026-03-03 08:24:45'),
	(191,15,65,'2026-03-03 08:24:45','2026-03-03 08:24:45'),
	(192,15,66,'2026-03-03 08:24:46','2026-03-03 08:24:46'),
	(193,15,69,'2026-03-03 08:24:46','2026-03-03 08:24:46'),
	(194,15,70,'2026-03-03 08:24:46','2026-03-03 08:24:46'),
	(208,18,1,'2026-03-03 08:53:55','2026-03-03 08:53:55'),
	(209,18,12,'2026-03-03 08:53:55','2026-03-03 08:53:55'),
	(210,18,65,'2026-03-03 08:53:56','2026-03-03 08:53:56'),
	(211,18,66,'2026-03-03 08:53:56','2026-03-03 08:53:56'),
	(212,18,69,'2026-03-03 08:53:56','2026-03-03 08:53:56'),
	(213,18,70,'2026-03-03 08:53:56','2026-03-03 08:53:56'),
	(220,19,2,'2026-03-03 10:04:45','2026-03-03 10:04:45'),
	(221,19,13,'2026-03-03 10:04:45','2026-03-03 10:04:45'),
	(222,19,67,'2026-03-03 10:04:46','2026-03-03 10:04:46'),
	(223,19,68,'2026-03-03 10:04:46','2026-03-03 10:04:46'),
	(224,19,71,'2026-03-03 10:04:46','2026-03-03 10:04:46'),
	(225,19,72,'2026-03-03 10:04:46','2026-03-03 10:04:46'),
	(226,20,34,'2026-03-03 10:10:29','2026-03-03 10:10:29'),
	(227,21,1,'2026-03-03 10:12:07','2026-03-03 10:12:07'),
	(228,21,65,'2026-03-03 10:12:08','2026-03-03 10:12:08'),
	(229,21,66,'2026-03-03 10:12:08','2026-03-03 10:12:08'),
	(230,21,12,'2026-03-03 10:12:08','2026-03-03 10:12:08'),
	(231,21,69,'2026-03-03 10:12:08','2026-03-03 10:12:08'),
	(232,21,70,'2026-03-03 10:12:08','2026-03-03 10:12:08'),
	(233,22,2,'2026-03-03 10:13:53','2026-03-03 10:13:53'),
	(234,22,67,'2026-03-03 10:13:53','2026-03-03 10:13:53'),
	(235,22,68,'2026-03-03 10:13:53','2026-03-03 10:13:53'),
	(236,22,13,'2026-03-03 10:13:54','2026-03-03 10:13:54'),
	(237,22,72,'2026-03-03 10:13:54','2026-03-03 10:13:54'),
	(238,22,71,'2026-03-03 10:13:54','2026-03-03 10:13:54'),
	(239,23,34,'2026-03-03 10:15:31','2026-03-03 10:15:31'),
	(240,24,34,'2026-03-03 10:16:33','2026-03-03 10:16:33'),
	(241,25,3,'2026-03-03 10:17:33','2026-03-03 10:17:33'),
	(242,25,4,'2026-03-03 10:17:33','2026-03-03 10:17:33'),
	(243,25,5,'2026-03-03 10:17:34','2026-03-03 10:17:34'),
	(244,25,6,'2026-03-03 10:17:34','2026-03-03 10:17:34'),
	(245,25,7,'2026-03-03 10:17:34','2026-03-03 10:17:34'),
	(246,25,14,'2026-03-03 10:17:34','2026-03-03 10:17:34'),
	(247,25,15,'2026-03-03 10:17:34','2026-03-03 10:17:34'),
	(248,25,16,'2026-03-03 10:17:35','2026-03-03 10:17:35'),
	(249,25,17,'2026-03-03 10:17:35','2026-03-03 10:17:35'),
	(250,25,18,'2026-03-03 10:17:35','2026-03-03 10:17:35'),
	(257,27,3,'2026-03-03 10:29:34','2026-03-03 10:29:34'),
	(258,27,4,'2026-03-03 10:29:34','2026-03-03 10:29:34'),
	(259,27,14,'2026-03-03 10:29:35','2026-03-03 10:29:35'),
	(260,27,15,'2026-03-03 10:29:35','2026-03-03 10:29:35'),
	(285,29,1,'2026-03-03 15:51:50','2026-03-03 15:51:50'),
	(286,29,65,'2026-03-03 15:51:50','2026-03-03 15:51:50'),
	(287,29,66,'2026-03-03 15:51:50','2026-03-03 15:51:50'),
	(288,29,70,'2026-03-03 15:51:50','2026-03-03 15:51:50'),
	(289,29,69,'2026-03-03 15:51:50','2026-03-03 15:51:50'),
	(290,29,12,'2026-03-03 15:51:51','2026-03-03 15:51:51'),
	(291,28,1,'2026-03-03 16:17:20','2026-03-03 16:17:20'),
	(292,28,12,'2026-03-03 16:17:20','2026-03-03 16:17:20'),
	(293,28,65,'2026-03-03 16:17:20','2026-03-03 16:17:20'),
	(294,28,66,'2026-03-03 16:17:20','2026-03-03 16:17:20'),
	(295,28,69,'2026-03-03 16:17:20','2026-03-03 16:17:20'),
	(296,28,70,'2026-03-03 16:17:21','2026-03-03 16:17:21'),
	(297,30,1,'2026-03-03 16:57:15','2026-03-03 16:57:15'),
	(298,30,65,'2026-03-03 16:57:15','2026-03-03 16:57:15'),
	(299,30,66,'2026-03-03 16:57:16','2026-03-03 16:57:16'),
	(300,30,12,'2026-03-03 16:57:16','2026-03-03 16:57:16'),
	(301,30,69,'2026-03-03 16:57:16','2026-03-03 16:57:16'),
	(302,30,70,'2026-03-03 16:57:16','2026-03-03 16:57:16'),
	(303,31,1,'2026-03-03 17:54:05','2026-03-03 17:54:05'),
	(304,31,12,'2026-03-03 17:54:05','2026-03-03 17:54:05'),
	(305,31,65,'2026-03-03 17:54:05','2026-03-03 17:54:05'),
	(306,31,66,'2026-03-03 17:54:05','2026-03-03 17:54:05'),
	(307,31,69,'2026-03-03 17:54:06','2026-03-03 17:54:06'),
	(308,31,70,'2026-03-03 17:54:06','2026-03-03 17:54:06'),
	(333,32,1,'2026-03-03 18:48:18','2026-03-03 18:48:18'),
	(334,32,12,'2026-03-03 18:48:18','2026-03-03 18:48:18'),
	(335,32,65,'2026-03-03 18:48:19','2026-03-03 18:48:19'),
	(336,32,66,'2026-03-03 18:48:19','2026-03-03 18:48:19'),
	(337,32,69,'2026-03-03 18:48:19','2026-03-03 18:48:19'),
	(338,32,70,'2026-03-03 18:48:19','2026-03-03 18:48:19'),
	(339,33,1,'2026-03-04 03:39:04','2026-03-04 03:39:04'),
	(340,33,65,'2026-03-04 03:39:04','2026-03-04 03:39:04'),
	(341,33,66,'2026-03-04 03:39:05','2026-03-04 03:39:05'),
	(342,33,12,'2026-03-04 03:39:05','2026-03-04 03:39:05'),
	(343,33,69,'2026-03-04 03:39:05','2026-03-04 03:39:05'),
	(344,33,70,'2026-03-04 03:39:05','2026-03-04 03:39:05'),
	(345,34,1,'2026-03-04 03:43:57','2026-03-04 03:43:57'),
	(346,34,65,'2026-03-04 03:43:57','2026-03-04 03:43:57'),
	(347,34,66,'2026-03-04 03:43:58','2026-03-04 03:43:58'),
	(348,34,12,'2026-03-04 03:43:58','2026-03-04 03:43:58'),
	(349,34,69,'2026-03-04 03:43:58','2026-03-04 03:43:58'),
	(350,34,70,'2026-03-04 03:43:58','2026-03-04 03:43:58'),
	(369,35,1,'2026-03-04 04:27:25','2026-03-04 04:27:25'),
	(370,35,12,'2026-03-04 04:27:25','2026-03-04 04:27:25'),
	(371,35,65,'2026-03-04 04:27:25','2026-03-04 04:27:25'),
	(372,35,66,'2026-03-04 04:27:26','2026-03-04 04:27:26'),
	(373,35,69,'2026-03-04 04:27:26','2026-03-04 04:27:26'),
	(374,35,70,'2026-03-04 04:27:26','2026-03-04 04:27:26'),
	(399,36,1,'2026-03-04 06:17:08','2026-03-04 06:17:08'),
	(400,36,12,'2026-03-04 06:17:08','2026-03-04 06:17:08'),
	(401,36,65,'2026-03-04 06:17:08','2026-03-04 06:17:08'),
	(402,36,66,'2026-03-04 06:17:08','2026-03-04 06:17:08'),
	(403,36,69,'2026-03-04 06:17:09','2026-03-04 06:17:09'),
	(404,36,70,'2026-03-04 06:17:09','2026-03-04 06:17:09'),
	(407,37,1,'2026-03-04 08:07:06','2026-03-04 08:07:06'),
	(441,39,1,'2026-03-04 10:23:55','2026-03-04 10:23:55'),
	(442,39,65,'2026-03-04 10:23:56','2026-03-04 10:23:56'),
	(443,39,66,'2026-03-04 10:23:56','2026-03-04 10:23:56'),
	(444,40,1,'2026-03-04 10:49:29','2026-03-04 10:49:29'),
	(445,40,65,'2026-03-04 10:49:29','2026-03-04 10:49:29'),
	(446,40,66,'2026-03-04 10:49:29','2026-03-04 10:49:29'),
	(447,40,12,'2026-03-04 10:49:29','2026-03-04 10:49:29'),
	(448,40,69,'2026-03-04 10:49:30','2026-03-04 10:49:30'),
	(449,40,70,'2026-03-04 10:49:30','2026-03-04 10:49:30'),
	(570,41,1,'2026-03-05 03:23:28','2026-03-05 03:23:28'),
	(571,41,12,'2026-03-05 03:23:28','2026-03-05 03:23:28'),
	(572,41,65,'2026-03-05 03:23:28','2026-03-05 03:23:28'),
	(573,41,66,'2026-03-05 03:23:28','2026-03-05 03:23:28'),
	(574,41,69,'2026-03-05 03:23:29','2026-03-05 03:23:29'),
	(575,41,70,'2026-03-05 03:23:29','2026-03-05 03:23:29'),
	(597,42,1,'2026-03-05 03:38:19','2026-03-05 03:38:19'),
	(598,42,12,'2026-03-05 03:38:20','2026-03-05 03:38:20'),
	(599,42,31,'2026-03-05 03:38:20','2026-03-05 03:38:20'),
	(600,42,65,'2026-03-05 03:38:21','2026-03-05 03:38:21'),
	(601,42,66,'2026-03-05 03:38:21','2026-03-05 03:38:21'),
	(602,42,69,'2026-03-05 03:38:21','2026-03-05 03:38:21'),
	(603,42,70,'2026-03-05 03:38:22','2026-03-05 03:38:22'),
	(611,43,1,'2026-03-05 03:39:38','2026-03-05 03:39:38'),
	(612,43,12,'2026-03-05 03:39:38','2026-03-05 03:39:38'),
	(613,43,31,'2026-03-05 03:39:38','2026-03-05 03:39:38'),
	(614,43,65,'2026-03-05 03:39:39','2026-03-05 03:39:39'),
	(615,43,66,'2026-03-05 03:39:39','2026-03-05 03:39:39'),
	(616,43,69,'2026-03-05 03:39:39','2026-03-05 03:39:39'),
	(617,43,70,'2026-03-05 03:39:39','2026-03-05 03:39:39'),
	(625,44,1,'2026-03-05 03:40:24','2026-03-05 03:40:24'),
	(626,44,12,'2026-03-05 03:40:24','2026-03-05 03:40:24'),
	(627,44,31,'2026-03-05 03:40:24','2026-03-05 03:40:24'),
	(628,44,65,'2026-03-05 03:40:24','2026-03-05 03:40:24'),
	(629,44,66,'2026-03-05 03:40:24','2026-03-05 03:40:24'),
	(630,44,69,'2026-03-05 03:40:24','2026-03-05 03:40:24'),
	(631,44,70,'2026-03-05 03:40:24','2026-03-05 03:40:24'),
	(639,45,1,'2026-03-05 03:43:50','2026-03-05 03:43:50'),
	(640,45,12,'2026-03-05 03:43:50','2026-03-05 03:43:50'),
	(641,45,31,'2026-03-05 03:43:50','2026-03-05 03:43:50'),
	(642,45,65,'2026-03-05 03:43:50','2026-03-05 03:43:50'),
	(643,45,66,'2026-03-05 03:43:51','2026-03-05 03:43:51'),
	(644,45,69,'2026-03-05 03:43:51','2026-03-05 03:43:51'),
	(645,45,70,'2026-03-05 03:43:51','2026-03-05 03:43:51'),
	(660,46,1,'2026-03-05 04:01:39','2026-03-05 04:01:39'),
	(661,46,12,'2026-03-05 04:01:39','2026-03-05 04:01:39'),
	(662,46,31,'2026-03-05 04:01:39','2026-03-05 04:01:39'),
	(663,46,65,'2026-03-05 04:01:40','2026-03-05 04:01:40'),
	(664,46,66,'2026-03-05 04:01:40','2026-03-05 04:01:40'),
	(665,46,69,'2026-03-05 04:01:40','2026-03-05 04:01:40'),
	(666,46,70,'2026-03-05 04:01:40','2026-03-05 04:01:40');

/*!40000 ALTER TABLE `mark_entry_window_components` ENABLE KEYS */;
UNLOCK TABLES;


# Dump of table mark_entry_windows
# ------------------------------------------------------------

CREATE TABLE `mark_entry_windows` (
  `id` int NOT NULL AUTO_INCREMENT,
  `window_name` varchar(200) CHARACTER SET utf8mb4 COLLATE utf8mb4_0900_ai_ci DEFAULT NULL,
  `teacher_id` varchar(45) CHARACTER SET utf8mb4 COLLATE utf8mb4_0900_ai_ci DEFAULT NULL,
  `user_id` int DEFAULT NULL,
  `department_id` int DEFAULT NULL,
  `semester` int DEFAULT NULL,
  `course_id` int DEFAULT NULL,
  `start_at` datetime NOT NULL,
  `end_at` datetime NOT NULL,
  `enabled` tinyint(1) NOT NULL DEFAULT '1',
  `created_at` timestamp NULL DEFAULT CURRENT_TIMESTAMP,
  `updated_at` timestamp NULL DEFAULT CURRENT_TIMESTAMP ON UPDATE CURRENT_TIMESTAMP,
  PRIMARY KEY (`id`) USING BTREE,
  KEY `idx_window_lookup` (`teacher_id`,`department_id`,`semester`,`course_id`) USING BTREE,
  KEY `idx_user_lookup` (`user_id`,`department_id`,`semester`,`course_id`) USING BTREE
) ENGINE=InnoDB AUTO_INCREMENT=47 DEFAULT CHARSET=utf8mb4 COLLATE=utf8mb4_0900_ai_ci ROW_FORMAT=DYNAMIC;

LOCK TABLES `mark_entry_windows` WRITE;
/*!40000 ALTER TABLE `mark_entry_windows` DISABLE KEYS */;

INSERT INTO `mark_entry_windows` (`id`, `window_name`, `teacher_id`, `user_id`, `department_id`, `semester`, `course_id`, `start_at`, `end_at`, `enabled`, `created_at`, `updated_at`)
VALUES
	(46,'hey',NULL,NULL,NULL,4,NULL,'2026-03-05 09:29:00','2026-03-06 09:29:00',1,'2026-03-05 04:00:03','2026-03-05 04:01:39');

/*!40000 ALTER TABLE `mark_entry_windows` ENABLE KEYS */;
UNLOCK TABLES;


# Dump of table mark_submissions
# ------------------------------------------------------------

CREATE TABLE `mark_submissions` (
  `id` int NOT NULL AUTO_INCREMENT,
  `window_id` int NOT NULL,
  `teacher_id` varchar(45) NOT NULL,
  `course_id` int NOT NULL,
  `submitted_at` timestamp NOT NULL DEFAULT CURRENT_TIMESTAMP,
  PRIMARY KEY (`id`),
  UNIQUE KEY `uq_submission` (`window_id`,`teacher_id`,`course_id`),
  KEY `idx_teacher` (`teacher_id`),
  KEY `idx_course` (`course_id`),
  KEY `idx_window` (`window_id`)
) ENGINE=InnoDB AUTO_INCREMENT=27 DEFAULT CHARSET=utf8mb4 COLLATE=utf8mb4_0900_ai_ci;

LOCK TABLES `mark_submissions` WRITE;
/*!40000 ALTER TABLE `mark_submissions` DISABLE KEYS */;

INSERT INTO `mark_submissions` (`id`, `window_id`, `teacher_id`, `course_id`, `submitted_at`)
VALUES
	(26,46,'AU10645',146,'2026-03-05 04:13:04');

/*!40000 ALTER TABLE `mark_submissions` ENABLE KEYS */;
UNLOCK TABLES;


# Dump of table normal_cards
# ------------------------------------------------------------

CREATE TABLE `normal_cards` (
  `id` int NOT NULL AUTO_INCREMENT,
  `curriculum_id` int NOT NULL,
  `semester_number` int DEFAULT NULL,
  `visibility` enum('UNIQUE','CLUSTER') CHARACTER SET utf8mb4 COLLATE utf8mb4_0900_ai_ci DEFAULT 'UNIQUE',
  `source_curriculum_id` int DEFAULT NULL,
  `card_type` varchar(50) CHARACTER SET utf8mb4 COLLATE utf8mb4_0900_ai_ci DEFAULT 'semester',
  `vertical_name` varchar(100) CHARACTER SET utf8mb4 COLLATE utf8mb4_0900_ai_ci DEFAULT NULL,
  `status` tinyint(1) DEFAULT '1',
  PRIMARY KEY (`id`) USING BTREE,
  KEY `fk_semester_regulation` (`curriculum_id`) USING BTREE,
  CONSTRAINT `fk_semester_regulation` FOREIGN KEY (`curriculum_id`) REFERENCES `curriculum` (`id`) ON DELETE CASCADE ON UPDATE CASCADE,
  CONSTRAINT `chk_vertical_name` CHECK (((`vertical_name` is null) or (trim(`vertical_name`) <> _utf8mb4'')))
) ENGINE=InnoDB AUTO_INCREMENT=311 DEFAULT CHARSET=utf8mb4 COLLATE=utf8mb4_0900_ai_ci ROW_FORMAT=DYNAMIC;

LOCK TABLES `normal_cards` WRITE;
/*!40000 ALTER TABLE `normal_cards` DISABLE KEYS */;

INSERT INTO `normal_cards` (`id`, `curriculum_id`, `semester_number`, `visibility`, `source_curriculum_id`, `card_type`, `vertical_name`, `status`)
VALUES
	(72,32,1,'UNIQUE',NULL,'semester',NULL,1),
	(73,36,1,'UNIQUE',NULL,'semester',NULL,1),
	(74,36,NULL,'UNIQUE',NULL,'elective',NULL,1),
	(75,16,1,'UNIQUE',NULL,'semester',NULL,1),
	(76,16,2,'UNIQUE',NULL,'semester',NULL,1),
	(77,17,1,'UNIQUE',NULL,'semester',NULL,1),
	(78,17,2,'UNIQUE',NULL,'semester',NULL,1),
	(79,17,3,'UNIQUE',NULL,'semester',NULL,1),
	(80,33,1,'UNIQUE',NULL,'semester',NULL,1),
	(81,33,2,'UNIQUE',NULL,'semester',NULL,1),
	(82,33,3,'UNIQUE',NULL,'semester',NULL,1),
	(83,33,4,'UNIQUE',NULL,'semester',NULL,1),
	(84,33,5,'UNIQUE',NULL,'semester',NULL,1),
	(85,33,6,'UNIQUE',NULL,'semester',NULL,1),
	(86,33,7,'UNIQUE',NULL,'semester',NULL,1),
	(87,33,8,'UNIQUE',NULL,'semester',NULL,1),
	(88,24,1,'UNIQUE',NULL,'semester',NULL,1),
	(89,17,4,'UNIQUE',NULL,'semester',NULL,1),
	(90,24,2,'UNIQUE',NULL,'semester',NULL,1),
	(91,27,1,'UNIQUE',NULL,'semester',NULL,1),
	(92,27,2,'UNIQUE',NULL,'semester',NULL,1),
	(93,24,3,'UNIQUE',NULL,'semester',NULL,1),
	(94,21,1,'UNIQUE',NULL,'semester',NULL,1),
	(95,24,4,'UNIQUE',NULL,'semester',NULL,1),
	(96,27,3,'UNIQUE',NULL,'semester',NULL,1),
	(97,27,4,'UNIQUE',NULL,'semester',NULL,1),
	(98,27,5,'UNIQUE',NULL,'semester',NULL,1),
	(99,27,6,'UNIQUE',NULL,'semester',NULL,1),
	(100,27,7,'UNIQUE',NULL,'semester',NULL,1),
	(101,27,8,'UNIQUE',NULL,'semester',NULL,1),
	(102,32,2,'UNIQUE',NULL,'semester',NULL,1),
	(103,16,3,'UNIQUE',NULL,'semester',NULL,1),
	(104,20,1,'UNIQUE',NULL,'semester',NULL,1),
	(107,21,2,'UNIQUE',NULL,'semester',NULL,1),
	(108,17,5,'UNIQUE',NULL,'semester',NULL,1),
	(109,16,4,'UNIQUE',NULL,'semester',NULL,1),
	(110,33,NULL,'UNIQUE',NULL,'elective',NULL,1),
	(111,32,3,'UNIQUE',NULL,'semester',NULL,1),
	(112,17,6,'UNIQUE',NULL,'semester',NULL,1),
	(113,33,1,'UNIQUE',NULL,'vertical',NULL,1),
	(114,21,3,'UNIQUE',NULL,'semester',NULL,1),
	(115,17,7,'UNIQUE',NULL,'semester',NULL,1),
	(116,32,4,'UNIQUE',NULL,'semester',NULL,1),
	(117,33,2,'UNIQUE',NULL,'vertical',NULL,1),
	(118,21,4,'UNIQUE',NULL,'semester',NULL,1),
	(119,17,8,'UNIQUE',NULL,'semester',NULL,1),
	(120,16,5,'UNIQUE',NULL,'semester',NULL,1),
	(121,17,NULL,'UNIQUE',NULL,'elective',NULL,1),
	(122,33,3,'UNIQUE',NULL,'vertical',NULL,1),
	(123,33,4,'UNIQUE',NULL,'vertical',NULL,1),
	(124,33,5,'UNIQUE',NULL,'vertical',NULL,1),
	(125,33,6,'UNIQUE',NULL,'vertical',NULL,1),
	(126,33,7,'UNIQUE',NULL,'vertical',NULL,1),
	(127,33,8,'UNIQUE',NULL,'vertical',NULL,1),
	(128,33,NULL,'UNIQUE',NULL,'one_credit',NULL,1),
	(129,33,NULL,'UNIQUE',NULL,'open_elective',NULL,1),
	(130,17,1,'UNIQUE',NULL,'vertical',NULL,1),
	(131,16,6,'UNIQUE',NULL,'semester',NULL,1),
	(132,21,5,'UNIQUE',NULL,'semester',NULL,1),
	(133,32,5,'UNIQUE',NULL,'semester',NULL,1),
	(134,20,2,'UNIQUE',NULL,'semester',NULL,1),
	(135,16,7,'UNIQUE',NULL,'semester',NULL,1),
	(136,21,6,'UNIQUE',NULL,'semester',NULL,1),
	(137,32,6,'UNIQUE',NULL,'semester',NULL,1),
	(138,16,NULL,'UNIQUE',NULL,'elective',NULL,0),
	(139,21,7,'UNIQUE',NULL,'semester',NULL,1),
	(140,32,7,'UNIQUE',NULL,'semester',NULL,1),
	(141,16,8,'UNIQUE',NULL,'semester',NULL,1),
	(142,21,8,'UNIQUE',NULL,'semester',NULL,1),
	(143,32,8,'UNIQUE',NULL,'semester',NULL,1),
	(144,21,NULL,'UNIQUE',NULL,'elective',NULL,1),
	(145,17,2,'UNIQUE',NULL,'vertical',NULL,1),
	(146,15,1,'UNIQUE',NULL,'semester',NULL,1),
	(147,15,2,'UNIQUE',NULL,'semester',NULL,1),
	(148,15,3,'UNIQUE',NULL,'semester',NULL,1),
	(149,17,3,'UNIQUE',NULL,'vertical',NULL,1),
	(150,15,4,'UNIQUE',NULL,'semester',NULL,1),
	(151,15,5,'UNIQUE',NULL,'semester',NULL,1),
	(152,17,4,'UNIQUE',NULL,'vertical',NULL,1),
	(153,15,6,'UNIQUE',NULL,'semester',NULL,1),
	(154,15,7,'UNIQUE',NULL,'semester',NULL,1),
	(155,15,8,'UNIQUE',NULL,'semester',NULL,1),
	(156,15,NULL,'UNIQUE',NULL,'elective',NULL,1),
	(157,32,1,'UNIQUE',NULL,'vertical',NULL,1),
	(158,17,5,'UNIQUE',NULL,'vertical',NULL,1),
	(159,17,6,'UNIQUE',NULL,'vertical',NULL,1),
	(160,17,7,'UNIQUE',NULL,'vertical',NULL,1),
	(161,15,1,'UNIQUE',NULL,'vertical',NULL,1),
	(162,32,NULL,'UNIQUE',NULL,'elective',NULL,1),
	(163,15,2,'UNIQUE',NULL,'vertical',NULL,1),
	(164,15,3,'UNIQUE',NULL,'vertical',NULL,1),
	(165,15,4,'UNIQUE',NULL,'vertical',NULL,1),
	(166,17,8,'UNIQUE',NULL,'vertical',NULL,1),
	(167,15,5,'UNIQUE',NULL,'vertical',NULL,1),
	(168,20,3,'UNIQUE',NULL,'semester',NULL,1),
	(169,15,6,'UNIQUE',NULL,'vertical',NULL,1),
	(170,15,7,'UNIQUE',NULL,'vertical',NULL,1),
	(171,27,NULL,'UNIQUE',NULL,'elective',NULL,1),
	(172,16,1,'UNIQUE',NULL,'vertical','FULL STACK DEVELOPMENT',1),
	(173,32,2,'UNIQUE',NULL,'vertical',NULL,1),
	(174,17,NULL,'UNIQUE',NULL,'one_credit',NULL,1),
	(175,16,2,'UNIQUE',NULL,'vertical','CLOUD COMPUTING AND DATA CENTER TECHNOLOGIES',1),
	(176,16,3,'UNIQUE',NULL,'vertical','CYBER SECURITY AND DATA PRIVACY',1),
	(177,17,NULL,'UNIQUE',NULL,'open_elective',NULL,1),
	(178,16,4,'UNIQUE',NULL,'vertical','AI AND ROBOTICS',1),
	(179,16,5,'UNIQUE',NULL,'vertical','COMPUTATIONAL INTELLIGENCE',1),
	(180,16,6,'UNIQUE',NULL,'vertical',' DATA ANALYTICS',1),
	(181,16,7,'UNIQUE',NULL,'vertical','DIVERSIFIED COURSES',1),
	(182,16,8,'UNIQUE',NULL,'vertical',NULL,1),
	(183,20,4,'UNIQUE',NULL,'semester',NULL,1),
	(184,27,1,'UNIQUE',NULL,'vertical',NULL,1),
	(185,21,1,'UNIQUE',NULL,'vertical',NULL,1),
	(186,16,NULL,'UNIQUE',NULL,'open_elective',NULL,1),
	(187,16,NULL,'UNIQUE',NULL,'one_credit',NULL,1),
	(188,32,3,'UNIQUE',NULL,'vertical',NULL,1),
	(189,27,2,'UNIQUE',NULL,'vertical',NULL,1),
	(190,16,NULL,'UNIQUE',NULL,'open_elective',NULL,1),
	(191,20,5,'UNIQUE',NULL,'semester',NULL,1),
	(192,20,6,'UNIQUE',NULL,'semester',NULL,1),
	(193,25,1,'UNIQUE',NULL,'semester',NULL,1),
	(194,20,7,'UNIQUE',NULL,'semester',NULL,1),
	(195,25,2,'UNIQUE',NULL,'semester',NULL,1),
	(196,20,8,'UNIQUE',NULL,'semester',NULL,1),
	(197,25,3,'UNIQUE',NULL,'semester',NULL,1),
	(198,20,NULL,'UNIQUE',NULL,'elective',NULL,1),
	(199,25,4,'UNIQUE',NULL,'semester',NULL,1),
	(200,25,5,'UNIQUE',NULL,'semester',NULL,1),
	(201,25,6,'UNIQUE',NULL,'semester',NULL,1),
	(202,21,2,'UNIQUE',NULL,'vertical',NULL,1),
	(203,21,3,'UNIQUE',NULL,'vertical',NULL,1),
	(204,21,4,'UNIQUE',NULL,'vertical',NULL,1),
	(205,21,5,'UNIQUE',NULL,'vertical',NULL,1),
	(206,24,5,'UNIQUE',NULL,'semester',NULL,1),
	(207,25,7,'UNIQUE',NULL,'semester',NULL,1),
	(208,25,8,'UNIQUE',NULL,'semester',NULL,1),
	(209,25,1,'UNIQUE',NULL,'vertical',NULL,1),
	(210,24,6,'UNIQUE',NULL,'semester',NULL,1),
	(211,24,7,'UNIQUE',NULL,'semester',NULL,1),
	(212,24,8,'UNIQUE',NULL,'semester',NULL,1),
	(213,24,NULL,'UNIQUE',NULL,'elective',NULL,1),
	(214,24,1,'UNIQUE',NULL,'vertical',NULL,1),
	(215,24,2,'UNIQUE',NULL,'vertical',NULL,1),
	(216,24,3,'UNIQUE',NULL,'vertical',NULL,1),
	(217,24,4,'UNIQUE',NULL,'vertical',NULL,1),
	(218,24,5,'UNIQUE',NULL,'vertical',NULL,1),
	(219,24,6,'UNIQUE',NULL,'vertical',NULL,1),
	(220,24,7,'UNIQUE',NULL,'vertical',NULL,1),
	(221,24,NULL,'UNIQUE',NULL,'open_elective',NULL,1),
	(222,24,NULL,'UNIQUE',NULL,'one_credit',NULL,1),
	(223,31,1,'UNIQUE',NULL,'semester',NULL,0),
	(224,31,2,'UNIQUE',NULL,'semester',NULL,0),
	(225,31,3,'UNIQUE',NULL,'semester',NULL,0),
	(226,31,4,'UNIQUE',NULL,'semester',NULL,0),
	(227,31,5,'UNIQUE',NULL,'semester',NULL,0),
	(228,31,6,'UNIQUE',NULL,'semester',NULL,0),
	(229,31,7,'UNIQUE',NULL,'semester',NULL,0),
	(230,31,8,'UNIQUE',NULL,'semester',NULL,0),
	(231,31,NULL,'UNIQUE',NULL,'elective',NULL,0),
	(232,31,1,'UNIQUE',NULL,'vertical',NULL,0),
	(233,31,2,'UNIQUE',NULL,'vertical',NULL,0),
	(234,31,3,'UNIQUE',NULL,'vertical',NULL,0),
	(235,31,4,'UNIQUE',NULL,'vertical',NULL,0),
	(236,31,5,'UNIQUE',NULL,'vertical',NULL,0),
	(237,31,6,'UNIQUE',NULL,'vertical',NULL,0),
	(238,31,7,'UNIQUE',NULL,'vertical',NULL,0),
	(239,31,NULL,'UNIQUE',NULL,'one_credit',NULL,0),
	(240,22,1,'UNIQUE',NULL,'semester',NULL,1),
	(241,22,2,'UNIQUE',NULL,'semester',NULL,1),
	(242,22,3,'UNIQUE',NULL,'semester',NULL,1),
	(243,22,4,'UNIQUE',NULL,'semester',NULL,1),
	(244,22,5,'UNIQUE',NULL,'semester',NULL,1),
	(245,22,6,'UNIQUE',NULL,'semester',NULL,1),
	(246,22,7,'UNIQUE',NULL,'semester',NULL,1),
	(247,22,8,'UNIQUE',NULL,'semester',NULL,1),
	(248,22,1,'UNIQUE',NULL,'vertical',NULL,1),
	(249,22,2,'UNIQUE',NULL,'vertical',NULL,1),
	(250,22,3,'UNIQUE',NULL,'vertical',NULL,1),
	(251,22,4,'UNIQUE',NULL,'vertical',NULL,1),
	(252,22,5,'UNIQUE',NULL,'vertical',NULL,1),
	(253,22,6,'UNIQUE',NULL,'vertical',NULL,1),
	(254,22,7,'UNIQUE',NULL,'vertical',NULL,1),
	(255,22,NULL,'UNIQUE',NULL,'open_elective',NULL,1),
	(256,22,NULL,'UNIQUE',NULL,'one_credit',NULL,1),
	(257,20,1,'UNIQUE',NULL,'vertical',NULL,1),
	(258,20,2,'UNIQUE',NULL,'vertical',NULL,1),
	(259,20,3,'UNIQUE',NULL,'vertical',NULL,1),
	(260,20,4,'UNIQUE',NULL,'vertical',NULL,1),
	(261,20,5,'UNIQUE',NULL,'vertical',NULL,1),
	(262,16,NULL,'UNIQUE',NULL,'language_elective',NULL,1),
	(263,27,7,'UNIQUE',NULL,'vertical','Vertical',1),
	(264,26,1,'UNIQUE',NULL,'semester',NULL,1),
	(265,25,5,'UNIQUE',NULL,'vertical','vertical',1),
	(266,36,1,'UNIQUE',NULL,'vertical','Vertical',1),
	(267,23,4,'UNIQUE',NULL,'vertical','Vertical',1),
	(268,21,7,'UNIQUE',NULL,'vertical','Vertical',1),
	(269,18,5,'UNIQUE',NULL,'vertical','Vertical',1),
	(270,34,2,'UNIQUE',NULL,'vertical','Vertical ',1),
	(271,32,4,'UNIQUE',NULL,'vertical','Vertical',1),
	(272,37,3,'UNIQUE',NULL,'vertical','Vertical',1),
	(273,30,7,'UNIQUE',NULL,'vertical','Vertical',1),
	(274,28,3,'UNIQUE',NULL,'vertical','Vertical ',1),
	(275,27,3,'UNIQUE',NULL,'vertical','Vertical',1),
	(276,27,8,'UNIQUE',NULL,'vertical','Vertical',1),
	(277,26,4,'UNIQUE',NULL,'vertical','Vertical',1),
	(278,25,4,'UNIQUE',NULL,'vertical','Vertical',1),
	(279,23,5,'UNIQUE',NULL,'vertical','Vertical',1),
	(280,23,2,'UNIQUE',NULL,'vertical','Vertical ',1),
	(281,21,6,'UNIQUE',NULL,'vertical','Vertical',1),
	(282,18,1,'UNIQUE',NULL,'vertical','Vertical',1),
	(283,34,6,'UNIQUE',NULL,'vertical','Vertical',1),
	(284,32,6,'UNIQUE',NULL,'vertical','Vertical',1),
	(285,30,6,'UNIQUE',NULL,'vertical','Vertical',1),
	(286,28,6,'UNIQUE',NULL,'vertical','Vertical',1),
	(287,26,6,'UNIQUE',NULL,'semester',NULL,1),
	(288,23,6,'UNIQUE',NULL,'semester',NULL,1),
	(289,18,6,'UNIQUE',NULL,'semester',NULL,1),
	(290,34,6,'UNIQUE',NULL,'semester',NULL,1),
	(291,30,6,'UNIQUE',NULL,'semester',NULL,1),
	(292,28,6,'UNIQUE',NULL,'semester',NULL,1),
	(293,30,2,'UNIQUE',NULL,'vertical','Advanced Food Processing',1),
	(294,26,6,'UNIQUE',NULL,'vertical',' ELECTRICALTECHNOLOGY',1),
	(295,82,3,'UNIQUE',NULL,'vertical','CYBER SECURITY AND DATA PRIVACY',1),
	(296,82,6,'UNIQUE',NULL,'semester',NULL,1),
	(297,26,2,'UNIQUE',NULL,'vertical','POWER ELECTRONICS AND DRIVES',1),
	(298,26,4,'UNIQUE',NULL,'semester',NULL,1),
	(299,28,4,'UNIQUE',NULL,'semester',NULL,1),
	(300,34,4,'UNIQUE',NULL,'semester',NULL,1),
	(301,24,NULL,'UNIQUE',NULL,'semester',NULL,1),
	(302,32,NULL,'UNIQUE',NULL,'semester',NULL,1),
	(303,26,NULL,'UNIQUE',NULL,'semester',NULL,1),
	(304,28,NULL,'UNIQUE',NULL,'semester',NULL,1),
	(305,33,NULL,'UNIQUE',NULL,'semester',NULL,1),
	(306,34,NULL,'UNIQUE',NULL,'semester',NULL,1),
	(307,15,NULL,'UNIQUE',NULL,'semester',NULL,1),
	(308,16,NULL,'UNIQUE',NULL,'semester',NULL,1),
	(309,27,NULL,'UNIQUE',NULL,'semester',NULL,1),
	(310,22,NULL,'UNIQUE',NULL,'semester',NULL,1);

/*!40000 ALTER TABLE `normal_cards` ENABLE KEYS */;
UNLOCK TABLES;


# Dump of table open_elective_department_allowed
# ------------------------------------------------------------

CREATE TABLE `open_elective_department_allowed` (
  `id` int NOT NULL AUTO_INCREMENT,
  `department_id` int NOT NULL,
  `course_id` int NOT NULL,
  `status` tinyint(1) NOT NULL DEFAULT '1',
  `created_at` timestamp NOT NULL DEFAULT CURRENT_TIMESTAMP,
  PRIMARY KEY (`id`) USING BTREE,
  UNIQUE KEY `uq_open_elective_dept_course` (`department_id`,`course_id`) USING BTREE,
  KEY `fk_oe_course` (`course_id`) USING BTREE
) ENGINE=InnoDB DEFAULT CHARSET=utf8mb4 COLLATE=utf8mb4_0900_ai_ci ROW_FORMAT=DYNAMIC;



# Dump of table peo_po_mapping
# ------------------------------------------------------------

CREATE TABLE `peo_po_mapping` (
  `id` int NOT NULL AUTO_INCREMENT,
  `curriculum_id` int NOT NULL,
  `peo_index` int NOT NULL,
  `po_index` int NOT NULL,
  `mapping_value` int NOT NULL,
  `status` tinyint(1) DEFAULT '1',
  PRIMARY KEY (`id`) USING BTREE,
  KEY `fk_peopo_reg` (`curriculum_id`) USING BTREE,
  CONSTRAINT `fk_peopo_reg` FOREIGN KEY (`curriculum_id`) REFERENCES `curriculum` (`id`) ON DELETE CASCADE ON UPDATE CASCADE
) ENGINE=InnoDB AUTO_INCREMENT=1205 DEFAULT CHARSET=utf8mb4 COLLATE=utf8mb4_0900_ai_ci ROW_FORMAT=DYNAMIC;

LOCK TABLES `peo_po_mapping` WRITE;
/*!40000 ALTER TABLE `peo_po_mapping` DISABLE KEYS */;

INSERT INTO `peo_po_mapping` (`id`, `curriculum_id`, `peo_index`, `po_index`, `mapping_value`, `status`)
VALUES
	(738,15,1,1,2,1),
	(739,15,1,3,2,1),
	(740,15,1,4,2,1),
	(741,15,1,5,2,1),
	(742,15,1,9,2,1),
	(743,15,2,2,2,1),
	(744,15,2,3,2,1),
	(745,15,2,4,2,1),
	(746,15,2,5,2,1),
	(747,15,2,8,2,1),
	(748,15,3,6,2,1),
	(749,15,3,7,2,1),
	(750,15,3,8,2,1),
	(751,15,3,9,2,1),
	(752,15,3,10,2,1),
	(785,20,1,1,2,1),
	(786,20,1,2,2,1),
	(787,20,1,3,2,1),
	(788,20,1,4,2,1),
	(789,20,1,5,2,1),
	(790,20,1,9,2,1),
	(791,20,1,10,2,1),
	(792,20,1,11,2,1),
	(793,20,1,12,2,1),
	(794,20,2,1,2,1),
	(795,20,2,2,2,1),
	(796,20,2,3,2,1),
	(797,20,2,4,2,1),
	(798,20,2,5,2,1),
	(799,20,2,6,2,1),
	(800,20,2,7,2,1),
	(801,20,2,8,2,1),
	(802,20,2,10,2,1),
	(803,20,2,11,2,1),
	(804,20,2,12,2,1),
	(805,20,3,6,2,1),
	(806,20,3,7,2,1),
	(807,20,3,8,2,1),
	(808,20,3,9,2,1),
	(809,20,3,10,2,1),
	(810,20,3,11,2,1),
	(811,20,3,12,2,1),
	(812,21,1,1,2,1),
	(813,21,1,2,2,1),
	(814,21,1,3,2,1),
	(815,21,1,5,2,1),
	(816,21,1,7,2,1),
	(817,21,1,10,2,1),
	(818,21,1,11,2,1),
	(819,21,2,2,2,1),
	(820,21,2,3,2,1),
	(821,21,2,4,2,1),
	(822,21,2,5,2,1),
	(823,21,2,8,2,1),
	(824,21,2,10,2,1),
	(825,21,2,11,2,1),
	(826,21,2,12,2,1),
	(827,21,3,3,2,1),
	(828,21,3,6,2,1),
	(829,21,3,9,2,1),
	(830,21,3,11,2,1),
	(831,21,3,12,2,1),
	(832,36,1,1,2,1),
	(833,36,1,2,2,1),
	(834,36,1,3,2,1),
	(835,36,1,4,2,1),
	(836,36,1,6,2,1),
	(837,36,2,2,2,1),
	(838,36,2,3,2,1),
	(839,36,2,4,2,1),
	(840,36,2,5,2,1),
	(841,36,2,6,2,1),
	(842,36,3,3,2,1),
	(843,36,3,4,2,1),
	(844,36,3,5,2,1),
	(845,36,3,6,2,1),
	(846,37,1,1,2,1),
	(847,37,1,2,2,1),
	(848,37,1,6,2,1),
	(849,37,2,2,2,1),
	(850,37,2,3,2,1),
	(851,37,2,4,2,1),
	(852,37,2,5,2,1),
	(853,37,2,6,2,1),
	(854,37,3,4,2,1),
	(855,37,3,5,2,1),
	(856,37,3,6,2,1),
	(940,33,1,1,2,1),
	(941,33,1,2,2,1),
	(942,33,1,3,2,1),
	(943,33,1,4,2,1),
	(944,33,1,5,2,1),
	(945,33,1,9,2,1),
	(946,33,1,11,2,1),
	(947,33,2,1,2,1),
	(948,33,2,2,2,1),
	(949,33,2,3,2,1),
	(950,33,2,4,2,1),
	(951,33,2,5,2,1),
	(952,33,2,6,2,1),
	(953,33,2,8,2,1),
	(954,33,2,9,2,1),
	(955,33,2,10,2,1),
	(956,33,2,11,2,1),
	(957,33,3,1,2,1),
	(958,33,3,2,2,1),
	(959,33,3,3,2,1),
	(960,33,3,4,2,1),
	(961,33,3,5,2,1),
	(962,33,3,6,2,1),
	(963,33,3,7,2,1),
	(964,33,3,11,2,1),
	(965,24,1,1,2,1),
	(966,24,1,2,2,1),
	(967,24,1,3,2,1),
	(968,24,1,4,2,1),
	(969,24,1,5,2,1),
	(970,24,1,6,2,1),
	(971,24,1,7,2,1),
	(972,24,2,1,2,1),
	(973,24,2,2,2,1),
	(974,24,2,3,2,1),
	(975,24,2,4,2,1),
	(976,24,2,5,2,1),
	(977,24,2,6,2,1),
	(978,24,2,7,2,1),
	(979,24,2,12,2,1),
	(980,24,3,8,2,1),
	(981,24,3,9,2,1),
	(982,24,3,10,2,1),
	(983,24,3,11,2,1),
	(984,24,3,12,2,1),
	(985,17,1,1,2,1),
	(986,17,1,2,2,1),
	(987,17,1,3,2,1),
	(988,17,1,5,2,1),
	(989,17,1,7,2,1),
	(990,17,1,11,2,1),
	(991,17,2,6,2,1),
	(992,17,2,7,2,1),
	(993,17,2,8,2,1),
	(994,17,2,9,2,1),
	(995,17,2,10,2,1),
	(996,17,3,1,2,1),
	(997,17,3,2,2,1),
	(998,17,3,3,2,1),
	(999,17,3,4,2,1),
	(1000,17,3,5,2,1),
	(1017,27,1,3,2,1),
	(1018,27,1,4,2,1),
	(1019,27,1,5,2,1),
	(1020,27,1,6,2,1),
	(1021,27,1,7,2,1),
	(1022,27,1,11,2,1),
	(1023,27,2,1,2,1),
	(1024,27,2,2,2,1),
	(1025,27,2,3,2,1),
	(1026,27,2,4,2,1),
	(1027,27,2,5,2,1),
	(1028,27,2,6,2,1),
	(1029,27,2,8,2,1),
	(1030,27,2,9,2,1),
	(1031,27,2,10,2,1),
	(1032,27,2,11,2,1),
	(1061,32,1,1,2,1),
	(1062,32,1,2,2,1),
	(1063,32,1,3,2,1),
	(1064,32,1,4,2,1),
	(1065,32,1,5,2,1),
	(1066,32,1,6,2,1),
	(1067,32,1,9,2,1),
	(1068,32,2,2,2,1),
	(1069,32,2,3,2,1),
	(1070,32,2,4,2,1),
	(1071,32,2,6,2,1),
	(1072,32,2,7,2,1),
	(1073,32,2,9,2,1),
	(1074,32,2,10,2,1),
	(1075,32,2,11,2,1),
	(1076,32,3,3,2,1),
	(1077,32,3,5,2,1),
	(1078,32,3,6,2,1),
	(1079,32,3,8,2,1),
	(1080,32,3,10,2,1),
	(1081,32,3,11,2,1),
	(1082,32,4,1,2,1),
	(1083,32,4,2,2,1),
	(1084,32,4,5,2,1),
	(1085,32,4,6,2,1),
	(1086,32,4,7,2,1),
	(1087,32,4,9,2,1),
	(1088,32,4,11,2,1),
	(1158,25,1,1,2,1),
	(1159,25,1,2,2,1),
	(1160,25,1,3,2,1),
	(1161,25,1,4,2,1),
	(1162,25,1,5,2,1),
	(1163,25,1,6,2,1),
	(1164,25,1,7,2,1),
	(1165,25,1,8,2,1),
	(1166,25,2,1,2,1),
	(1167,25,2,2,2,1),
	(1168,25,2,3,2,1),
	(1169,25,2,4,2,1),
	(1170,25,2,5,2,1),
	(1171,25,2,6,2,1),
	(1172,25,2,7,2,1),
	(1173,25,2,8,2,1),
	(1174,25,2,9,2,1),
	(1175,25,2,10,2,1),
	(1176,25,3,7,2,1),
	(1177,25,3,8,2,1),
	(1178,25,3,9,2,1),
	(1179,25,3,10,2,1),
	(1180,25,3,11,2,1);

/*!40000 ALTER TABLE `peo_po_mapping` ENABLE KEYS */;
UNLOCK TABLES;


# Dump of table pso_po_mapping
# ------------------------------------------------------------

CREATE TABLE `pso_po_mapping` (
  `id` int NOT NULL AUTO_INCREMENT,
  `curriculum_id` int NOT NULL,
  `po_index` int NOT NULL,
  `pso_index` int NOT NULL,
  `mapping_value` int NOT NULL,
  `status` tinyint(1) DEFAULT '1',
  PRIMARY KEY (`id`) USING BTREE,
  KEY `fk_popso_reg` (`curriculum_id`) USING BTREE,
  CONSTRAINT `fk_popso_reg` FOREIGN KEY (`curriculum_id`) REFERENCES `curriculum` (`id`) ON DELETE CASCADE ON UPDATE CASCADE
) ENGINE=InnoDB AUTO_INCREMENT=7 DEFAULT CHARSET=utf8mb4 COLLATE=utf8mb4_0900_ai_ci ROW_FORMAT=DYNAMIC;

LOCK TABLES `pso_po_mapping` WRITE;
/*!40000 ALTER TABLE `pso_po_mapping` DISABLE KEYS */;

INSERT INTO `pso_po_mapping` (`id`, `curriculum_id`, `po_index`, `pso_index`, `mapping_value`, `status`)
VALUES
	(1,16,1,1,2,1),
	(2,16,4,1,1,1),
	(3,16,6,1,2,1),
	(4,16,10,1,1,1),
	(5,16,3,2,2,1),
	(6,16,8,2,2,1);

/*!40000 ALTER TABLE `pso_po_mapping` ENABLE KEYS */;
UNLOCK TABLES;


# Dump of table regulation_clause_history
# ------------------------------------------------------------

CREATE TABLE `regulation_clause_history` (
  `id` int NOT NULL AUTO_INCREMENT,
  `clause_id` int NOT NULL,
  `old_content` text CHARACTER SET utf8mb4 COLLATE utf8mb4_0900_ai_ci NOT NULL,
  `new_content` text CHARACTER SET utf8mb4 COLLATE utf8mb4_0900_ai_ci NOT NULL,
  `changed_by` varchar(255) CHARACTER SET utf8mb4 COLLATE utf8mb4_0900_ai_ci DEFAULT NULL,
  `changed_at` timestamp NULL DEFAULT CURRENT_TIMESTAMP,
  `change_reason` varchar(500) CHARACTER SET utf8mb4 COLLATE utf8mb4_0900_ai_ci DEFAULT NULL,
  PRIMARY KEY (`id`) USING BTREE,
  KEY `clause_id` (`clause_id`) USING BTREE,
  CONSTRAINT `regulation_clause_history_ibfk_1` FOREIGN KEY (`clause_id`) REFERENCES `regulation_clauses` (`id`) ON DELETE CASCADE ON UPDATE RESTRICT
) ENGINE=InnoDB DEFAULT CHARSET=utf8mb4 COLLATE=utf8mb4_0900_ai_ci ROW_FORMAT=DYNAMIC;



# Dump of table regulation_clauses
# ------------------------------------------------------------

CREATE TABLE `regulation_clauses` (
  `id` int NOT NULL AUTO_INCREMENT,
  `regulation_id` int NOT NULL,
  `section_no` int NOT NULL,
  `clause_no` varchar(10) CHARACTER SET utf8mb4 COLLATE utf8mb4_0900_ai_ci NOT NULL,
  `title` varchar(255) CHARACTER SET utf8mb4 COLLATE utf8mb4_0900_ai_ci DEFAULT NULL,
  `content` text CHARACTER SET utf8mb4 COLLATE utf8mb4_0900_ai_ci NOT NULL,
  `created_at` timestamp NULL DEFAULT CURRENT_TIMESTAMP,
  `updated_at` timestamp NULL DEFAULT CURRENT_TIMESTAMP ON UPDATE CURRENT_TIMESTAMP,
  PRIMARY KEY (`id`) USING BTREE,
  KEY `regulation_id` (`regulation_id`) USING BTREE,
  CONSTRAINT `regulation_clauses_ibfk_1` FOREIGN KEY (`regulation_id`) REFERENCES `regulations` (`id`) ON DELETE CASCADE ON UPDATE RESTRICT
) ENGINE=InnoDB DEFAULT CHARSET=utf8mb4 COLLATE=utf8mb4_0900_ai_ci ROW_FORMAT=DYNAMIC;



# Dump of table regulation_sections
# ------------------------------------------------------------

CREATE TABLE `regulation_sections` (
  `id` int NOT NULL AUTO_INCREMENT,
  `regulation_id` int NOT NULL,
  `section_no` int NOT NULL,
  `title` varchar(255) CHARACTER SET utf8mb4 COLLATE utf8mb4_0900_ai_ci NOT NULL,
  `display_order` int NOT NULL,
  `created_at` timestamp NULL DEFAULT CURRENT_TIMESTAMP,
  `updated_at` timestamp NULL DEFAULT CURRENT_TIMESTAMP ON UPDATE CURRENT_TIMESTAMP,
  PRIMARY KEY (`id`) USING BTREE,
  UNIQUE KEY `unique_section` (`regulation_id`,`section_no`) USING BTREE,
  KEY `idx_regulation` (`regulation_id`) USING BTREE,
  KEY `idx_order` (`regulation_id`,`display_order`) USING BTREE,
  CONSTRAINT `regulation_sections_ibfk_1` FOREIGN KEY (`regulation_id`) REFERENCES `regulations` (`id`) ON DELETE CASCADE ON UPDATE RESTRICT
) ENGINE=InnoDB AUTO_INCREMENT=2 DEFAULT CHARSET=utf8mb4 COLLATE=utf8mb4_0900_ai_ci ROW_FORMAT=DYNAMIC;

LOCK TABLES `regulation_sections` WRITE;
/*!40000 ALTER TABLE `regulation_sections` DISABLE KEYS */;

INSERT INTO `regulation_sections` (`id`, `regulation_id`, `section_no`, `title`, `display_order`, `created_at`, `updated_at`)
VALUES
	(1,1,1,'ADMISSION',1,'2025-12-28 17:27:34','2025-12-28 17:27:34');

/*!40000 ALTER TABLE `regulation_sections` ENABLE KEYS */;
UNLOCK TABLES;


# Dump of table regulations
# ------------------------------------------------------------

CREATE TABLE `regulations` (
  `id` int NOT NULL AUTO_INCREMENT,
  `code` varchar(20) CHARACTER SET utf8mb4 COLLATE utf8mb4_0900_ai_ci NOT NULL,
  `name` varchar(255) CHARACTER SET utf8mb4 COLLATE utf8mb4_0900_ai_ci NOT NULL,
  `status` enum('DRAFT','PUBLISHED','LOCKED') CHARACTER SET utf8mb4 COLLATE utf8mb4_0900_ai_ci DEFAULT 'DRAFT',
  `created_at` timestamp NULL DEFAULT CURRENT_TIMESTAMP,
  `updated_at` timestamp NULL DEFAULT CURRENT_TIMESTAMP ON UPDATE CURRENT_TIMESTAMP,
  PRIMARY KEY (`id`) USING BTREE,
  UNIQUE KEY `code` (`code`) USING BTREE
) ENGINE=InnoDB AUTO_INCREMENT=2 DEFAULT CHARSET=utf8mb4 COLLATE=utf8mb4_0900_ai_ci ROW_FORMAT=DYNAMIC;

LOCK TABLES `regulations` WRITE;
/*!40000 ALTER TABLE `regulations` DISABLE KEYS */;

INSERT INTO `regulations` (`id`, `code`, `name`, `status`, `created_at`, `updated_at`)
VALUES
	(1,'R2022','Academic Regulation 2022','DRAFT','2025-12-26 23:20:35','2025-12-26 23:20:35');

/*!40000 ALTER TABLE `regulations` ENABLE KEYS */;
UNLOCK TABLES;


# Dump of table research_profiles
# ------------------------------------------------------------

CREATE TABLE `research_profiles` (
  `id` int NOT NULL AUTO_INCREMENT,
  `student_id` int DEFAULT NULL,
  `scopus_link` text CHARACTER SET utf8mb4 COLLATE utf8mb4_0900_ai_ci,
  `google_scholar_link` text CHARACTER SET utf8mb4 COLLATE utf8mb4_0900_ai_ci,
  `researchgate_link` text CHARACTER SET utf8mb4 COLLATE utf8mb4_0900_ai_ci,
  `orcid_link` text CHARACTER SET utf8mb4 COLLATE utf8mb4_0900_ai_ci,
  `h_index` int DEFAULT NULL,
  `status` int DEFAULT '1',
  PRIMARY KEY (`id`) USING BTREE,
  KEY `student_id` (`student_id`) USING BTREE
) ENGINE=InnoDB DEFAULT CHARSET=utf8mb4 COLLATE=utf8mb4_0900_ai_ci ROW_FORMAT=DYNAMIC;



# Dump of table school_details
# ------------------------------------------------------------

CREATE TABLE `school_details` (
  `id` int NOT NULL AUTO_INCREMENT,
  `student_id` int DEFAULT NULL,
  `school_name` varchar(150) CHARACTER SET utf8mb4 COLLATE utf8mb4_0900_ai_ci DEFAULT NULL,
  `board` varchar(50) CHARACTER SET utf8mb4 COLLATE utf8mb4_0900_ai_ci DEFAULT NULL,
  `year_of_pass` int DEFAULT NULL,
  `state` varchar(50) CHARACTER SET utf8mb4 COLLATE utf8mb4_0900_ai_ci DEFAULT NULL,
  `tc_no` varchar(50) CHARACTER SET utf8mb4 COLLATE utf8mb4_0900_ai_ci DEFAULT NULL,
  `tc_date` date DEFAULT NULL,
  `total_marks` decimal(6,2) DEFAULT NULL,
  `status` tinyint(1) DEFAULT '1',
  PRIMARY KEY (`id`) USING BTREE,
  KEY `student_id` (`student_id`) USING BTREE
) ENGINE=InnoDB DEFAULT CHARSET=utf8mb4 COLLATE=utf8mb4_0900_ai_ci ROW_FORMAT=DYNAMIC;



# Dump of table sharing_tracking
# ------------------------------------------------------------

CREATE TABLE `sharing_tracking` (
  `id` int NOT NULL AUTO_INCREMENT,
  `source_curriculum_id` int NOT NULL,
  `target_curriculum_id` int NOT NULL,
  `item_type` varchar(50) CHARACTER SET utf8mb4 COLLATE utf8mb4_0900_ai_ci NOT NULL,
  `source_item_id` int NOT NULL,
  `copied_item_id` int NOT NULL,
  `created_at` timestamp NULL DEFAULT CURRENT_TIMESTAMP,
  PRIMARY KEY (`id`) USING BTREE,
  KEY `idx_source` (`source_curriculum_id`,`item_type`,`source_item_id`) USING BTREE,
  KEY `idx_target` (`target_curriculum_id`,`item_type`) USING BTREE,
  KEY `idx_copied` (`copied_item_id`,`item_type`) USING BTREE
) ENGINE=InnoDB AUTO_INCREMENT=84 DEFAULT CHARSET=utf8mb4 COLLATE=utf8mb4_0900_ai_ci ROW_FORMAT=DYNAMIC;

LOCK TABLES `sharing_tracking` WRITE;
/*!40000 ALTER TABLE `sharing_tracking` DISABLE KEYS */;

INSERT INTO `sharing_tracking` (`id`, `source_curriculum_id`, `target_curriculum_id`, `item_type`, `source_item_id`, `copied_item_id`, `created_at`)
VALUES
	(31,2,3,'mission',2,28,'2025-12-25 06:27:27'),
	(33,2,3,'mission',4,30,'2025-12-25 07:09:15'),
	(34,2,6,'mission',4,31,'2025-12-25 07:09:16'),
	(64,2,3,'peos',1,25,'2025-12-25 19:42:35'),
	(65,2,6,'peos',1,26,'2025-12-25 19:42:35'),
	(76,2,3,'semester',3,33,'2025-12-25 22:19:28'),
	(77,2,6,'semester',3,34,'2025-12-25 22:19:34'),
	(78,2,3,'pos',1,22,'2025-12-25 22:35:55'),
	(79,2,3,'semester',42,33,'2026-01-04 19:26:00'),
	(80,2,3,'semester',43,45,'2026-01-04 19:34:07'),
	(81,2,6,'semester',43,46,'2026-01-04 19:34:12'),
	(82,2,3,'semester',44,45,'2026-01-04 21:49:05'),
	(83,2,6,'semester',44,46,'2026-01-04 21:49:06');

/*!40000 ALTER TABLE `sharing_tracking` ENABLE KEYS */;
UNLOCK TABLES;


# Dump of table student_courses
# ------------------------------------------------------------

CREATE TABLE `student_courses` (
  `id` int NOT NULL AUTO_INCREMENT,
  `student_id` int NOT NULL,
  `course_id` int NOT NULL,
  PRIMARY KEY (`id`) USING BTREE,
  UNIQUE KEY `uq_student_course` (`student_id`,`course_id`) USING BTREE,
  KEY `idx_student_courses_course` (`course_id`) USING BTREE,
  CONSTRAINT `fk_student_courses_course` FOREIGN KEY (`course_id`) REFERENCES `courses` (`id`) ON DELETE CASCADE ON UPDATE CASCADE,
  CONSTRAINT `fk_student_courses_student` FOREIGN KEY (`student_id`) REFERENCES `students` (`id`) ON DELETE CASCADE ON UPDATE CASCADE
) ENGINE=InnoDB AUTO_INCREMENT=2112 DEFAULT CHARSET=utf8mb4 COLLATE=utf8mb4_0900_ai_ci ROW_FORMAT=DYNAMIC;

LOCK TABLES `student_courses` WRITE;
/*!40000 ALTER TABLE `student_courses` DISABLE KEYS */;

INSERT INTO `student_courses` (`id`, `student_id`, `course_id`)
VALUES
	(206,1,153),
	(373,1,199),
	(1024,1,706),
	(1157,1,707),
	(1284,1,708),
	(1422,1,709),
	(1560,1,710),
	(1698,1,711),
	(205,2,153),
	(372,2,199),
	(384,2,208),
	(395,2,211),
	(406,2,213),
	(417,2,218),
	(204,3,153),
	(371,3,199),
	(383,3,208),
	(394,3,211),
	(405,3,213),
	(416,3,218),
	(203,4,153),
	(370,4,199),
	(382,4,208),
	(393,4,211),
	(404,4,213),
	(415,4,218),
	(688,4,349),
	(202,5,153),
	(369,5,199),
	(381,5,208),
	(392,5,211),
	(403,5,213),
	(414,5,218),
	(687,5,349),
	(201,6,153),
	(368,6,199),
	(380,6,208),
	(391,6,211),
	(402,6,213),
	(413,6,218),
	(200,7,153),
	(367,7,199),
	(379,7,208),
	(390,7,211),
	(401,7,213),
	(412,7,218),
	(199,8,153),
	(366,8,199),
	(378,8,208),
	(389,8,211),
	(400,8,213),
	(411,8,218),
	(686,8,349),
	(198,9,153),
	(365,9,199),
	(377,9,208),
	(388,9,211),
	(399,9,213),
	(410,9,218),
	(685,9,349),
	(197,10,153),
	(364,10,199),
	(376,10,208),
	(387,10,211),
	(398,10,213),
	(409,10,218),
	(684,10,349),
	(196,11,153),
	(363,11,199),
	(375,11,208),
	(386,11,211),
	(397,11,213),
	(408,11,218),
	(195,12,153),
	(362,12,199),
	(374,12,208),
	(385,12,211),
	(396,12,213),
	(407,12,218),
	(683,12,349),
	(194,13,153),
	(234,13,188),
	(236,13,190),
	(238,13,191),
	(240,13,192),
	(242,13,193),
	(361,13,199),
	(641,13,267),
	(193,14,153),
	(233,14,188),
	(235,14,190),
	(237,14,191),
	(239,14,192),
	(241,14,193),
	(360,14,199),
	(693,14,460),
	(192,15,153),
	(359,15,199),
	(592,15,256),
	(604,15,258),
	(616,15,260),
	(628,15,261),
	(640,15,263),
	(682,15,346),
	(191,16,153),
	(358,16,199),
	(591,16,256),
	(603,16,258),
	(615,16,260),
	(627,16,261),
	(639,16,263),
	(681,16,346),
	(190,17,153),
	(357,17,199),
	(590,17,256),
	(602,17,258),
	(614,17,260),
	(626,17,261),
	(638,17,263),
	(692,17,402),
	(189,18,153),
	(356,18,199),
	(589,18,256),
	(601,18,258),
	(613,18,260),
	(625,18,261),
	(637,18,263),
	(691,18,402),
	(188,19,153),
	(355,19,199),
	(588,19,256),
	(600,19,258),
	(612,19,260),
	(624,19,261),
	(636,19,263),
	(680,19,346),
	(187,20,153),
	(354,20,199),
	(587,20,256),
	(599,20,258),
	(611,20,260),
	(623,20,261),
	(635,20,263),
	(679,20,346),
	(186,21,153),
	(353,21,199),
	(586,21,256),
	(598,21,258),
	(610,21,260),
	(622,21,261),
	(634,21,263),
	(678,21,346),
	(185,22,153),
	(352,22,199),
	(585,22,256),
	(597,22,258),
	(609,22,260),
	(621,22,261),
	(633,22,263),
	(690,22,402),
	(184,23,153),
	(351,23,199),
	(584,23,256),
	(596,23,258),
	(608,23,260),
	(620,23,261),
	(632,23,263),
	(677,23,346),
	(183,24,153),
	(350,24,199),
	(583,24,256),
	(595,24,258),
	(607,24,260),
	(619,24,261),
	(631,24,263),
	(676,24,346),
	(182,25,153),
	(349,25,199),
	(582,25,256),
	(594,25,258),
	(606,25,260),
	(618,25,261),
	(630,25,263),
	(689,25,402),
	(181,26,153),
	(348,26,199),
	(581,26,256),
	(593,26,258),
	(605,26,260),
	(617,26,261),
	(629,26,263),
	(675,26,346),
	(180,27,153),
	(715,27,614),
	(1172,27,714),
	(1310,27,715),
	(1448,27,716),
	(1586,27,717),
	(1724,27,718),
	(1836,27,719),
	(179,28,153),
	(714,28,614),
	(1173,28,714),
	(1311,28,715),
	(1449,28,716),
	(1587,28,717),
	(1725,28,718),
	(1837,28,719),
	(178,29,153),
	(713,29,614),
	(1174,29,714),
	(1312,29,715),
	(1450,29,716),
	(1588,29,717),
	(1726,29,718),
	(1838,29,719),
	(177,30,153),
	(712,30,614),
	(1175,30,714),
	(1313,30,715),
	(1451,30,716),
	(1589,30,717),
	(1727,30,718),
	(1839,30,719),
	(176,31,153),
	(711,31,614),
	(1176,31,714),
	(1314,31,715),
	(1452,31,716),
	(1590,31,717),
	(1728,31,718),
	(1840,31,719),
	(175,32,153),
	(710,32,614),
	(1177,32,714),
	(1315,32,715),
	(1453,32,716),
	(1591,32,717),
	(1729,32,718),
	(1841,32,719),
	(174,33,153),
	(709,33,614),
	(1178,33,714),
	(1316,33,715),
	(1454,33,716),
	(1592,33,717),
	(1730,33,718),
	(1842,33,719),
	(173,34,153),
	(219,34,163),
	(232,34,177),
	(347,34,199),
	(708,34,613),
	(1455,34,698),
	(1593,34,699),
	(1731,34,700),
	(172,35,153),
	(218,35,163),
	(231,35,177),
	(346,35,199),
	(707,35,613),
	(1456,35,698),
	(1594,35,699),
	(1732,35,700),
	(171,36,153),
	(217,36,163),
	(230,36,177),
	(345,36,199),
	(695,36,610),
	(701,36,612),
	(1457,36,698),
	(1595,36,699),
	(1733,36,700),
	(170,37,153),
	(216,37,163),
	(229,37,177),
	(344,37,199),
	(699,37,611),
	(1458,37,698),
	(1596,37,699),
	(1734,37,700),
	(169,38,153),
	(215,38,163),
	(228,38,177),
	(343,38,199),
	(706,38,613),
	(1459,38,698),
	(1597,38,699),
	(1735,38,700),
	(168,39,153),
	(214,39,163),
	(227,39,177),
	(342,39,199),
	(705,39,613),
	(1460,39,698),
	(1598,39,699),
	(1736,39,700),
	(167,40,153),
	(213,40,163),
	(226,40,177),
	(341,40,199),
	(704,40,613),
	(1461,40,698),
	(1599,40,699),
	(1737,40,700),
	(166,41,153),
	(212,41,163),
	(225,41,177),
	(340,41,199),
	(698,41,611),
	(1462,41,698),
	(1600,41,699),
	(1738,41,700),
	(165,42,153),
	(211,42,163),
	(224,42,177),
	(339,42,199),
	(697,42,611),
	(1463,42,698),
	(1601,42,699),
	(1739,42,700),
	(164,43,153),
	(210,43,163),
	(223,43,177),
	(338,43,199),
	(703,43,613),
	(1464,43,698),
	(1602,43,699),
	(1740,43,700),
	(163,44,153),
	(209,44,163),
	(222,44,177),
	(337,44,199),
	(702,44,613),
	(1465,44,698),
	(1603,44,699),
	(1741,44,700),
	(162,45,153),
	(208,45,163),
	(221,45,177),
	(336,45,199),
	(694,45,610),
	(700,45,612),
	(1466,45,698),
	(1604,45,699),
	(1742,45,700),
	(161,46,153),
	(207,46,163),
	(220,46,177),
	(335,46,199),
	(696,46,611),
	(1467,46,698),
	(1605,46,699),
	(1743,46,700),
	(160,47,153),
	(334,47,199),
	(752,47,682),
	(1330,47,685),
	(1468,47,686),
	(1606,47,687),
	(1744,47,688),
	(1192,47,702),
	(159,48,153),
	(333,48,199),
	(741,48,681),
	(1331,48,685),
	(1469,48,686),
	(1607,48,687),
	(1745,48,688),
	(1193,48,702),
	(158,49,153),
	(332,49,199),
	(740,49,681),
	(1332,49,685),
	(1470,49,686),
	(1608,49,687),
	(1746,49,688),
	(1194,49,702),
	(157,50,153),
	(331,50,199),
	(751,50,682),
	(1333,50,685),
	(1471,50,686),
	(1609,50,687),
	(1747,50,688),
	(1195,50,702),
	(156,51,153),
	(330,51,199),
	(739,51,681),
	(1334,51,685),
	(1472,51,686),
	(1610,51,687),
	(1748,51,688),
	(1196,51,702),
	(155,52,153),
	(329,52,199),
	(750,52,682),
	(1335,52,685),
	(1473,52,686),
	(1611,52,687),
	(1749,52,688),
	(1197,52,702),
	(154,53,153),
	(328,53,199),
	(749,53,682),
	(1336,53,685),
	(1474,53,686),
	(1612,53,687),
	(1750,53,688),
	(1198,53,702),
	(153,54,153),
	(327,54,199),
	(748,54,682),
	(1337,54,685),
	(1475,54,686),
	(1613,54,687),
	(1751,54,688),
	(1199,54,702),
	(152,55,153),
	(326,55,199),
	(738,55,681),
	(1338,55,685),
	(1476,55,686),
	(1614,55,687),
	(1752,55,688),
	(1200,55,702),
	(151,56,153),
	(325,56,199),
	(737,56,681),
	(1339,56,685),
	(1477,56,686),
	(1615,56,687),
	(1753,56,688),
	(1201,56,702),
	(150,57,153),
	(324,57,199),
	(736,57,681),
	(1340,57,685),
	(1478,57,686),
	(1616,57,687),
	(1754,57,688),
	(1202,57,702),
	(149,58,153),
	(323,58,199),
	(735,58,681),
	(1341,58,685),
	(1479,58,686),
	(1617,58,687),
	(1755,58,688),
	(1203,58,702),
	(148,59,153),
	(322,59,199),
	(734,59,681),
	(1342,59,685),
	(1480,59,686),
	(1618,59,687),
	(1756,59,688),
	(1204,59,702),
	(147,60,153),
	(321,60,199),
	(747,60,682),
	(1343,60,685),
	(1481,60,686),
	(1619,60,687),
	(1757,60,688),
	(1205,60,702),
	(146,61,153),
	(320,61,199),
	(733,61,681),
	(1344,61,685),
	(1482,61,686),
	(1620,61,687),
	(1758,61,688),
	(1206,61,702),
	(145,62,153),
	(319,62,199),
	(732,62,681),
	(1345,62,685),
	(1483,62,686),
	(1621,62,687),
	(1759,62,688),
	(1207,62,702),
	(144,63,153),
	(318,63,199),
	(746,63,682),
	(1346,63,685),
	(1484,63,686),
	(1622,63,687),
	(1760,63,688),
	(1208,63,702),
	(143,64,153),
	(317,64,199),
	(745,64,682),
	(1347,64,685),
	(1485,64,686),
	(1623,64,687),
	(1761,64,688),
	(1209,64,702),
	(142,65,153),
	(316,65,199),
	(744,65,682),
	(1348,65,685),
	(1486,65,686),
	(1624,65,687),
	(1762,65,688),
	(1210,65,702),
	(141,66,153),
	(315,66,199),
	(731,66,681),
	(1349,66,685),
	(1487,66,686),
	(1625,66,687),
	(1763,66,688),
	(1211,66,702),
	(140,67,153),
	(314,67,199),
	(743,67,682),
	(1350,67,685),
	(1488,67,686),
	(1626,67,687),
	(1764,67,688),
	(1212,67,702),
	(139,68,153),
	(313,68,199),
	(742,68,682),
	(1351,68,685),
	(1489,68,686),
	(1627,68,687),
	(1765,68,688),
	(1213,68,702),
	(138,69,153),
	(312,69,199),
	(439,69,221),
	(461,69,226),
	(500,69,235),
	(730,69,680),
	(1628,69,712),
	(1214,69,713),
	(137,70,153),
	(311,70,199),
	(438,70,221),
	(460,70,226),
	(499,70,235),
	(674,70,339),
	(1629,70,712),
	(1215,70,713),
	(136,71,153),
	(310,71,199),
	(437,71,221),
	(459,71,226),
	(498,71,235),
	(673,71,339),
	(1630,71,712),
	(1216,71,713),
	(135,72,153),
	(309,72,199),
	(436,72,221),
	(458,72,226),
	(497,72,235),
	(672,72,339),
	(1631,72,712),
	(1217,72,713),
	(134,73,153),
	(308,73,199),
	(435,73,221),
	(457,73,226),
	(496,73,235),
	(671,73,339),
	(1632,73,712),
	(1218,73,713),
	(133,74,153),
	(307,74,199),
	(434,74,221),
	(456,74,226),
	(495,74,235),
	(670,74,339),
	(1633,74,712),
	(1219,74,713),
	(132,75,153),
	(306,75,199),
	(433,75,221),
	(455,75,226),
	(494,75,235),
	(729,75,680),
	(1634,75,712),
	(1220,75,713),
	(131,76,153),
	(305,76,199),
	(432,76,221),
	(454,76,226),
	(493,76,235),
	(728,76,680),
	(1635,76,712),
	(1221,76,713),
	(130,77,153),
	(304,77,199),
	(431,77,221),
	(453,77,226),
	(492,77,235),
	(669,77,339),
	(1636,77,712),
	(1222,77,713),
	(129,78,153),
	(303,78,199),
	(430,78,221),
	(452,78,226),
	(491,78,235),
	(668,78,339),
	(1637,78,712),
	(1223,78,713),
	(128,79,153),
	(302,79,199),
	(429,79,221),
	(451,79,226),
	(490,79,235),
	(727,79,680),
	(1638,79,712),
	(1224,79,713),
	(127,80,153),
	(301,80,199),
	(428,80,221),
	(450,80,226),
	(489,80,235),
	(726,80,680),
	(1639,80,712),
	(1225,80,713),
	(126,81,153),
	(300,81,199),
	(427,81,221),
	(449,81,226),
	(488,81,235),
	(725,81,680),
	(1640,81,712),
	(1226,81,713),
	(125,82,153),
	(299,82,199),
	(426,82,221),
	(448,82,226),
	(487,82,235),
	(667,82,339),
	(1641,82,712),
	(1227,82,713),
	(124,83,153),
	(298,83,199),
	(425,83,221),
	(447,83,226),
	(486,83,235),
	(724,83,680),
	(1642,83,712),
	(1228,83,713),
	(123,84,153),
	(297,84,199),
	(424,84,221),
	(446,84,226),
	(485,84,235),
	(723,84,680),
	(1643,84,712),
	(1229,84,713),
	(122,85,153),
	(296,85,199),
	(423,85,221),
	(445,85,226),
	(484,85,235),
	(666,85,339),
	(1644,85,712),
	(1230,85,713),
	(121,86,153),
	(295,86,199),
	(422,86,221),
	(444,86,226),
	(483,86,235),
	(722,86,680),
	(1645,86,712),
	(1231,86,713),
	(120,87,153),
	(294,87,199),
	(421,87,221),
	(443,87,226),
	(482,87,235),
	(665,87,339),
	(1646,87,712),
	(1232,87,713),
	(119,88,153),
	(293,88,199),
	(420,88,221),
	(442,88,226),
	(481,88,235),
	(664,88,339),
	(1647,88,712),
	(1233,88,713),
	(118,89,153),
	(292,89,199),
	(419,89,221),
	(441,89,226),
	(480,89,235),
	(663,89,339),
	(1648,89,712),
	(1234,89,713),
	(117,90,153),
	(291,90,199),
	(418,90,221),
	(440,90,226),
	(479,90,235),
	(662,90,339),
	(1649,90,712),
	(1235,90,713),
	(116,91,153),
	(290,91,199),
	(721,91,679),
	(1374,91,689),
	(1512,91,690),
	(1650,91,691),
	(1788,91,692),
	(1236,91,703),
	(115,92,153),
	(289,92,199),
	(720,92,679),
	(1375,92,689),
	(1513,92,690),
	(1651,92,691),
	(1789,92,692),
	(1237,92,703),
	(114,93,153),
	(288,93,199),
	(719,93,679),
	(1376,93,689),
	(1514,93,690),
	(1652,93,691),
	(1790,93,692),
	(1238,93,703),
	(113,94,153),
	(287,94,199),
	(718,94,679),
	(1377,94,689),
	(1515,94,690),
	(1653,94,691),
	(1791,94,692),
	(1239,94,703),
	(112,95,153),
	(286,95,199),
	(717,95,679),
	(1378,95,689),
	(1516,95,690),
	(1654,95,691),
	(1792,95,692),
	(1240,95,703),
	(111,96,153),
	(285,96,199),
	(716,96,679),
	(1379,96,689),
	(1517,96,690),
	(1655,96,691),
	(1793,96,692),
	(1241,96,703),
	(110,97,153),
	(284,97,199),
	(520,97,243),
	(540,97,245),
	(560,97,247),
	(580,97,249),
	(661,97,334),
	(1794,97,701),
	(109,98,153),
	(283,98,199),
	(519,98,243),
	(539,98,245),
	(559,98,247),
	(579,98,249),
	(646,98,333),
	(1795,98,701),
	(108,99,153),
	(282,99,199),
	(518,99,243),
	(538,99,245),
	(558,99,247),
	(578,99,249),
	(660,99,334),
	(1796,99,701),
	(107,100,153),
	(281,100,199),
	(517,100,243),
	(537,100,245),
	(557,100,247),
	(577,100,249),
	(645,100,333),
	(1797,100,701),
	(106,101,153),
	(280,101,199),
	(516,101,243),
	(536,101,245),
	(556,101,247),
	(576,101,249),
	(659,101,334),
	(1798,101,701),
	(105,102,153),
	(279,102,199),
	(515,102,243),
	(535,102,245),
	(555,102,247),
	(575,102,249),
	(658,102,334),
	(1799,102,701),
	(104,103,153),
	(278,103,199),
	(514,103,243),
	(534,103,245),
	(554,103,247),
	(574,103,249),
	(657,103,334),
	(1800,103,701),
	(103,104,153),
	(277,104,199),
	(513,104,243),
	(533,104,245),
	(553,104,247),
	(573,104,249),
	(656,104,334),
	(1801,104,701),
	(102,105,153),
	(276,105,199),
	(512,105,243),
	(532,105,245),
	(552,105,247),
	(572,105,249),
	(644,105,333),
	(1802,105,701),
	(101,106,153),
	(275,106,199),
	(511,106,243),
	(531,106,245),
	(551,106,247),
	(571,106,249),
	(655,106,334),
	(1803,106,701),
	(100,107,153),
	(274,107,199),
	(510,107,243),
	(530,107,245),
	(550,107,247),
	(570,107,249),
	(654,107,334),
	(1804,107,701),
	(99,108,153),
	(273,108,199),
	(509,108,243),
	(529,108,245),
	(549,108,247),
	(569,108,249),
	(653,108,334),
	(1805,108,701),
	(98,109,153),
	(272,109,199),
	(508,109,243),
	(528,109,245),
	(548,109,247),
	(568,109,249),
	(652,109,334),
	(1806,109,701),
	(97,110,153),
	(271,110,199),
	(507,110,243),
	(527,110,245),
	(547,110,247),
	(567,110,249),
	(643,110,333),
	(1807,110,701),
	(96,111,153),
	(270,111,199),
	(506,111,243),
	(526,111,245),
	(546,111,247),
	(566,111,249),
	(651,111,334),
	(1808,111,701),
	(95,112,153),
	(269,112,199),
	(505,112,243),
	(525,112,245),
	(545,112,247),
	(565,112,249),
	(650,112,334),
	(1809,112,701),
	(94,113,153),
	(268,113,199),
	(504,113,243),
	(524,113,245),
	(544,113,247),
	(564,113,249),
	(649,113,334),
	(1810,113,701),
	(93,114,153),
	(267,114,199),
	(503,114,243),
	(523,114,245),
	(543,114,247),
	(563,114,249),
	(648,114,334),
	(1811,114,701),
	(92,115,153),
	(266,115,199),
	(502,115,243),
	(522,115,245),
	(542,115,247),
	(562,115,249),
	(647,115,334),
	(1812,115,701),
	(91,116,153),
	(265,116,199),
	(501,116,243),
	(521,116,245),
	(541,116,247),
	(561,116,249),
	(642,116,333),
	(1813,116,701),
	(17,117,146),
	(34,117,148),
	(51,117,149),
	(68,117,151),
	(90,117,153),
	(264,117,199),
	(478,117,227),
	(1262,117,704),
	(16,118,146),
	(33,118,148),
	(50,118,149),
	(67,118,151),
	(89,118,153),
	(263,118,199),
	(477,118,227),
	(1263,118,704),
	(15,119,146),
	(32,119,148),
	(49,119,149),
	(66,119,151),
	(88,119,153),
	(262,119,199),
	(476,119,227),
	(1264,119,704),
	(14,120,146),
	(31,120,148),
	(48,120,149),
	(65,120,151),
	(87,120,153),
	(261,120,199),
	(475,120,227),
	(1265,120,704),
	(13,121,146),
	(30,121,148),
	(47,121,149),
	(64,121,151),
	(86,121,153),
	(260,121,199),
	(474,121,227),
	(1266,121,704),
	(12,122,146),
	(29,122,148),
	(46,122,149),
	(63,122,151),
	(85,122,153),
	(259,122,199),
	(473,122,227),
	(1267,122,704),
	(11,123,146),
	(28,123,148),
	(45,123,149),
	(62,123,151),
	(84,123,153),
	(258,123,199),
	(472,123,227),
	(1268,123,704),
	(10,124,146),
	(27,124,148),
	(44,124,149),
	(61,124,151),
	(83,124,153),
	(257,124,199),
	(471,124,227),
	(1269,124,704),
	(9,125,146),
	(26,125,148),
	(43,125,149),
	(60,125,151),
	(82,125,153),
	(256,125,199),
	(470,125,227),
	(1270,125,704),
	(8,126,146),
	(25,126,148),
	(42,126,149),
	(59,126,151),
	(81,126,153),
	(255,126,199),
	(469,126,227),
	(1271,126,704),
	(7,127,146),
	(24,127,148),
	(41,127,149),
	(58,127,151),
	(80,127,153),
	(254,127,199),
	(468,127,227),
	(1272,127,704),
	(6,128,146),
	(23,128,148),
	(40,128,149),
	(57,128,151),
	(79,128,153),
	(253,128,199),
	(467,128,227),
	(1273,128,704),
	(5,129,146),
	(22,129,148),
	(39,129,149),
	(56,129,151),
	(78,129,153),
	(252,129,199),
	(466,129,227),
	(1274,129,704),
	(4,130,146),
	(21,130,148),
	(38,130,149),
	(55,130,151),
	(77,130,153),
	(251,130,199),
	(465,130,227),
	(1275,130,704),
	(3,131,146),
	(20,131,148),
	(37,131,149),
	(54,131,151),
	(76,131,153),
	(250,131,199),
	(464,131,227),
	(1276,131,704),
	(2,132,146),
	(19,132,148),
	(36,132,149),
	(53,132,151),
	(75,132,153),
	(249,132,199),
	(463,132,227),
	(1277,132,704),
	(1,133,146),
	(18,133,148),
	(35,133,149),
	(52,133,151),
	(74,133,153),
	(248,133,199),
	(462,133,227),
	(1278,133,704),
	(73,134,153),
	(247,134,199),
	(1417,134,693),
	(1555,134,694),
	(1693,134,695),
	(1831,134,696),
	(1152,134,697),
	(1279,134,705),
	(72,135,153),
	(246,135,199),
	(1418,135,693),
	(1556,135,694),
	(1694,135,695),
	(1832,135,696),
	(1153,135,697),
	(1280,135,705),
	(71,136,153),
	(245,136,199),
	(1419,136,693),
	(1557,136,694),
	(1695,136,695),
	(1833,136,696),
	(1154,136,697),
	(1281,136,705),
	(70,137,153),
	(244,137,199),
	(1420,137,693),
	(1558,137,694),
	(1696,137,695),
	(1834,137,696),
	(1155,137,697),
	(1282,137,705),
	(69,138,153),
	(243,138,199),
	(1421,138,693),
	(1559,138,694),
	(1697,138,695),
	(1835,138,696),
	(1156,138,697),
	(1283,138,705);

/*!40000 ALTER TABLE `student_courses` ENABLE KEYS */;
UNLOCK TABLES;


# Dump of table student_elective_choices
# ------------------------------------------------------------

CREATE TABLE `student_elective_choices` (
  `id` int NOT NULL AUTO_INCREMENT,
  `student_id` int NOT NULL,
  `hod_selection_id` int NOT NULL COMMENT 'References hod_elective_selections',
  `semester` int NOT NULL,
  `academic_year` varchar(20) CHARACTER SET utf8mb4 COLLATE utf8mb4_0900_ai_ci NOT NULL,
  `choice_order` int DEFAULT '1' COMMENT 'Priority if multiple electives in same category (1=first choice)',
  `status` enum('PENDING','CONFIRMED','REJECTED','WAITLISTED') CHARACTER SET utf8mb4 COLLATE utf8mb4_0900_ai_ci DEFAULT 'PENDING',
  `selected_at` timestamp NULL DEFAULT CURRENT_TIMESTAMP,
  `confirmed_at` timestamp NULL DEFAULT NULL,
  PRIMARY KEY (`id`) USING BTREE,
  UNIQUE KEY `unique_student_hod_selection` (`student_id`,`hod_selection_id`) USING BTREE,
  KEY `idx_student` (`student_id`) USING BTREE,
  KEY `idx_semester` (`semester`) USING BTREE,
  KEY `idx_academic_year` (`academic_year`) USING BTREE,
  KEY `idx_status` (`status`) USING BTREE,
  KEY `fk_student_choice_hod_selection` (`hod_selection_id`) USING BTREE,
  KEY `idx_student_sem_year` (`student_id`,`semester`,`academic_year`) USING BTREE
) ENGINE=InnoDB DEFAULT CHARSET=utf8mb4 COLLATE=utf8mb4_0900_ai_ci ROW_FORMAT=DYNAMIC;



# Dump of table student_eligible_honour_minor
# ------------------------------------------------------------

CREATE TABLE `student_eligible_honour_minor` (
  `id` int NOT NULL AUTO_INCREMENT,
  `student_email` varchar(255) CHARACTER SET utf8mb4 COLLATE utf8mb4_unicode_ci NOT NULL,
  `created_at` timestamp NULL DEFAULT CURRENT_TIMESTAMP,
  `updated_at` timestamp NULL DEFAULT CURRENT_TIMESTAMP ON UPDATE CURRENT_TIMESTAMP,
  PRIMARY KEY (`id`) USING BTREE,
  UNIQUE KEY `student_email` (`student_email`) USING BTREE,
  KEY `idx_student_email` (`student_email`) USING BTREE
) ENGINE=InnoDB DEFAULT CHARSET=utf8mb4 COLLATE=utf8mb4_unicode_ci ROW_FORMAT=DYNAMIC;



# Dump of table student_enrollments
# ------------------------------------------------------------

CREATE TABLE `student_enrollments` (
  `id` int NOT NULL AUTO_INCREMENT,
  `student_id` int NOT NULL,
  `course_id` int NOT NULL,
  `academic_year` varchar(20) CHARACTER SET utf8mb4 COLLATE utf8mb4_0900_ai_ci NOT NULL COMMENT 'e.g., "2025-2026"',
  `semester` int NOT NULL COMMENT 'Semester number 1-8',
  `enrollment_status` varchar(50) CHARACTER SET utf8mb4 COLLATE utf8mb4_0900_ai_ci DEFAULT 'enrolled' COMMENT 'enrolled, dropped, completed',
  `created_at` timestamp NULL DEFAULT CURRENT_TIMESTAMP,
  `updated_at` timestamp NULL DEFAULT CURRENT_TIMESTAMP ON UPDATE CURRENT_TIMESTAMP,
  PRIMARY KEY (`id`) USING BTREE,
  KEY `idx_student_id` (`student_id`) USING BTREE,
  KEY `idx_course_id` (`course_id`) USING BTREE,
  KEY `idx_academic_year_semester` (`academic_year`,`semester`) USING BTREE,
  KEY `idx_student_course_year_sem` (`student_id`,`course_id`,`academic_year`,`semester`) USING BTREE,
  CONSTRAINT `fk_se_course` FOREIGN KEY (`course_id`) REFERENCES `courses` (`id`) ON DELETE CASCADE ON UPDATE CASCADE,
  CONSTRAINT `fk_se_student` FOREIGN KEY (`student_id`) REFERENCES `students` (`id`) ON DELETE CASCADE ON UPDATE CASCADE
) ENGINE=InnoDB DEFAULT CHARSET=utf8mb4 COLLATE=utf8mb4_0900_ai_ci ROW_FORMAT=DYNAMIC;



# Dump of table student_marks
# ------------------------------------------------------------

CREATE TABLE `student_marks` (
  `id` int NOT NULL AUTO_INCREMENT,
  `course_id` int NOT NULL,
  `student_id` int NOT NULL,
  `faculty_id` varchar(50) CHARACTER SET utf8mb4 COLLATE utf8mb4_0900_ai_ci DEFAULT NULL,
  `assessment_component_id` int NOT NULL,
  `obtained_marks` decimal(6,2) DEFAULT NULL,
  `converted_marks` decimal(6,2) DEFAULT NULL,
  `status` tinyint(1) DEFAULT '1',
  PRIMARY KEY (`id`) USING BTREE,
  UNIQUE KEY `uq_student_course_component` (`student_id`,`course_id`,`assessment_component_id`),
  KEY `idx_course_id` (`course_id`) USING BTREE,
  KEY `idx_student_id` (`student_id`) USING BTREE,
  KEY `idx_assessment_component_id` (`assessment_component_id`) USING BTREE
) ENGINE=InnoDB AUTO_INCREMENT=1754 DEFAULT CHARSET=utf8mb4 COLLATE=utf8mb4_0900_ai_ci ROW_FORMAT=DYNAMIC;

LOCK TABLES `student_marks` WRITE;
/*!40000 ALTER TABLE `student_marks` DISABLE KEYS */;

INSERT INTO `student_marks` (`id`, `course_id`, `student_id`, `faculty_id`, `assessment_component_id`, `obtained_marks`, `converted_marks`, `status`)
VALUES
	(1593,146,117,'AU10645',1,1.00,0.25,1),
	(1594,146,117,'AU10645',65,3.00,0.75,1),
	(1595,146,117,'AU10645',66,1.00,0.20,1),
	(1596,146,118,'AU10645',66,1.00,0.20,1),
	(1597,146,118,'AU10645',65,1.00,0.25,1),
	(1598,146,118,'AU10645',1,1.00,0.25,1),
	(1599,146,119,'AU10645',1,11.00,2.75,1),
	(1601,146,119,'AU10645',66,1.00,0.20,1),
	(1602,146,119,'AU10645',65,1.00,0.25,1),
	(1603,146,120,'AU10645',65,1.00,0.25,1),
	(1604,146,120,'AU10645',66,1.00,0.20,1),
	(1605,146,120,'AU10645',1,1.00,0.25,1),
	(1606,146,121,'AU10645',1,1.00,0.25,1),
	(1607,146,121,'AU10645',65,1.00,0.25,1),
	(1608,146,121,'AU10645',66,1.00,0.20,1),
	(1609,146,122,'AU10645',66,1.00,0.20,1),
	(1610,146,123,'AU10645',66,1.00,0.20,1),
	(1611,146,133,'AU10645',66,1.00,0.20,1),
	(1612,146,124,'AU10645',66,1.00,0.20,1),
	(1613,146,124,'AU10645',65,1.00,0.25,1),
	(1614,146,133,'AU10645',65,1.00,0.25,1),
	(1615,146,123,'AU10645',65,1.00,0.25,1),
	(1616,146,122,'AU10645',65,1.00,0.25,1),
	(1617,146,122,'AU10645',1,1.00,0.25,1),
	(1618,146,123,'AU10645',1,1.00,0.25,1),
	(1619,146,133,'AU10645',1,1.00,0.25,1),
	(1620,146,124,'AU10645',1,1.00,0.25,1),
	(1621,146,125,'AU10645',1,1.00,0.25,1),
	(1622,146,125,'AU10645',65,1.00,0.25,1),
	(1623,146,125,'AU10645',66,1.00,0.20,1),
	(1624,146,126,'AU10645',66,1.00,0.20,1),
	(1625,146,127,'AU10645',66,1.00,0.20,1),
	(1626,146,127,'AU10645',65,1.00,0.25,1),
	(1627,146,126,'AU10645',65,1.00,0.25,1),
	(1628,146,126,'AU10645',1,1.00,0.25,1),
	(1629,146,127,'AU10645',1,1.00,0.25,1),
	(1631,146,128,'AU10645',1,1.00,0.25,1),
	(1632,146,128,'AU10645',65,1.00,0.25,1),
	(1633,146,128,'AU10645',66,1.00,0.20,1),
	(1634,146,129,'AU10645',66,1.00,0.20,1),
	(1635,146,129,'AU10645',65,1.00,0.25,1),
	(1636,146,129,'AU10645',1,1.00,0.25,1),
	(1637,146,130,'AU10645',1,11.00,2.75,1),
	(1639,146,131,'AU10645',1,1.00,0.25,1),
	(1640,146,132,'AU10645',1,1.00,0.25,1),
	(1641,146,132,'AU10645',65,1.00,0.25,1),
	(1642,146,131,'AU10645',65,1.00,0.25,1),
	(1643,146,130,'AU10645',65,1.00,0.25,1),
	(1644,146,130,'AU10645',66,1.00,0.20,1),
	(1645,146,131,'AU10645',66,1.00,0.20,1),
	(1647,146,132,'AU10645',66,1.00,0.20,1),
	(1699,199,13,'90',1,11.00,2.75,1),
	(1700,199,13,'90',65,5.00,1.25,1),
	(1701,199,13,'90',66,7.00,1.40,1);

/*!40000 ALTER TABLE `student_marks` ENABLE KEYS */;
UNLOCK TABLES;


# Dump of table student_teacher_mapping
# ------------------------------------------------------------

CREATE TABLE `student_teacher_mapping` (
  `id` int NOT NULL AUTO_INCREMENT,
  `student_id` int NOT NULL,
  `teacher_id` bigint unsigned NOT NULL,
  `department_id` int NOT NULL,
  `year` int NOT NULL,
  `academic_year` varchar(50) CHARACTER SET utf8mb4 COLLATE utf8mb4_0900_ai_ci NOT NULL,
  `created_at` timestamp NULL DEFAULT CURRENT_TIMESTAMP,
  `updated_at` timestamp NULL DEFAULT CURRENT_TIMESTAMP ON UPDATE CURRENT_TIMESTAMP,
  PRIMARY KEY (`id`) USING BTREE,
  UNIQUE KEY `unique_student_year` (`student_id`,`year`,`academic_year`) USING BTREE,
  KEY `idx_teacher` (`teacher_id`) USING BTREE,
  KEY `idx_department_year` (`department_id`,`year`) USING BTREE
) ENGINE=InnoDB DEFAULT CHARSET=utf8mb4 COLLATE=utf8mb4_0900_ai_ci ROW_FORMAT=DYNAMIC;



# Dump of table students
# ------------------------------------------------------------

CREATE TABLE `students` (
  `id` int NOT NULL AUTO_INCREMENT,
  `enrollment_no` varchar(50) CHARACTER SET utf8mb4 COLLATE utf8mb4_0900_ai_ci DEFAULT NULL,
  `email` varchar(100) CHARACTER SET utf8mb4 COLLATE utf8mb4_0900_ai_ci DEFAULT NULL,
  `register_no` varchar(50) CHARACTER SET utf8mb4 COLLATE utf8mb4_0900_ai_ci DEFAULT NULL,
  `dte_reg_no` varchar(50) CHARACTER SET utf8mb4 COLLATE utf8mb4_0900_ai_ci DEFAULT NULL,
  `application_no` varchar(50) CHARACTER SET utf8mb4 COLLATE utf8mb4_0900_ai_ci DEFAULT NULL,
  `admission_no` varchar(50) CHARACTER SET utf8mb4 COLLATE utf8mb4_0900_ai_ci DEFAULT NULL,
  `student_name` varchar(100) CHARACTER SET utf8mb4 COLLATE utf8mb4_0900_ai_ci NOT NULL,
  `gender` enum('Male','Female','Other') CHARACTER SET utf8mb4 COLLATE utf8mb4_0900_ai_ci DEFAULT NULL,
  `dob` date DEFAULT NULL,
  `age` int DEFAULT NULL,
  `father_name` varchar(100) CHARACTER SET utf8mb4 COLLATE utf8mb4_0900_ai_ci DEFAULT NULL,
  `mother_name` varchar(100) CHARACTER SET utf8mb4 COLLATE utf8mb4_0900_ai_ci DEFAULT NULL,
  `guardian_name` varchar(100) CHARACTER SET utf8mb4 COLLATE utf8mb4_0900_ai_ci DEFAULT NULL,
  `religion` varchar(50) CHARACTER SET utf8mb4 COLLATE utf8mb4_0900_ai_ci DEFAULT NULL,
  `nationality` varchar(50) CHARACTER SET utf8mb4 COLLATE utf8mb4_0900_ai_ci DEFAULT NULL,
  `community` varchar(50) CHARACTER SET utf8mb4 COLLATE utf8mb4_0900_ai_ci DEFAULT NULL,
  `mother_tongue` varchar(50) CHARACTER SET utf8mb4 COLLATE utf8mb4_0900_ai_ci DEFAULT NULL,
  `blood_group` varchar(5) CHARACTER SET utf8mb4 COLLATE utf8mb4_0900_ai_ci DEFAULT NULL,
  `aadhar_no` char(12) CHARACTER SET utf8mb4 COLLATE utf8mb4_0900_ai_ci DEFAULT NULL,
  `parent_occupation` varchar(100) CHARACTER SET utf8mb4 COLLATE utf8mb4_0900_ai_ci DEFAULT NULL,
  `designation` varchar(100) CHARACTER SET utf8mb4 COLLATE utf8mb4_0900_ai_ci DEFAULT NULL,
  `place_of_work` varchar(100) CHARACTER SET utf8mb4 COLLATE utf8mb4_0900_ai_ci DEFAULT NULL,
  `parent_income` decimal(10,2) DEFAULT NULL,
  `status` tinyint(1) DEFAULT '1',
  `department_id` int DEFAULT NULL,
  `learning_mode_id` int DEFAULT NULL,
  PRIMARY KEY (`id`) USING BTREE,
  KEY `fk_students_department` (`department_id`) USING BTREE,
  KEY `fk_students_learning_mode` (`learning_mode_id`) USING BTREE,
  CONSTRAINT `fk_students_department` FOREIGN KEY (`department_id`) REFERENCES `departments` (`id`) ON DELETE CASCADE ON UPDATE CASCADE,
  CONSTRAINT `fk_students_learning_mode` FOREIGN KEY (`learning_mode_id`) REFERENCES `learning_modes` (`id`) ON DELETE SET NULL ON UPDATE CASCADE
) ENGINE=InnoDB AUTO_INCREMENT=256 DEFAULT CHARSET=utf8mb4 COLLATE=utf8mb4_0900_ai_ci ROW_FORMAT=DYNAMIC;

LOCK TABLES `students` WRITE;
/*!40000 ALTER TABLE `students` DISABLE KEYS */;

INSERT INTO `students` (`id`, `enrollment_no`, `email`, `register_no`, `dte_reg_no`, `application_no`, `admission_no`, `student_name`, `gender`, `dob`, `age`, `father_name`, `mother_name`, `guardian_name`, `religion`, `nationality`, `community`, `mother_tongue`, `blood_group`, `aadhar_no`, `parent_occupation`, `designation`, `place_of_work`, `parent_income`, `status`, `department_id`, `learning_mode_id`)
VALUES
	(1,'2024UAG1012','mohamedrajikm.ag24@bitsathy.ac.in','7376242AG112',NULL,NULL,NULL,'MOHAMED RAJIK M',NULL,NULL,NULL,NULL,NULL,NULL,NULL,NULL,NULL,NULL,NULL,NULL,NULL,NULL,NULL,NULL,1,1,1),
	(2,'2024UAD1114','chinnamanib.ad24@bitsathy.ac.in','7376242AD130',NULL,NULL,NULL,'CHINNAMANI B',NULL,NULL,NULL,NULL,NULL,NULL,NULL,NULL,NULL,NULL,NULL,NULL,NULL,NULL,NULL,NULL,1,2,1),
	(3,'2024UAD1006','deepakkr.ad24@bitsathy.ac.in','7376242AD137',NULL,NULL,NULL,'DEEPAK K',NULL,NULL,NULL,NULL,NULL,NULL,NULL,NULL,NULL,NULL,NULL,NULL,NULL,NULL,NULL,NULL,1,2,1),
	(4,'2024UAD1062','hashmithap.ad24@bitsathy.ac.in','7376242AD178',NULL,NULL,NULL,'HASHMITHA P',NULL,NULL,NULL,NULL,NULL,NULL,NULL,NULL,NULL,NULL,NULL,NULL,NULL,NULL,NULL,NULL,1,2,1),
	(5,'2024UAD1033','jaganmohanr.ad24@bitsathy.ac.in','7376242AD183',NULL,NULL,NULL,'JAGAN MOHAN R',NULL,NULL,NULL,NULL,NULL,NULL,NULL,NULL,NULL,NULL,NULL,NULL,NULL,NULL,NULL,NULL,1,2,1),
	(6,'2024UAD1151','jaisuryas.ad24@bitsathy.ac.in','7376242AD186',NULL,NULL,NULL,'JAISURYA S',NULL,NULL,NULL,NULL,NULL,NULL,NULL,NULL,NULL,NULL,NULL,NULL,NULL,NULL,NULL,NULL,1,2,1),
	(7,'2024UAD1221','jayeshs.ad24@bitsathy.ac.in','7376242AD189',NULL,NULL,NULL,'JAYESH S',NULL,NULL,NULL,NULL,NULL,NULL,NULL,NULL,NULL,NULL,NULL,NULL,NULL,NULL,NULL,NULL,1,2,1),
	(8,'2024UAD1161','mohammednadheems.ad24@bitsathy.ac.in','7376242AD218',NULL,NULL,NULL,'MOHAMMED NADHEEM S',NULL,NULL,NULL,NULL,NULL,NULL,NULL,NULL,NULL,NULL,NULL,NULL,NULL,NULL,NULL,NULL,1,2,1),
	(9,'2024UAD1149','prateekds.ad24@bitsathy.ac.in','7376242AD254',NULL,NULL,NULL,'PRATEEK D S',NULL,NULL,NULL,NULL,NULL,NULL,NULL,NULL,NULL,NULL,NULL,NULL,NULL,NULL,NULL,NULL,1,2,1),
	(10,'2024UAD1141','srisabarisrinivass.ad24@bitsathy.ac.in','7376242AD308',NULL,NULL,NULL,'SRI SABARI SRINIVAS S',NULL,NULL,NULL,NULL,NULL,NULL,NULL,NULL,NULL,NULL,NULL,NULL,NULL,NULL,NULL,NULL,1,2,1),
	(11,'2024UAD1232','vishnudharanm.ad24@bitsathy.ac.in','7376242AD343',NULL,NULL,NULL,'VISHNUDHARAN M',NULL,NULL,NULL,NULL,NULL,NULL,NULL,NULL,NULL,NULL,NULL,NULL,NULL,NULL,NULL,NULL,1,2,1),
	(12,'2025UAD5014','nandidak.ad24@bitsathy.ac.in','7376252AD508',NULL,NULL,NULL,'NANDIDA K',NULL,NULL,NULL,NULL,NULL,NULL,NULL,NULL,NULL,NULL,NULL,NULL,NULL,NULL,NULL,NULL,1,2,1),
	(13,'2024UAL1031','pradeepg.al24@bitsathy.ac.in','7376242AL165',NULL,NULL,NULL,'PRADEEP G',NULL,NULL,NULL,NULL,NULL,NULL,NULL,NULL,NULL,NULL,NULL,NULL,NULL,NULL,NULL,NULL,1,3,1),
	(14,'2024UAL1012','thipeswarv.al24@bitsathy.ac.in','7376242AL207',NULL,NULL,NULL,'THIPESWAR V',NULL,NULL,NULL,NULL,NULL,NULL,NULL,NULL,NULL,NULL,NULL,NULL,NULL,NULL,NULL,NULL,1,3,1),
	(15,'2024UBT1094','deepasreep.bt24@bitsathy.ac.in','7376242BT115',NULL,NULL,NULL,'DEEPA SREE P',NULL,NULL,NULL,NULL,NULL,NULL,NULL,NULL,NULL,NULL,NULL,NULL,NULL,NULL,NULL,NULL,1,5,1),
	(16,'2024UBT1101','dharshinipr.bt24@bitsathy.ac.in','7376242BT123',NULL,NULL,NULL,'DHARSHINI R',NULL,NULL,NULL,NULL,NULL,NULL,NULL,NULL,NULL,NULL,NULL,NULL,NULL,NULL,NULL,NULL,1,5,1),
	(17,'2024UBT1120','hemam.bt24@bitsathy.ac.in','7376242BT138',NULL,NULL,NULL,'HEMA M',NULL,NULL,NULL,NULL,NULL,NULL,NULL,NULL,NULL,NULL,NULL,NULL,NULL,NULL,NULL,NULL,1,5,1),
	(18,'2024UBT1119','kavyav.bt24@bitsathy.ac.in','7376242BT151',NULL,NULL,NULL,'KAVYA V',NULL,NULL,NULL,NULL,NULL,NULL,NULL,NULL,NULL,NULL,NULL,NULL,NULL,NULL,NULL,NULL,1,5,1),
	(19,'2024UBT1106','madhupratikas.bt24@bitsathy.ac.in','7376242BT156',NULL,NULL,NULL,'MADHU PRATIKA S',NULL,NULL,NULL,NULL,NULL,NULL,NULL,NULL,NULL,NULL,NULL,NULL,NULL,NULL,NULL,NULL,1,5,1),
	(20,'2024UBT1108','malarvizhia.bt24@bitsathy.ac.in','7376242BT157',NULL,NULL,NULL,'MALARVIZHI A',NULL,NULL,NULL,NULL,NULL,NULL,NULL,NULL,NULL,NULL,NULL,NULL,NULL,NULL,NULL,NULL,1,5,1),
	(21,'2024UBT1073','nithishkumarr.bt24@bitsathy.ac.in','7376242BT170',NULL,NULL,NULL,'NITHISH KUMAR R',NULL,NULL,NULL,NULL,NULL,NULL,NULL,NULL,NULL,NULL,NULL,NULL,NULL,NULL,NULL,NULL,1,5,1),
	(22,'2024UBT1089','praveenkumarm.bt24@bitsathy.ac.in','7376242BT174',NULL,NULL,NULL,'PRAVEEN KUMAR M',NULL,NULL,NULL,NULL,NULL,NULL,NULL,NULL,NULL,NULL,NULL,NULL,NULL,NULL,NULL,NULL,1,5,1),
	(23,'2024UBT1062','ragulb.bt24@bitsathy.ac.in','7376242BT176',NULL,NULL,NULL,'RAGUL B',NULL,NULL,NULL,NULL,NULL,NULL,NULL,NULL,NULL,NULL,NULL,NULL,NULL,NULL,NULL,NULL,1,5,1),
	(24,'2024UBT1025','thanigaivelank.bt24@bitsathy.ac.in','7376242BT214',NULL,NULL,NULL,'THANIGAIVELAN K',NULL,NULL,NULL,NULL,NULL,NULL,NULL,NULL,NULL,NULL,NULL,NULL,NULL,NULL,NULL,NULL,1,5,1),
	(25,'2024UBT1118','varshinipriyap.bt24@bitsathy.ac.in','7376242BT219',NULL,NULL,NULL,'VARSHINIPRIYA P',NULL,NULL,NULL,NULL,NULL,NULL,NULL,NULL,NULL,NULL,NULL,NULL,NULL,NULL,NULL,NULL,1,5,1),
	(26,'2025UBT5001','madhans.bt24@bitsathy.ac.in','7376252BT501',NULL,NULL,NULL,'MADHAN S',NULL,NULL,NULL,NULL,NULL,NULL,NULL,NULL,NULL,NULL,NULL,NULL,NULL,NULL,NULL,NULL,1,5,1),
	(27,'2024UCB1044','asvikaash.cb24@bitsathy.ac.in','7376242CB102',NULL,NULL,NULL,'A S VIKAASH',NULL,NULL,NULL,NULL,NULL,NULL,NULL,NULL,NULL,NULL,NULL,NULL,NULL,NULL,NULL,NULL,1,7,1),
	(28,'2024UCB1041','dharshansreer.cb24@bitsathy.ac.in','7376242CB116',NULL,NULL,NULL,'DHARSHAN SREE R',NULL,NULL,NULL,NULL,NULL,NULL,NULL,NULL,NULL,NULL,NULL,NULL,NULL,NULL,NULL,NULL,1,7,1),
	(29,'2024UCB1043','dhayanandprabavathivelusamy.cb24@bitsathy.ac.in','7376242CB119',NULL,NULL,NULL,'DHAYANAND PRABAVATHI VELUSAMY',NULL,NULL,NULL,NULL,NULL,NULL,NULL,NULL,NULL,NULL,NULL,NULL,NULL,NULL,NULL,NULL,1,7,1),
	(30,'2024UCB1039','lakshmanbabur.cb24@bitsathy.ac.in','7376242CB133',NULL,NULL,NULL,'LAKSHMAN BABU R',NULL,NULL,NULL,NULL,NULL,NULL,NULL,NULL,NULL,NULL,NULL,NULL,NULL,NULL,NULL,NULL,1,7,1),
	(31,'2024UCB1060','madheshk.cb24@bitsathy.ac.in','7376242CB134',NULL,NULL,NULL,'MADHESH K',NULL,NULL,NULL,NULL,NULL,NULL,NULL,NULL,NULL,NULL,NULL,NULL,NULL,NULL,NULL,NULL,1,7,1),
	(32,'2025UCB5003','suryam.cb24@bitsathy.ac.in','7376252CB502',NULL,NULL,NULL,'SURYA M',NULL,NULL,NULL,NULL,NULL,NULL,NULL,NULL,NULL,NULL,NULL,NULL,NULL,NULL,NULL,NULL,1,7,1),
	(33,'2025UCB5002','THIRUMURUGANS.CB24@bitsathy.ac.in','7376252CB503',NULL,NULL,NULL,'THIRUMURUGAN S',NULL,NULL,NULL,NULL,NULL,NULL,NULL,NULL,NULL,NULL,NULL,NULL,NULL,NULL,NULL,NULL,1,7,1),
	(34,'2024UCS1279','bharathkrishnas.cs24@bitsathy.ac.in','7376241CS143',NULL,NULL,NULL,'BHARATHKRISHNA S',NULL,NULL,NULL,NULL,NULL,NULL,NULL,NULL,NULL,NULL,NULL,NULL,NULL,NULL,NULL,NULL,1,9,1),
	(35,'2024UCS1254','dhanusiyast.cs24@bitsathy.ac.in','7376241CS155',NULL,NULL,NULL,'DHANUSIYA T',NULL,NULL,NULL,NULL,NULL,NULL,NULL,NULL,NULL,NULL,NULL,NULL,NULL,NULL,NULL,NULL,1,9,1),
	(36,'2024UCS1352','karthikeyanb.cs24@bitsathy.ac.in','7376241CS230',NULL,NULL,NULL,'KARTHIKEYAN B',NULL,NULL,NULL,NULL,NULL,NULL,NULL,NULL,NULL,NULL,NULL,NULL,NULL,NULL,NULL,NULL,1,9,1),
	(37,'2024UCS1016','nishanthim.cs24@bitsathy.ac.in','7376241CS305',NULL,NULL,NULL,'NISHANTHI M',NULL,NULL,NULL,NULL,NULL,NULL,NULL,NULL,NULL,NULL,NULL,NULL,NULL,NULL,NULL,NULL,1,9,1),
	(38,'2024UCS1325','rahulpraneshp.cs24@bitsathy.ac.in','7376241CS334',NULL,NULL,NULL,'RAHUL PRANESH P',NULL,NULL,NULL,NULL,NULL,NULL,NULL,NULL,NULL,NULL,NULL,NULL,NULL,NULL,NULL,NULL,1,9,1),
	(39,'2024UCS1283','shruthikas.cs24@bitsathy.ac.in','7376241CS392',NULL,NULL,NULL,'SHRUTHIKA S',NULL,NULL,NULL,NULL,NULL,NULL,NULL,NULL,NULL,NULL,NULL,NULL,NULL,NULL,NULL,NULL,1,9,1),
	(40,'2025UCS5024','ajayr.cs24@bitsathy.ac.in','7376251CS503',NULL,NULL,NULL,'AJAY R',NULL,NULL,NULL,NULL,NULL,NULL,NULL,NULL,NULL,NULL,NULL,NULL,NULL,NULL,NULL,NULL,1,9,1),
	(41,'2025UCS5010','deepake.cs24@bitsathy.ac.in','7376251CS506',NULL,NULL,NULL,'DEEPAK E',NULL,NULL,NULL,NULL,NULL,NULL,NULL,NULL,NULL,NULL,NULL,NULL,NULL,NULL,NULL,NULL,1,9,1),
	(42,'2025UCS5007','dharanipriyanc.cs24@bitsathy.ac.in','7376251CS507',NULL,NULL,NULL,'DHARANI PRIYAN C',NULL,NULL,NULL,NULL,NULL,NULL,NULL,NULL,NULL,NULL,NULL,NULL,NULL,NULL,NULL,NULL,1,9,1),
	(43,'2025UCS5006','dharuns.cs24@bitsathy.ac.in','7376251CS508',NULL,NULL,NULL,'DHARUN S',NULL,NULL,NULL,NULL,NULL,NULL,NULL,NULL,NULL,NULL,NULL,NULL,NULL,NULL,NULL,NULL,1,9,1),
	(44,'2025UCS5021','jeevags.cs24@bitsathy.ac.in','7376251CS511',NULL,NULL,NULL,'JEEVA G S',NULL,NULL,NULL,NULL,NULL,NULL,NULL,NULL,NULL,NULL,NULL,NULL,NULL,NULL,NULL,NULL,1,9,1),
	(45,'2025UCS5016','kamaleshpm.cs24@bitsathy.ac.in','7376251CS512',NULL,NULL,NULL,'KAMALESH P M',NULL,NULL,NULL,NULL,NULL,NULL,NULL,NULL,NULL,NULL,NULL,NULL,NULL,NULL,NULL,NULL,1,9,1),
	(46,'2025UCS5011','krishnaprasanths.cs24@bitsathy.ac.in','7376251CS513',NULL,NULL,NULL,'KRISHNAPRASANTH S',NULL,NULL,NULL,NULL,NULL,NULL,NULL,NULL,NULL,NULL,NULL,NULL,NULL,NULL,NULL,NULL,1,9,1),
	(47,'2024UEE1041','chandranj.ee24@bitsathy.ac.in','7376241EE114',NULL,NULL,NULL,'CHANDRAN J',NULL,NULL,NULL,NULL,NULL,NULL,NULL,NULL,NULL,NULL,NULL,NULL,NULL,NULL,NULL,NULL,1,11,1),
	(48,'2024UEE1076','dharnishar.ee24@bitsathy.ac.in','7376241EE122',NULL,NULL,NULL,'DHARNISHA R',NULL,NULL,NULL,NULL,NULL,NULL,NULL,NULL,NULL,NULL,NULL,NULL,NULL,NULL,NULL,NULL,1,11,1),
	(49,'2024UEE1082','harshithm.ee24@bitsathy.ac.in','7376241EE132',NULL,NULL,NULL,'HARSHITH M',NULL,NULL,NULL,NULL,NULL,NULL,NULL,NULL,NULL,NULL,NULL,NULL,NULL,NULL,NULL,NULL,1,11,1),
	(50,'2024UEE1099','lokeshsekharms.ee24@bitsathy.ac.in','7376241EE142',NULL,NULL,NULL,'LOKESHSEKHAR M S',NULL,NULL,NULL,NULL,NULL,NULL,NULL,NULL,NULL,NULL,NULL,NULL,NULL,NULL,NULL,NULL,1,11,1),
	(51,'2024UEE1109','maniv.ee24@bitsathy.ac.in','7376241EE145',NULL,NULL,NULL,'MANI V',NULL,NULL,NULL,NULL,NULL,NULL,NULL,NULL,NULL,NULL,NULL,NULL,NULL,NULL,NULL,NULL,1,11,1),
	(52,'2024UEE1114','manoa.ee24@bitsathy.ac.in','7376241EE146',NULL,NULL,NULL,'MANO A',NULL,NULL,NULL,NULL,NULL,NULL,NULL,NULL,NULL,NULL,NULL,NULL,NULL,NULL,NULL,NULL,1,11,1),
	(53,'2024UEE1089','naveenkumarr.ee24@bitsathy.ac.in','7376241EE157',NULL,NULL,NULL,'NAVEENKUMAR R',NULL,NULL,NULL,NULL,NULL,NULL,NULL,NULL,NULL,NULL,NULL,NULL,NULL,NULL,NULL,NULL,1,11,1),
	(54,'2024UEE1096','sanjaykumarr.ee24@bitsathy.ac.in','7376241EE185',NULL,NULL,NULL,'SANJAYKUMAR R',NULL,NULL,NULL,NULL,NULL,NULL,NULL,NULL,NULL,NULL,NULL,NULL,NULL,NULL,NULL,NULL,1,11,1),
	(55,'2024UEE1118','shripriyaner.ee24@bitsathy.ac.in','7376241EE188',NULL,NULL,NULL,'SHRIPRIYAN E R',NULL,NULL,NULL,NULL,NULL,NULL,NULL,NULL,NULL,NULL,NULL,NULL,NULL,NULL,NULL,NULL,1,11,1),
	(56,'2024UEE1097','siddhaarthr.ee24@bitsathy.ac.in','7376241EE190',NULL,NULL,NULL,'SIDDHAARTH R',NULL,NULL,NULL,NULL,NULL,NULL,NULL,NULL,NULL,NULL,NULL,NULL,NULL,NULL,NULL,NULL,1,11,1),
	(57,'2024UEE1092','srisaraswathip.ee24@bitsathy.ac.in','7376241EE196',NULL,NULL,NULL,'SRI SARASWATHI P',NULL,NULL,NULL,NULL,NULL,NULL,NULL,NULL,NULL,NULL,NULL,NULL,NULL,NULL,NULL,NULL,1,11,1),
	(58,'2024UEE1059','subhapradham.ee24@bitsathy.ac.in','7376241EE199',NULL,NULL,NULL,'SUBHA PRADHA M',NULL,NULL,NULL,NULL,NULL,NULL,NULL,NULL,NULL,NULL,NULL,NULL,NULL,NULL,NULL,NULL,1,11,1),
	(59,'2024UEE1047','thanujasrib.ee24@bitsathy.ac.in','7376241EE205',NULL,NULL,NULL,'THANUJA SRI B',NULL,NULL,NULL,NULL,NULL,NULL,NULL,NULL,NULL,NULL,NULL,NULL,NULL,NULL,NULL,NULL,1,11,1),
	(60,'2024UEE1115','vaibhavnarayananv.ee24@bitsathy.ac.in','7376241EE207',NULL,NULL,NULL,'VAIBHAV NARAYANAN V',NULL,NULL,NULL,NULL,NULL,NULL,NULL,NULL,NULL,NULL,NULL,NULL,NULL,NULL,NULL,NULL,1,11,1),
	(61,'2024UEE1011','vaishihasv.ee24@bitsathy.ac.in','7376241EE208',NULL,NULL,NULL,'VAISHIHA S V',NULL,NULL,NULL,NULL,NULL,NULL,NULL,NULL,NULL,NULL,NULL,NULL,NULL,NULL,NULL,NULL,1,11,1),
	(62,'2024UEE1093','vharshaadm.ee24@bitsathy.ac.in','7376241EE211',NULL,NULL,NULL,'VHARSHAA D M',NULL,NULL,NULL,NULL,NULL,NULL,NULL,NULL,NULL,NULL,NULL,NULL,NULL,NULL,NULL,NULL,1,11,1),
	(63,'2024UEE1037','vinithmk.ee24@bitsathy.ac.in','7376241EE213',NULL,NULL,NULL,'VINITH M K',NULL,NULL,NULL,NULL,NULL,NULL,NULL,NULL,NULL,NULL,NULL,NULL,NULL,NULL,NULL,NULL,1,11,1),
	(64,'2024UEE1074','vishalpk.ee24@bitsathy.ac.in','7376241EE214',NULL,NULL,NULL,'VISHAL P K',NULL,NULL,NULL,NULL,NULL,NULL,NULL,NULL,NULL,NULL,NULL,NULL,NULL,NULL,NULL,NULL,1,11,1),
	(65,'2024UEE1078','vishodhanv.ee24@bitsathy.ac.in','7376241EE215',NULL,NULL,NULL,'VISHODHAN V',NULL,NULL,NULL,NULL,NULL,NULL,NULL,NULL,NULL,NULL,NULL,NULL,NULL,NULL,NULL,NULL,1,11,1),
	(66,'2025UEE5013','bhoomikas.ee24@bitsathy.ac.in','7376251EE501',NULL,NULL,NULL,'BHOOMIKA S',NULL,NULL,NULL,NULL,NULL,NULL,NULL,NULL,NULL,NULL,NULL,NULL,NULL,NULL,NULL,NULL,1,11,1),
	(67,'2025UEE5014','haswinu.ee24@bitsathy.ac.in','7376251EE504',NULL,NULL,NULL,'HASWIN U',NULL,NULL,NULL,NULL,NULL,NULL,NULL,NULL,NULL,NULL,NULL,NULL,NULL,NULL,NULL,NULL,1,11,1),
	(68,'2025UEE5004','yashwanthk.ee24@bitsathy.ac.in','7376251EE517',NULL,NULL,NULL,'YASHWANTH K',NULL,NULL,NULL,NULL,NULL,NULL,NULL,NULL,NULL,NULL,NULL,NULL,NULL,NULL,NULL,NULL,1,11,1),
	(69,'2024UEC1242','aathithyentss.ec24@bitsathy.ac.in','7376241EC103',NULL,NULL,NULL,'AATHITHYEN T S S',NULL,NULL,NULL,NULL,NULL,NULL,NULL,NULL,NULL,NULL,NULL,NULL,NULL,NULL,NULL,NULL,1,12,1),
	(70,'2024UEC1205','akilvetrivelm.ec24@bitsathy.ac.in','7376241EC111',NULL,NULL,NULL,'AKIL VETRIVEL M',NULL,NULL,NULL,NULL,NULL,NULL,NULL,NULL,NULL,NULL,NULL,NULL,NULL,NULL,NULL,NULL,1,12,1),
	(71,'2024UEC1188','darshans.ec24@bitsathy.ac.in','7376241EC133',NULL,NULL,NULL,'DARSHAN S',NULL,NULL,NULL,NULL,NULL,NULL,NULL,NULL,NULL,NULL,NULL,NULL,NULL,NULL,NULL,NULL,1,12,1),
	(72,'2024UEC1044','dhanushkumars.ec24@bitsathy.ac.in','7376241EC137',NULL,NULL,NULL,'DHANUSH KUMAR S',NULL,NULL,NULL,NULL,NULL,NULL,NULL,NULL,NULL,NULL,NULL,NULL,NULL,NULL,NULL,NULL,1,12,1),
	(73,'2024UEC1222','dhayaanithirr.ec24@bitsathy.ac.in','7376241EC142',NULL,NULL,NULL,'DHAYAANITHI R R',NULL,NULL,NULL,NULL,NULL,NULL,NULL,NULL,NULL,NULL,NULL,NULL,NULL,NULL,NULL,NULL,1,12,1),
	(74,'2024UEC1177','dhianeshrk.ec24@bitsathy.ac.in','7376241EC145',NULL,NULL,NULL,'DHIANESH R K',NULL,NULL,NULL,NULL,NULL,NULL,NULL,NULL,NULL,NULL,NULL,NULL,NULL,NULL,NULL,NULL,1,12,1),
	(75,'2024UEC1161','dhiyaneshv.ec24@bitsathy.ac.in','7376241EC147',NULL,NULL,NULL,'DHIYANESH V',NULL,NULL,NULL,NULL,NULL,NULL,NULL,NULL,NULL,NULL,NULL,NULL,NULL,NULL,NULL,NULL,1,12,1),
	(76,'2024UEC1208','kabilana.ec24@bitsathy.ac.in','7376241EC184',NULL,NULL,NULL,'KABILAN A',NULL,NULL,NULL,NULL,NULL,NULL,NULL,NULL,NULL,NULL,NULL,NULL,NULL,NULL,NULL,NULL,1,12,1),
	(77,'2024UEC1079','mariasebatinirp.ec24@bitsathy.ac.in','7376241EC213',NULL,NULL,NULL,'MARIA SEBATINI R P',NULL,NULL,NULL,NULL,NULL,NULL,NULL,NULL,NULL,NULL,NULL,NULL,NULL,NULL,NULL,NULL,1,12,1),
	(78,'2024UEC1136','nithershanam.ec24@bitsathy.ac.in','7376241EC240',NULL,NULL,NULL,'NITHERSHANA M',NULL,NULL,NULL,NULL,NULL,NULL,NULL,NULL,NULL,NULL,NULL,NULL,NULL,NULL,NULL,NULL,1,12,1),
	(79,'2024UEC1153','nithileshj.ec24@bitsathy.ac.in','7376241EC241',NULL,NULL,NULL,'NITHILESH J',NULL,NULL,NULL,NULL,NULL,NULL,NULL,NULL,NULL,NULL,NULL,NULL,NULL,NULL,NULL,NULL,1,12,1),
	(80,'2024UEC1166','nithishkumarpalanisamy.ec24@bitsathy.ac.in','7376241EC243',NULL,NULL,NULL,'NITHISH KUMAR PALANISAMY',NULL,NULL,NULL,NULL,NULL,NULL,NULL,NULL,NULL,NULL,NULL,NULL,NULL,NULL,NULL,NULL,1,12,1),
	(81,'2024UEC1219','nizamsheriefn.ec24@bitsathy.ac.in','7376241EC246',NULL,NULL,NULL,'NIZAM SHERIEF N',NULL,NULL,NULL,NULL,NULL,NULL,NULL,NULL,NULL,NULL,NULL,NULL,NULL,NULL,NULL,NULL,1,12,1),
	(82,'2024UEC1125','prajina.ec24@bitsathy.ac.in','7376241EC256',NULL,NULL,NULL,'PRAJIN A',NULL,NULL,NULL,NULL,NULL,NULL,NULL,NULL,NULL,NULL,NULL,NULL,NULL,NULL,NULL,NULL,1,12,1),
	(83,'2024UEC1207','prateektr.ec24@bitsathy.ac.in','7376241EC261',NULL,NULL,NULL,'PRATEEK T R',NULL,NULL,NULL,NULL,NULL,NULL,NULL,NULL,NULL,NULL,NULL,NULL,NULL,NULL,NULL,NULL,1,12,1),
	(84,'2024UEC1018','rishikanthvt.ec24@bitsathy.ac.in','7376241EC273',NULL,NULL,NULL,'RISHIKANTH V T',NULL,NULL,NULL,NULL,NULL,NULL,NULL,NULL,NULL,NULL,NULL,NULL,NULL,NULL,NULL,NULL,1,12,1),
	(85,'2024UEC1227','sakthivelt.ec24@bitsathy.ac.in','7376241EC284',NULL,NULL,NULL,'SAKTHIVEL T',NULL,NULL,NULL,NULL,NULL,NULL,NULL,NULL,NULL,NULL,NULL,NULL,NULL,NULL,NULL,NULL,1,12,1),
	(86,'2024UEC1184','sanjays.ec24@bitsathy.ac.in','7376241EC287',NULL,NULL,NULL,'SANJAY S',NULL,NULL,NULL,NULL,NULL,NULL,NULL,NULL,NULL,NULL,NULL,NULL,NULL,NULL,NULL,NULL,1,12,1),
	(87,'2024UEC1007','sanjeedvs.ec24@bitsathy.ac.in','7376241EC288',NULL,NULL,NULL,'SANJEED V S',NULL,NULL,NULL,NULL,NULL,NULL,NULL,NULL,NULL,NULL,NULL,NULL,NULL,NULL,NULL,NULL,1,12,1),
	(88,'2024UEC1239','sridharsankv.ec24@bitsathy.ac.in','7376241EC312',NULL,NULL,NULL,'SRI DHARSAN K V',NULL,NULL,NULL,NULL,NULL,NULL,NULL,NULL,NULL,NULL,NULL,NULL,NULL,NULL,NULL,NULL,1,12,1),
	(89,'2025UEC5021','moulidharanr.ec24@bitsathy.ac.in','7376251EC509',NULL,NULL,NULL,'MOULIDHARAN R',NULL,NULL,NULL,NULL,NULL,NULL,NULL,NULL,NULL,NULL,NULL,NULL,NULL,NULL,NULL,NULL,1,12,1),
	(90,'2025UEC5004','sabarisht.ec24@bitsathy.ac.in','7376251EC516',NULL,NULL,NULL,'SABARISH T',NULL,NULL,NULL,NULL,NULL,NULL,NULL,NULL,NULL,NULL,NULL,NULL,NULL,NULL,NULL,NULL,1,12,1),
	(91,'2024UEI1047','anjaivikasansv.ei24@bitsathy.ac.in','7376241EI104',NULL,NULL,NULL,'ANJAI VIKASAN S V',NULL,NULL,NULL,NULL,NULL,NULL,NULL,NULL,NULL,NULL,NULL,NULL,NULL,NULL,NULL,NULL,1,13,1),
	(92,'2024UEI1001','sivaramachandrann.ei24@bitsathy.ac.in','7376241EI147',NULL,NULL,NULL,'SIVARAMACHANDRAN N',NULL,NULL,NULL,NULL,NULL,NULL,NULL,NULL,NULL,NULL,NULL,NULL,NULL,NULL,NULL,NULL,1,13,1),
	(93,'2024UEI1051','sudharsanb.ei24@bitsathy.ac.in','7376241EI150',NULL,NULL,NULL,'SUDHARSAN B',NULL,NULL,NULL,NULL,NULL,NULL,NULL,NULL,NULL,NULL,NULL,NULL,NULL,NULL,NULL,NULL,1,13,1),
	(94,'2024UEI1050','yagesha.ei24@bitsathy.ac.in','7376241EI160',NULL,NULL,NULL,'YAGESH A',NULL,NULL,NULL,NULL,NULL,NULL,NULL,NULL,NULL,NULL,NULL,NULL,NULL,NULL,NULL,NULL,1,13,1),
	(95,'2025UEI5003','nihilanr.ei24@bitsathy.ac.in','7376251EI501',NULL,NULL,NULL,'NIHILAN R',NULL,NULL,NULL,NULL,NULL,NULL,NULL,NULL,NULL,NULL,NULL,NULL,NULL,NULL,NULL,NULL,1,13,1),
	(96,'2025UEI5001','sowntharm.ei24@bitsathy.ac.in','7376251EI502',NULL,NULL,NULL,'SOWNTHAR M',NULL,NULL,NULL,NULL,NULL,NULL,NULL,NULL,NULL,NULL,NULL,NULL,NULL,NULL,NULL,NULL,1,13,1),
	(97,'2024UIT1210','abisekp.it24@bitsathy.ac.in','7376242IT108',NULL,NULL,NULL,'ABISEK P',NULL,NULL,NULL,NULL,NULL,NULL,NULL,NULL,NULL,NULL,NULL,NULL,NULL,NULL,NULL,NULL,1,16,1),
	(98,'2024UIT1164','anusrit.it24@bitsathy.ac.in','7376242IT117',NULL,NULL,NULL,'ANU SRI T',NULL,NULL,NULL,NULL,NULL,NULL,NULL,NULL,NULL,NULL,NULL,NULL,NULL,NULL,NULL,NULL,1,16,1),
	(99,'2024UIT1068','dhakshathap.it24@bitsathy.ac.in','7376242IT143',NULL,NULL,NULL,'DHAKSHATHA P',NULL,NULL,NULL,NULL,NULL,NULL,NULL,NULL,NULL,NULL,NULL,NULL,NULL,NULL,NULL,NULL,1,16,1),
	(100,'2024UIT1159','dharrniss.it24@bitsathy.ac.in','7376242IT146',NULL,NULL,NULL,'DHARRNIS S',NULL,NULL,NULL,NULL,NULL,NULL,NULL,NULL,NULL,NULL,NULL,NULL,NULL,NULL,NULL,NULL,1,16,1),
	(101,'2024UIT1204','guhaneshs.it24@bitsathy.ac.in','7376242IT164',NULL,NULL,NULL,'GUHANESH S',NULL,NULL,NULL,NULL,NULL,NULL,NULL,NULL,NULL,NULL,NULL,NULL,NULL,NULL,NULL,NULL,1,16,1),
	(102,'2024UIT1150','haritharanidharane.it24@bitsathy.ac.in','7376242IT168',NULL,NULL,NULL,'HARI THARANI DHARAN E',NULL,NULL,NULL,NULL,NULL,NULL,NULL,NULL,NULL,NULL,NULL,NULL,NULL,NULL,NULL,NULL,1,16,1),
	(103,'2024UIT1163','jawaharl.it24@bitsathy.ac.in','7376242IT184',NULL,NULL,NULL,'JAWAHAR L',NULL,NULL,NULL,NULL,NULL,NULL,NULL,NULL,NULL,NULL,NULL,NULL,NULL,NULL,NULL,NULL,1,16,1),
	(104,'2024UIT1192','jeevadharshanb.it24@bitsathy.ac.in','7376242IT188',NULL,NULL,NULL,'JEEVA DHARSHAN B',NULL,NULL,NULL,NULL,NULL,NULL,NULL,NULL,NULL,NULL,NULL,NULL,NULL,NULL,NULL,NULL,1,16,1),
	(105,'2024UIT1121','mathanaprasathcp.it24@bitsathy.ac.in','7376242IT214',NULL,NULL,NULL,'MATHANA PRASATH C P',NULL,NULL,NULL,NULL,NULL,NULL,NULL,NULL,NULL,NULL,NULL,NULL,NULL,NULL,NULL,NULL,1,16,1),
	(106,'2024UIT1058','raghunathck.it24@bitsathy.ac.in','7376242IT266',NULL,NULL,NULL,'RAGHUNATH C K',NULL,NULL,NULL,NULL,NULL,NULL,NULL,NULL,NULL,NULL,NULL,NULL,NULL,NULL,NULL,NULL,1,16,1),
	(107,'2024UIT1197','sanjaya.it24@bitsathy.ac.in','7376242IT283',NULL,NULL,NULL,'SANJAY A',NULL,NULL,NULL,NULL,NULL,NULL,NULL,NULL,NULL,NULL,NULL,NULL,NULL,NULL,NULL,NULL,1,16,1),
	(108,'2024UIT1177','sanjusriv.it24@bitsathy.ac.in','7376242IT287',NULL,NULL,NULL,'SANJUSRI V',NULL,NULL,NULL,NULL,NULL,NULL,NULL,NULL,NULL,NULL,NULL,NULL,NULL,NULL,NULL,NULL,1,16,1),
	(109,'2024UIT1190','shaileshsm.it24@bitsathy.ac.in','7376242IT292',NULL,NULL,NULL,'SHAILESH S M',NULL,NULL,NULL,NULL,NULL,NULL,NULL,NULL,NULL,NULL,NULL,NULL,NULL,NULL,NULL,NULL,1,16,1),
	(110,'2024UIT1116','shivaa.it24@bitsathy.ac.in','7376242IT298',NULL,NULL,NULL,'SHIVA A',NULL,NULL,NULL,NULL,NULL,NULL,NULL,NULL,NULL,NULL,NULL,NULL,NULL,NULL,NULL,NULL,1,16,1),
	(111,'2024UIT1208','sivaselvanm.it24@bitsathy.ac.in','7376242IT304',NULL,NULL,NULL,'SIVA SELVAN M',NULL,NULL,NULL,NULL,NULL,NULL,NULL,NULL,NULL,NULL,NULL,NULL,NULL,NULL,NULL,NULL,1,16,1),
	(112,'2024UIT1012','surendarr.it24@bitsathy.ac.in','7376242IT317',NULL,NULL,NULL,'SURENDAR R',NULL,NULL,NULL,NULL,NULL,NULL,NULL,NULL,NULL,NULL,NULL,NULL,NULL,NULL,NULL,NULL,1,16,1),
	(113,'2024UIT1042','suryar.it24@bitsathy.ac.in','7376242IT319',NULL,NULL,NULL,'SURYA R',NULL,NULL,NULL,NULL,NULL,NULL,NULL,NULL,NULL,NULL,NULL,NULL,NULL,NULL,NULL,NULL,1,16,1),
	(114,'2025UIT5004','DIVITHM.IT24@bitsathy.ac.in','7376252IT504',NULL,NULL,NULL,'DIVITH M',NULL,NULL,NULL,NULL,NULL,NULL,NULL,NULL,NULL,NULL,NULL,NULL,NULL,NULL,NULL,NULL,1,16,1),
	(115,'2025UIT5005','HARISHRAMANUJAMVK.IT24@bitsathy.ac.in','7376252IT507',NULL,NULL,NULL,'HARISH RAMANUJAM V K',NULL,NULL,NULL,NULL,NULL,NULL,NULL,NULL,NULL,NULL,NULL,NULL,NULL,NULL,NULL,NULL,1,16,1),
	(116,'2025UIT5009','thapisnurv.it24@bitsathy.ac.in','7376252IT516',NULL,NULL,NULL,'THAPISNU R V',NULL,NULL,NULL,NULL,NULL,NULL,NULL,NULL,NULL,NULL,NULL,NULL,NULL,NULL,NULL,NULL,1,16,1),
	(117,'2024UME1043','dsgiriprasad.me24@bitsathy.ac.in','7376241ME108',NULL,NULL,NULL,'D S GIRI PRASAD',NULL,NULL,NULL,NULL,NULL,NULL,NULL,NULL,NULL,NULL,NULL,NULL,NULL,NULL,NULL,NULL,1,17,1),
	(118,'2024UME1034','dhanvanthn.me24@bitsathy.ac.in','7376241ME110',NULL,NULL,NULL,'DHANVANTH N',NULL,NULL,NULL,NULL,NULL,NULL,NULL,NULL,NULL,NULL,NULL,NULL,NULL,NULL,NULL,NULL,1,17,1),
	(119,'2024UME1005','diswansathyas.me24@bitsathy.ac.in','7376241ME111',NULL,NULL,NULL,'DISWAN SATHYA S',NULL,NULL,NULL,NULL,NULL,NULL,NULL,NULL,NULL,NULL,NULL,NULL,NULL,NULL,NULL,NULL,1,17,1),
	(120,'2024UME1037','gowthamm.me24@bitsathy.ac.in','7376241ME114',NULL,NULL,NULL,'GOWTHAM M',NULL,NULL,NULL,NULL,NULL,NULL,NULL,NULL,NULL,NULL,NULL,NULL,NULL,NULL,NULL,NULL,1,17,1),
	(121,'2024UME1017','jarvisbraylens.me24@bitsathy.ac.in','7376241ME119',NULL,NULL,NULL,'JARVIS BRAYLEN S',NULL,NULL,NULL,NULL,NULL,NULL,NULL,NULL,NULL,NULL,NULL,NULL,NULL,NULL,NULL,NULL,1,17,1),
	(122,'2024UME1036','kowchikm.me24@bitsathy.ac.in','7376241ME123',NULL,NULL,NULL,'KOWCHIK M',NULL,NULL,NULL,NULL,NULL,NULL,NULL,NULL,NULL,NULL,NULL,NULL,NULL,NULL,NULL,NULL,1,17,1),
	(123,'2024UME1054','nishanthk.me24@bitsathy.ac.in','7376241ME132',NULL,NULL,NULL,'NISHANTH K',NULL,NULL,NULL,NULL,NULL,NULL,NULL,NULL,NULL,NULL,NULL,NULL,NULL,NULL,NULL,NULL,1,17,1),
	(124,'2024UME1027','pasumponrajak.me24@bitsathy.ac.in','7376241ME134',NULL,NULL,NULL,'PASUMPONRAJA K',NULL,NULL,NULL,NULL,NULL,NULL,NULL,NULL,NULL,NULL,NULL,NULL,NULL,NULL,NULL,NULL,1,17,1),
	(125,'2024UME1002','rakshithprasathg.me24@bitsathy.ac.in','7376241ME137',NULL,NULL,NULL,'RAKSHITH PRASATH G',NULL,NULL,NULL,NULL,NULL,NULL,NULL,NULL,NULL,NULL,NULL,NULL,NULL,NULL,NULL,NULL,1,17,1),
	(126,'2024UME1025','revanthsrisivasr.me24@bitsathy.ac.in','7376241ME139',NULL,NULL,NULL,'REVANTH SRISIVA S R',NULL,NULL,NULL,NULL,NULL,NULL,NULL,NULL,NULL,NULL,NULL,NULL,NULL,NULL,NULL,NULL,1,17,1),
	(127,'2024UME1018','riyass.me24@bitsathy.ac.in','7376241ME143',NULL,NULL,NULL,'RIYAS S',NULL,NULL,NULL,NULL,NULL,NULL,NULL,NULL,NULL,NULL,NULL,NULL,NULL,NULL,NULL,NULL,1,17,1),
	(128,'2024UME1022','sandeepkumargv.me24@bitsathy.ac.in','7376241ME148',NULL,NULL,NULL,'SANDEEP KUMAR G V',NULL,NULL,NULL,NULL,NULL,NULL,NULL,NULL,NULL,NULL,NULL,NULL,NULL,NULL,NULL,NULL,1,17,1),
	(129,'2024UME1003','sheikalarshads.me24@bitsathy.ac.in','7376241ME151',NULL,NULL,NULL,'SHEIK AL ARSHAD S',NULL,NULL,NULL,NULL,NULL,NULL,NULL,NULL,NULL,NULL,NULL,NULL,NULL,NULL,NULL,NULL,1,17,1),
	(130,'2024UME1016','singavela.me24@bitsathy.ac.in','7376241ME152',NULL,NULL,NULL,'SINGAVEL A',NULL,NULL,NULL,NULL,NULL,NULL,NULL,NULL,NULL,NULL,NULL,NULL,NULL,NULL,NULL,NULL,1,17,1),
	(131,'2024UME1007','vimalm.me24@bitsathy.ac.in','7376241ME156',NULL,NULL,NULL,'VIMAL M',NULL,NULL,NULL,NULL,NULL,NULL,NULL,NULL,NULL,NULL,NULL,NULL,NULL,NULL,NULL,NULL,1,17,1),
	(132,'2024UME1046','vishalrk.me24@bitsathy.ac.in','7376241ME157',NULL,NULL,NULL,'VISHAL R K',NULL,NULL,NULL,NULL,NULL,NULL,NULL,NULL,NULL,NULL,NULL,NULL,NULL,NULL,NULL,NULL,1,17,1),
	(133,'2025UME5007','obulirajvk.me24@bitsathy.ac.in','7376251ME504',NULL,NULL,NULL,'OBULIRAJ V K',NULL,NULL,NULL,NULL,NULL,NULL,NULL,NULL,NULL,NULL,NULL,NULL,NULL,NULL,NULL,NULL,1,17,1),
	(134,'2024UMZ1031','harinimanikandan.mz24@bitsathy.ac.in','7376241MZ117',NULL,NULL,NULL,'HARINI MANIKANDAN',NULL,NULL,NULL,NULL,NULL,NULL,NULL,NULL,NULL,NULL,NULL,NULL,NULL,NULL,NULL,NULL,1,18,1),
	(135,'2024UMZ1048','kalaiyarasut.mz24@bitsathy.ac.in','7376241MZ121',NULL,NULL,NULL,'KALAIYARASU T',NULL,NULL,NULL,NULL,NULL,NULL,NULL,NULL,NULL,NULL,NULL,NULL,NULL,NULL,NULL,NULL,1,18,1),
	(136,'2024UMZ1001','pradeepr.mz24@bitsathy.ac.in','7376241MZ131',NULL,NULL,NULL,'PRADEEP R',NULL,NULL,NULL,NULL,NULL,NULL,NULL,NULL,NULL,NULL,NULL,NULL,NULL,NULL,NULL,NULL,1,18,1),
	(137,'2024UMZ1061','ragulsa.mz24@bitsathy.ac.in','7376241MZ137',NULL,NULL,NULL,'RAGUL S A',NULL,NULL,NULL,NULL,NULL,NULL,NULL,NULL,NULL,NULL,NULL,NULL,NULL,NULL,NULL,NULL,1,18,1),
	(138,'2024UMZ1058','rajsenthoours.mz24@bitsathy.ac.in','7376241MZ139',NULL,NULL,NULL,'RAJ SENTHOOUR S',NULL,NULL,NULL,NULL,NULL,NULL,NULL,NULL,NULL,NULL,NULL,NULL,NULL,NULL,NULL,NULL,1,18,1);

/*!40000 ALTER TABLE `students` ENABLE KEYS */;
UNLOCK TABLES;


# Dump of table syllabus
# ------------------------------------------------------------

CREATE TABLE `syllabus` (
  `id` int NOT NULL AUTO_INCREMENT,
  `model_name` varchar(255) CHARACTER SET utf8mb4 COLLATE utf8mb4_0900_ai_ci NOT NULL,
  `name` varchar(255) CHARACTER SET utf8mb4 COLLATE utf8mb4_0900_ai_ci NOT NULL DEFAULT '',
  `position` int DEFAULT '0',
  `course_id` int NOT NULL,
  `status` tinyint(1) DEFAULT '1',
  PRIMARY KEY (`id`) USING BTREE,
  KEY `syllabus_models_fk_courses` (`course_id`) USING BTREE,
  CONSTRAINT `syllabus_models_fk_courses` FOREIGN KEY (`course_id`) REFERENCES `courses` (`id`) ON DELETE CASCADE ON UPDATE RESTRICT
) ENGINE=InnoDB AUTO_INCREMENT=40 DEFAULT CHARSET=utf8mb4 COLLATE=utf8mb4_0900_ai_ci ROW_FORMAT=DYNAMIC;

LOCK TABLES `syllabus` WRITE;
/*!40000 ALTER TABLE `syllabus` DISABLE KEYS */;

INSERT INTO `syllabus` (`id`, `model_name`, `name`, `position`, `course_id`, `status`)
VALUES
	(6,'Unit 1','Unit 1',0,17,1),
	(8,'Module 1','Module 1',0,18,1),
	(11,'Unit 1','Unit 1',0,83,1),
	(12,'Unit 2','Unit 2',1,83,1),
	(13,'Unit 2','Unit 2',1,17,1),
	(17,'Unit 1','Unit 1',0,121,1),
	(18,'Unit 1','Unit 1',0,103,1),
	(19,'Unit 2','Unit 2',1,103,1),
	(20,'Unit 3','Unit 3',2,103,1),
	(21,'Unit 4','Unit 4',3,103,1),
	(22,'Unit 5','Unit 5',4,103,1),
	(23,'Unit 6','Unit 6',5,103,0),
	(24,'Unit 3','Unit 3',2,17,1),
	(25,'Unit 4','Unit 4',3,17,1),
	(26,'Unit 5','Unit 5',4,17,1),
	(27,'Unit 1','Unit 1',0,109,1),
	(28,'Unit 2','Unit 2',1,109,1),
	(29,'Unit 3','Unit 3',2,109,1),
	(30,'Unit 4','Unit 4',3,109,1),
	(31,'Unit 5','Unit 5',4,109,1),
	(32,'Unit 1','Unit 1',0,108,1),
	(33,'Unit 2','Unit 2',1,108,1),
	(34,'Unit 3','Unit 3',2,108,1),
	(35,'Unit 4','Unit 4',3,108,1),
	(36,'Unit 5','Unit 5',4,108,1),
	(37,'Unit 1','Unit 1',0,106,1),
	(38,'Unit 2','Unit 2',1,106,1),
	(39,'Unit 3','Unit 3',2,106,1);

/*!40000 ALTER TABLE `syllabus` ENABLE KEYS */;
UNLOCK TABLES;


# Dump of table syllabus_titles
# ------------------------------------------------------------

CREATE TABLE `syllabus_titles` (
  `id` int NOT NULL AUTO_INCREMENT,
  `model_id` int NOT NULL,
  `hours` int DEFAULT '0',
  `title` varchar(512) CHARACTER SET utf8mb4 COLLATE utf8mb4_0900_ai_ci NOT NULL,
  `position` int DEFAULT '0',
  `status` tinyint(1) DEFAULT '1',
  PRIMARY KEY (`id`) USING BTREE,
  KEY `model_id` (`model_id`) USING BTREE,
  CONSTRAINT `syllabus_titles_ibfk_1` FOREIGN KEY (`model_id`) REFERENCES `syllabus` (`id`) ON DELETE CASCADE ON UPDATE RESTRICT
) ENGINE=InnoDB AUTO_INCREMENT=35 DEFAULT CHARSET=utf8mb4 COLLATE=utf8mb4_0900_ai_ci ROW_FORMAT=DYNAMIC;

LOCK TABLES `syllabus_titles` WRITE;
/*!40000 ALTER TABLE `syllabus_titles` DISABLE KEYS */;

INSERT INTO `syllabus_titles` (`id`, `model_id`, `hours`, `title`, `position`, `status`)
VALUES
	(7,8,5,'lineAR ',0,1),
	(8,11,8,'MATHEMATICS MODELING OF LINEAR FUNCTIONS',0,1),
	(9,6,9,'MATHEMATICS MODELING OF LINEAR FUNCTIONS',0,1),
	(11,13,9,'MATHEMATICAL MODELING OF QUADRATIC FUNCTIONS',0,1),
	(12,18,6,'CONSERVATION OF ENERGY',0,1),
	(13,19,5,'VIBRATIONAL ENERGY',0,1),
	(14,20,3,'PROPAGATION OF ENERGY',0,1),
	(15,21,7,'EXCHANGE OF ENERGY',0,1),
	(16,22,6,'ENERGY IN MATERIALS',0,1),
	(17,24,9,'MATHEMATICAL MODELING OF POWER AND POLYNOMIAL FUNCTIONS',0,1),
	(18,25,9,'MATHEMATICAL MODELING OF EXPONENTIAL FUNCTIONS',0,1),
	(19,26,9,'MATHEMATICAL MODELING OF MULTIVARIABLE FUNCTIONS',0,1),
	(20,27,3,'LANGUAGE AND LITERATURE',0,1),
	(21,27,0,'Distributive Justice in Sangam Literature',1,0),
	(22,28,3,'HERITAGE - ROCK ART PAINTINGS TO MODERN ART- SCULPTURE',0,1),
	(23,29,3,'FOLK AND MARTIAL ARTS',0,1),
	(24,30,3,'THINAI CONCEPT OF TAMILS',0,1),
	(25,31,3,'CONTRIBUTION OF TAMILS TOINDIAN NATIONAL MOVEMENT AND INDIANCULTURE',0,1),
	(26,32,3,'BUSINESS MODELS AND IDEATION',0,1),
	(27,33,3,'UNDERSTANDING CUSTOMERS',0,1),
	(28,34,3,'DEVELOPING PROTOTYPES',0,1),
	(29,35,3,'BUSINESS STRATEGIES AND PITCHING',0,1),
	(30,36,3,'COMMERCIALIZATION',0,1),
	(31,37,15,'SELF-EXPRESSION',0,1),
	(32,37,0,'Introduction',1,0),
	(33,38,15,'CREATIVE EXPRESSION',0,1),
	(34,39,15,'FORMAL EXPRESSION',0,1);

/*!40000 ALTER TABLE `syllabus_titles` ENABLE KEYS */;
UNLOCK TABLES;


# Dump of table syllabus_topics
# ------------------------------------------------------------

CREATE TABLE `syllabus_topics` (
  `id` int NOT NULL AUTO_INCREMENT,
  `title_id` int NOT NULL,
  `topic` text CHARACTER SET utf8mb4 COLLATE utf8mb4_0900_ai_ci NOT NULL,
  `position` int DEFAULT '0',
  `status` tinyint(1) DEFAULT '1',
  PRIMARY KEY (`id`) USING BTREE,
  KEY `title_id` (`title_id`) USING BTREE,
  CONSTRAINT `syllabus_topics_ibfk_1` FOREIGN KEY (`title_id`) REFERENCES `syllabus_titles` (`id`) ON DELETE CASCADE ON UPDATE RESTRICT
) ENGINE=InnoDB AUTO_INCREMENT=211 DEFAULT CHARSET=utf8mb4 COLLATE=utf8mb4_0900_ai_ci ROW_FORMAT=DYNAMIC;

LOCK TABLES `syllabus_topics` WRITE;
/*!40000 ALTER TABLE `syllabus_topics` DISABLE KEYS */;

INSERT INTO `syllabus_topics` (`id`, `title_id`, `topic`, `position`, `status`)
VALUES
	(15,7,'HSFFS',0,1),
	(16,9,'The geometry of linear equations',0,1),
	(17,9,'Formation of linear equations: Method of least squares and method of\r\nregression',1,1),
	(18,9,'Vector spaces: Basic concepts with examples',2,1),
	(19,9,'Linear combination',3,1),
	(20,9,'Eigen values and vectors',4,1),
	(21,12,'Concept of energy',0,1),
	(22,12,'types of energy-conservation of energy. Mechanical energy:',1,0),
	(23,12,'types of energy',1,0),
	(24,12,'conservation of energy. Mechanical energy',1,0),
	(25,12,'translation',1,0),
	(26,12,'rotation',1,0),
	(27,12,'vibration',1,0),
	(28,12,'Kinetic and potential energies',1,0),
	(29,12,'conservation',1,0),
	(30,12,'work and energy',1,0),
	(31,12,'laws of motion',1,0),
	(32,12,'minimization\r\nof potential energy',1,0),
	(33,12,'equilibrium',1,0),
	(34,12,'dissipative systems',10,0),
	(35,12,'friction',11,0),
	(36,13,'Periodic Motion',0,1),
	(37,13,'Simple Harmonic Motion',1,1),
	(38,13,'Energy of the SHM',2,1),
	(39,13,'Pendulum types',3,1),
	(40,13,'Damped oscillations',4,1),
	(41,13,'forced oscillations',5,1),
	(42,13,'natural frequency',6,1),
	(43,13,'resonance',7,1),
	(44,14,'Transfer of energy',0,1),
	(45,14,'material medium',1,1),
	(46,14,'Transverse wave',2,1),
	(47,14,'Longitudinal wave',3,1),
	(48,14,'standing wave',4,1),
	(49,14,'interference',5,1),
	(50,14,'Doppler effect.Sound waves and its types',6,1),
	(51,14,'characteristics',7,1),
	(52,14,'human voice',8,1),
	(53,14,'reflection',9,1),
	(54,14,'refraction-beats',10,1),
	(55,15,'Elastic energy',0,0),
	(56,15,'Structure and bonding',1,0),
	(57,15,'Stress',1,0),
	(58,15,'strain',1,0),
	(59,15,'Tension and compression',1,0),
	(60,15,'elastic limit',1,0),
	(61,15,'Elastic\r\nModulus',1,0),
	(62,15,'Stress',1,0),
	(63,15,'strain diagram',1,0),
	(64,15,'ductility',1,0),
	(65,15,'brittleness',1,0),
	(66,15,'rubber elasticity and entropy',11,0),
	(67,12,'types of energy',12,0),
	(68,12,'types of energy',1,1),
	(69,12,'conservation of energy. Mechanical energy',2,1),
	(70,12,'translation',3,1),
	(71,12,'rotation',4,1),
	(72,12,'vibration',5,1),
	(73,12,'Kinetic and potential energies',6,1),
	(74,12,'conservation',7,1),
	(75,12,'work and energy',8,1),
	(76,12,'laws of motion',9,1),
	(77,12,'minimization\r\nof potential energy',10,1),
	(78,12,'equilibrium',11,1),
	(79,12,'dissipative systems',12,1),
	(80,12,'friction',13,1),
	(81,15,'Energy in transit',0,1),
	(82,15,'heat',1,1),
	(83,15,'Temperature',2,1),
	(84,15,'measurement',3,1),
	(85,15,'specific heat capacity and water',4,1),
	(86,15,'thermal expansion',5,1),
	(87,15,'Heat transfer processes',6,1),
	(88,15,'Thermodynamics: Thermodynamic systems and processes',7,1),
	(89,15,'Laws of\r\nthermodynamics',8,1),
	(90,15,'Entropy',9,1),
	(91,15,'entropy on a microscopic scale',10,1),
	(92,15,'maximization of entropy',11,1),
	(93,16,'Elastic energy',0,1),
	(94,16,'Structure and bonding',1,1),
	(95,16,'Stress',2,1),
	(96,16,'strain',3,1),
	(97,16,'Tension and compression',4,1),
	(98,16,'elastic limit',5,1),
	(99,16,'Elastic Modulus',6,1),
	(100,16,'Stress',7,1),
	(101,16,'strain diagram',8,1),
	(102,16,'ductility',9,1),
	(103,16,'brittleness',10,1),
	(104,16,'rubber elasticity and entropy',11,1),
	(105,11,'General form of a quadratic function',0,1),
	(106,11,'Basic relationships between the equation and graph of a quadratic\r\nfunction',1,1),
	(107,11,'Sum of squares error and the quadratic function of best fit',2,1),
	(108,11,'Quadratic forms: Matrix form',3,1),
	(109,11,'Orthogonality',4,1),
	(110,11,'Canonical form and its nature',5,1),
	(111,17,'Characteristics of the graphs of power and polynomial functions',0,1),
	(112,17,'Fitting of power and polynomial\r\nfunctions using the method of least squares',1,1),
	(113,17,'Local maxima and local minima of power and polynomial\r\nfunctions',2,1),
	(114,17,'Power series of functions with real variables, Taylors series, radius and interval of convergence',3,1),
	(115,17,'Tests of convergence for series of positive terms',4,1),
	(116,17,'comparison test, ratio test',5,1),
	(117,18,'Concept of exponential growth',0,1),
	(118,18,'Graphs of exponential functions',1,1),
	(119,18,'Relationship between the growth factor\r\nand exponential growth or decline',2,1),
	(120,18,'Exponential equations have a variable as an exponent and take the form\r\ny= abx\r\nthrough least square approximation',3,1),
	(121,18,'Calculus of exponential functions',4,1),
	(122,18,'Exponential series',5,1),
	(123,18,'Characteristics',6,1),
	(124,19,'Erwin Kreyszig, Advanced Engineering Mathematics, Tenth Edition, Wiley India Private Limited,\r\nNew Delhi 2016',0,0),
	(125,19,'B. S. Grewal, Numerical Methods in Engineering & Science: With Programs in C, C++ &\r\nMATLAB, Khanna, 2014',0,0),
	(126,19,'S.C. Gupta, V.K. Kapoor, Fundamentals of Mathematical Statistics, Sultan Chand & Sons2020',1,0),
	(127,19,'Thomas and Finney, Calculus and analytic Geometry, Fourteenth Edition, By Pearson Paperback,\r\n2018',2,0),
	(128,19,'Graphing of functions of two variables',0,1),
	(129,19,'Partial derivatives',1,1),
	(130,19,'Total derivatives',2,1),
	(131,19,'Jacobians',3,1),
	(132,19,'Optimization of\r\nmultivariable functions with constraints',4,1),
	(133,19,'Optimization of multivariable functions without constraints',5,1),
	(134,20,'Language Families in India',0,1),
	(135,20,'Dravidian Languages',1,1),
	(136,20,'Tamil as a Classical Language',2,1),
	(137,20,'Classical Literature in\r\nTamil',3,1),
	(138,20,'Secular Nature of Sangam Literature',4,1),
	(139,20,'Distributive Justice in Sangam Literature',5,1),
	(140,20,'Management\r\nPrinciplesin Thirukural',6,1),
	(141,20,'Tamil Epics and Impact of Buddhism & Jainism in Tamil Land',7,1),
	(142,20,'Bakthi Literature\r\nAzhwars and Nayanmars',8,1),
	(143,20,'Forms of minor Poetry',9,1),
	(144,20,'Development of Modern literature in Tamil',10,1),
	(145,20,'Contribution of Bharathiyar and Bharathidhasan.',11,1),
	(146,22,'Hero stone to modern sculpture',0,1),
	(147,22,'Bronze icons',1,1),
	(148,22,'Tribes and their handicrafts',2,1),
	(149,22,'Art of temple car making',3,1),
	(150,22,'Massive Terracotta sculptures, Village deities, Thiruvalluvar Statue at Kanyakumari, Making of musical\r\ninstruments',4,1),
	(151,22,'Mridhangam, Parai, Veenai, Yazh and Nadhaswaram',5,1),
	(152,22,'Role of Temples in Social and\r\nEconomic Life of Tamils.',6,1),
	(153,23,'Therukoothu, Karagattam, Villu Pattu, Kaniyan Koothu, Oyillattam, Leatherpuppetry, Silambattam, Valari,\r\nTiger dance',0,1),
	(154,23,'Sports and Games of Tamils.',1,1),
	(155,24,'Flora and Fauna of Tamils & Aham and Puram Concept from Tholkappiyam and Sangam Literature',0,1),
	(156,24,'Aram\r\nConcept of Tamils',1,1),
	(157,24,'Education and Literacy during Sangam Age',2,1),
	(158,24,'Ancient Cities and Ports of Sangam Age',3,1),
	(159,24,'Export and Import during Sangam Age',4,1),
	(160,24,'Overseas Conquest of Cholas.',5,1),
	(161,25,'Contribution of Tamils to Indian Freedom Struggle',0,1),
	(162,25,'he Cultural Influence of Tamils over the other parts\r\nof India',1,1),
	(163,25,'Self-Respect Movement',2,1),
	(164,25,'Role of Siddha Medicine in Indigenous Systems of Medicine',3,1),
	(165,25,'Inscriptions & Manuscripts',4,1),
	(166,25,'Print History of Tamil Books.',5,1),
	(167,26,'Startups: Introduction, Types of Business Modes for Startups. Ideation: Sources of Ideas, Assessing Ideas,\r\nValidating Ideas, Tools for validating ideas, Role of Innovation and Design Thinking',0,1),
	(168,27,'Buyer Decision Process, Buyer Behaviour, Building Buyer Personas, Segmenting, Targeting and\r\nPositioning, Value Proposition (Business Model Canvas), Information Sourcing on Markets, Customer\r\nValidation',0,1),
	(169,28,'Prototyping: Methods-Paper and Digital, Customer Involvement in Prototyping, Product Design Sprints,\r\nRefining Prototypes',0,1),
	(170,29,'Design of Marketing Strategies and Campaigns, Go-To-Market Strategy, Financial KPIs Financial Planning\r\nand Budgeting, Assessing Funding Alternatives, Pitching, Preparing Pitch Decks',0,1),
	(171,30,'Implementation: Prototype to Commercialization, Test Markets, Institutional Support, Registration\r\nProcess, IP Laws and Protection, Legal Requirements, Type of Ownership, Building and Managing Teams,\r\nDefining role of investors',0,1),
	(172,31,'Self-Introduction',0,1),
	(173,31,'Recreating Interview Scenarios (with a focus on verbal communication)',1,1),
	(174,31,'Subject Verb\r\nConcord',2,1),
	(175,31,'Tenses',3,1),
	(176,31,'Common Errors in verbal communication Be',4,1),
	(177,31,'verbs Self -Introduction',5,1),
	(178,31,'Introduction',6,0),
	(179,31,'Recreating\r\ninterview scenarios',6,1),
	(180,31,'Haptics',7,1),
	(181,31,'Gestures',8,1),
	(182,31,'Proxemics',9,1),
	(183,31,'Facial expressions',10,1),
	(184,31,'Paralinguistic / Vocalic',11,1),
	(185,31,'Body\r\nLanguage',12,1),
	(186,31,'Appearance-Eye Contact',13,1),
	(187,31,'Artefacts Self-Introduction',14,1),
	(188,31,'Powerful openings and closings at the\r\ninterview',15,1),
	(189,31,'-Effective stock phrases',16,1),
	(190,31,'Modified for spontaneity and individuality',17,1),
	(191,31,'Question tags, framing\r\nquestions including WH',18,1),
	(192,31,'questions',19,1),
	(193,31,'Prepositions',20,1),
	(194,31,'Listening to Ted talks',21,1),
	(195,31,'Listening for specific information',22,1),
	(196,33,'Descriptive Expression',0,1),
	(197,33,'Picture Description and Blog Writing',1,1),
	(198,33,'Vocabulary',2,1),
	(199,33,'One word substitution',3,1),
	(200,33,'Adjectives',4,1),
	(201,33,'Similes, Metaphors, Imagery & Idioms',5,1),
	(202,33,'Link words',6,1),
	(203,33,'Inclusive language\r\nNarrative Expression',7,1),
	(204,33,'Travelogue and Minutes of Meeting',8,1),
	(205,33,'Verbal analogy',9,1),
	(206,33,'Sequence & Time order words',10,1),
	(207,33,'Jumbled paragraph, sentences, Sequencing',11,1),
	(208,33,'Text & Paragraph completion',12,1),
	(209,33,'Past tense',13,1),
	(210,33,'Using quotation\r\nmarks',14,1);

/*!40000 ALTER TABLE `syllabus_topics` ENABLE KEYS */;
UNLOCK TABLES;


# Dump of table teacher_course_allocation
# ------------------------------------------------------------

CREATE TABLE `teacher_course_allocation` (
  `id` int NOT NULL AUTO_INCREMENT,
  `course_id` int NOT NULL,
  `teacher_id` varchar(45) CHARACTER SET utf8mb4 COLLATE utf8mb4_0900_ai_ci NOT NULL,
  `is_active` int DEFAULT '1',
  `teacher_course_preferences_id` int DEFAULT NULL,
  PRIMARY KEY (`id`) USING BTREE,
  UNIQUE KEY `unique_assignment` (`course_id`,`teacher_id`) USING BTREE,
  KEY `fk_allocation_teacher_new` (`teacher_id`) USING BTREE,
  CONSTRAINT `fk_allocation_course` FOREIGN KEY (`course_id`) REFERENCES `courses` (`id`) ON DELETE CASCADE,
  CONSTRAINT `fk_allocation_teacher_new` FOREIGN KEY (`teacher_id`) REFERENCES `teachers` (`faculty_id`) ON DELETE CASCADE ON UPDATE CASCADE
) ENGINE=InnoDB AUTO_INCREMENT=254 DEFAULT CHARSET=utf8mb4 COLLATE=utf8mb4_0900_ai_ci ROW_FORMAT=DYNAMIC;

LOCK TABLES `teacher_course_allocation` WRITE;
/*!40000 ALTER TABLE `teacher_course_allocation` DISABLE KEYS */;

INSERT INTO `teacher_course_allocation` (`id`, `course_id`, `teacher_id`, `is_active`, `teacher_course_preferences_id`)
VALUES
	(1,146,'AU10645',1,NULL),
	(2,148,'ME10098',1,NULL),
	(3,149,'ME1974',1,NULL),
	(4,151,'ME1094',1,NULL),
	(5,153,'CH10225',1,NULL),
	(6,153,'CH10314',1,NULL),
	(7,153,'CH1578',1,NULL),
	(8,153,'CH1557',1,NULL),
	(9,153,'CH10003',1,NULL),
	(10,153,'CH1493',1,NULL),
	(11,153,'CH11127',1,NULL),
	(12,153,'CH10957',1,NULL),
	(13,153,'CH1894',1,NULL),
	(14,153,'CH1558',1,NULL),
	(15,163,'MA10518',1,NULL),
	(16,177,'CS11094',1,NULL),
	(17,188,'MA11028',1,NULL),
	(18,190,'AM11095',1,NULL),
	(19,191,'AM10956',1,NULL),
	(20,192,'AM11166',1,NULL),
	(21,193,'AM11052',1,NULL),
	(22,199,'HU11159',1,NULL),
	(23,199,'HU11151',1,NULL),
	(24,199,'HU11125',1,NULL),
	(25,199,'HU11141',1,NULL),
	(26,199,'HU11139',1,NULL),
	(27,199,'HU11011',1,NULL),
	(28,208,'AD11089',1,NULL),
	(29,211,'AD11068',1,NULL),
	(30,213,'AD11104',1,NULL),
	(31,218,'AD10931',1,NULL),
	(32,221,'EC10680',1,NULL),
	(33,226,'EC10969',1,NULL),
	(34,227,'ME1877',1,NULL),
	(35,235,'EC1834',1,NULL),
	(36,243,'MA10518',1,NULL),
	(37,245,'IT10262',1,NULL),
	(38,247,'IT11144',1,NULL),
	(39,249,'IT10824',1,NULL),
	(40,256,'BT1477',1,NULL),
	(41,258,'ME10492',1,NULL),
	(42,260,'BT11050',1,NULL),
	(43,261,'BT10708',1,NULL),
	(44,263,'BT1388',1,NULL),
	(45,267,'AM2241',1,NULL),
	(46,333,'IT1846',1,NULL),
	(47,334,'IT11105',1,NULL),
	(48,339,'EC11147',1,NULL),
	(49,346,'BT10375',1,NULL),
	(50,349,'AD11009',1,NULL),
	(51,402,'BT10978',1,NULL),
	(52,460,'AD11169',1,NULL),
	(53,610,'CS10861',1,NULL),
	(54,611,'CS10963',1,NULL),
	(55,612,'CS10861',1,NULL),
	(56,613,'CS11185',1,NULL),
	(57,614,'CB11170',1,NULL),
	(58,679,'EI10249',1,NULL),
	(59,680,'IT11173',1,NULL),
	(60,681,'EE1311',1,NULL),
	(61,682,'EE10155',1,NULL),
	(64,706,'AG10895',1,NULL),
	(82,697,'MC1878',1,NULL),
	(83,707,'AG11083',1,NULL),
	(86,714,'CB10992',1,NULL),
	(88,702,'EE10647',1,NULL),
	(89,713,'EC11131',1,NULL),
	(90,703,'MA1373',1,NULL),
	(92,704,'ME1819',1,NULL),
	(93,705,'MA1334',1,NULL),
	(94,708,'AG10172',1,NULL),
	(98,715,'CB10890',1,NULL),
	(100,685,'EE1437',1,NULL),
	(102,689,'EI1996',1,NULL),
	(105,693,'MC10597',1,NULL),
	(106,709,'MC10299',1,NULL),
	(110,716,'CB10791',1,NULL),
	(111,698,'CS11119',1,NULL),
	(112,686,'EE1785',1,NULL),
	(114,690,'EI10459',1,NULL),
	(117,694,'MC10697',1,NULL),
	(118,710,'AG1312',1,NULL),
	(122,717,'CB11107',1,NULL),
	(123,699,'IS10823',1,NULL),
	(124,687,'EE1325',1,NULL),
	(125,712,'EC11190',1,NULL),
	(126,691,'EI1276',1,NULL),
	(129,695,'MC1843',1,NULL),
	(130,711,'AG10092',1,NULL),
	(134,718,'MA1342',1,NULL),
	(135,700,'CS11101',1,NULL),
	(136,688,'EE10786',1,NULL),
	(138,692,'EI10266',1,NULL),
	(139,701,'IT11146',1,NULL),
	(141,696,'MC10369',1,NULL),
	(142,719,'SM11120',1,NULL);

/*!40000 ALTER TABLE `teacher_course_allocation` ENABLE KEYS */;
UNLOCK TABLES;


# Dump of table teacher_course_appeal
# ------------------------------------------------------------

DROP TABLE IF EXISTS `teacher_course_appeal`;

CREATE TABLE `teacher_course_appeal` (
  `id` int NOT NULL AUTO_INCREMENT,
  `faculty_id` bigint unsigned NOT NULL,
  `appeal_message` text COLLATE utf8mb4_unicode_ci NOT NULL COMMENT 'Message from faculty explaining appeal',
  `appeal_status` tinyint(1) DEFAULT '0' COMMENT '0 = pending, 1 = resolved',
  `hr_action` varchar(50) COLLATE utf8mb4_unicode_ci DEFAULT NULL COMMENT 'APPROVED, REJECTED',
  `hr_message` text COLLATE utf8mb4_unicode_ci COMMENT 'HR response message',
  `created_at` timestamp NULL DEFAULT CURRENT_TIMESTAMP,
  `updated_at` timestamp NULL DEFAULT CURRENT_TIMESTAMP ON UPDATE CURRENT_TIMESTAMP,
  `resolved_at` timestamp NULL DEFAULT NULL,
  PRIMARY KEY (`id`),
  KEY `idx_faculty_id` (`faculty_id`),
  KEY `idx_appeal_status` (`appeal_status`),
  KEY `idx_faculty_status` (`faculty_id`,`appeal_status`),
  KEY `idx_created_at` (`created_at`),
  CONSTRAINT `teacher_course_appeal_ibfk_1` FOREIGN KEY (`faculty_id`) REFERENCES `teachers` (`id`) ON DELETE CASCADE ON UPDATE CASCADE
) ENGINE=InnoDB DEFAULT CHARSET=utf8mb4 COLLATE=utf8mb4_unicode_ci;



# Dump of table teacher_course_history
# ------------------------------------------------------------

DROP TABLE IF EXISTS `teacher_course_history`;

CREATE TABLE `teacher_course_history` (
  `id` int NOT NULL AUTO_INCREMENT,
  `teacher_id` varchar(50) NOT NULL,
  `course_id` int DEFAULT NULL,
  `course_code` varchar(20) DEFAULT NULL,
  `course_name` varchar(255) DEFAULT NULL,
  `course_type_id` int NOT NULL,
  `max_count` int DEFAULT '0',
  `allocated_count` int DEFAULT '0',
  `window_start` date NOT NULL,
  `window_end` date NOT NULL,
  `semester_type` varchar(10) DEFAULT NULL COMMENT 'ODD or EVEN',
  `academic_year` varchar(20) DEFAULT NULL COMMENT 'e.g., 2025-2026',
  `record_type` varchar(20) DEFAULT NULL COMMENT 'limit or course',
  `allocated_date` timestamp NULL DEFAULT NULL COMMENT 'When the cron assigned this course',
  `created_at` timestamp NULL DEFAULT CURRENT_TIMESTAMP,
  `updated_at` timestamp NULL DEFAULT CURRENT_TIMESTAMP ON UPDATE CURRENT_TIMESTAMP,
  `archived_at` timestamp NULL DEFAULT NULL COMMENT 'When this allocation was archived (window closed)',
  PRIMARY KEY (`id`),
  KEY `course_type_id` (`course_type_id`),
  KEY `idx_teacher_id` (`teacher_id`),
  KEY `idx_course_id` (`course_id`),
  KEY `idx_window_dates` (`window_start`,`window_end`),
  KEY `idx_record_type` (`record_type`),
  KEY `idx_archived_at` (`archived_at`),
  KEY `idx_teacher_course_window` (`teacher_id`,`course_type_id`,`window_start`),
  CONSTRAINT `teacher_course_history_ibfk_1` FOREIGN KEY (`course_type_id`) REFERENCES `course_type` (`id`)
) ENGINE=InnoDB DEFAULT CHARSET=utf8mb4 COLLATE=utf8mb4_0900_ai_ci;



# Dump of table teacher_course_limits
# ------------------------------------------------------------

CREATE TABLE `teacher_course_limits` (
  `id` int NOT NULL AUTO_INCREMENT,
  `teacher_id` varchar(50) CHARACTER SET utf8mb4 COLLATE utf8mb4_0900_ai_ci NOT NULL,
  `course_type_id` int NOT NULL,
  `max_count` int DEFAULT '0',
  `updated_at` timestamp NULL DEFAULT CURRENT_TIMESTAMP ON UPDATE CURRENT_TIMESTAMP,
  PRIMARY KEY (`id`) USING BTREE,
  UNIQUE KEY `teacher_id` (`teacher_id`,`course_type_id`) USING BTREE,
  KEY `fk_tcl_course_type` (`course_type_id`) USING BTREE
) ENGINE=InnoDB DEFAULT CHARSET=utf8mb4 COLLATE=utf8mb4_0900_ai_ci ROW_FORMAT=DYNAMIC;



# Dump of table teacher_course_preferences
# ------------------------------------------------------------

CREATE TABLE `teacher_course_preferences` (
  `id` int NOT NULL AUTO_INCREMENT,
  `teacher_id` varchar(100) CHARACTER SET utf8mb4 COLLATE utf8mb4_0900_ai_ci NOT NULL,
  `course_id` varchar(50) CHARACTER SET utf8mb4 COLLATE utf8mb4_0900_ai_ci DEFAULT NULL,
  `semester` int NOT NULL,
  `batch` varchar(10) CHARACTER SET utf8mb4 COLLATE utf8mb4_0900_ai_ci DEFAULT NULL,
  `course_type` int NOT NULL COMMENT 'Foreign key to course_type.id',
  `academic_year` varchar(20) CHARACTER SET utf8mb4 COLLATE utf8mb4_0900_ai_ci DEFAULT NULL,
  `current_semester_type` enum('odd','even') CHARACTER SET utf8mb4 COLLATE utf8mb4_0900_ai_ci DEFAULT NULL,
  `status` enum('pending','approved','active','completed','cancelled') CHARACTER SET utf8mb4 COLLATE utf8mb4_0900_ai_ci DEFAULT NULL,
  `priority` int DEFAULT NULL,
  `created_at` timestamp NULL DEFAULT NULL,
  `updated_at` timestamp NULL DEFAULT NULL,
  `created_by` int DEFAULT NULL,
  `approved_by` int DEFAULT NULL,
  `approved_at` timestamp NULL DEFAULT NULL,
  `notes` text CHARACTER SET utf8mb4 COLLATE utf8mb4_0900_ai_ci,
  `is_active` int DEFAULT '1',
  PRIMARY KEY (`id`) USING BTREE
) ENGINE=InnoDB DEFAULT CHARSET=utf8mb4 COLLATE=utf8mb4_0900_ai_ci ROW_FORMAT=DYNAMIC;



# Dump of table teacher_course_tracking
# ------------------------------------------------------------

CREATE TABLE `teacher_course_tracking` (
  `id` int NOT NULL AUTO_INCREMENT,
  `academic_year` varchar(20) CHARACTER SET utf8mb4 COLLATE utf8mb4_0900_ai_ci NOT NULL,
  `window_start` date DEFAULT NULL,
  `window_end` date DEFAULT NULL,
  `created_at` timestamp NULL DEFAULT CURRENT_TIMESTAMP,
  `updated_at` timestamp NULL DEFAULT CURRENT_TIMESTAMP ON UPDATE CURRENT_TIMESTAMP,
  `current_semester_type` varchar(100) CHARACTER SET utf8mb4 COLLATE utf8mb4_0900_ai_ci DEFAULT NULL,
  `is_active` int DEFAULT '1',
  PRIMARY KEY (`id`) USING BTREE,
  UNIQUE KEY `unique_academic_year` (`academic_year`) USING BTREE
) ENGINE=InnoDB DEFAULT CHARSET=utf8mb4 COLLATE=utf8mb4_0900_ai_ci ROW_FORMAT=DYNAMIC;



# Dump of table teachers
# ------------------------------------------------------------

CREATE TABLE `teachers` (
  `id` bigint unsigned NOT NULL AUTO_INCREMENT,
  `faculty_id` varchar(45) CHARACTER SET utf8mb4 COLLATE utf8mb4_0900_ai_ci NOT NULL,
  `name` varchar(150) CHARACTER SET utf8mb4 COLLATE utf8mb4_0900_ai_ci NOT NULL,
  `email` varchar(150) CHARACTER SET utf8mb4 COLLATE utf8mb4_0900_ai_ci NOT NULL,
  `phone` varchar(15) CHARACTER SET utf8mb4 COLLATE utf8mb4_0900_ai_ci DEFAULT NULL,
  `profile_img` text CHARACTER SET utf8mb4 COLLATE utf8mb4_0900_ai_ci,
  `dept` varchar(100) CHARACTER SET utf8mb4 COLLATE utf8mb4_0900_ai_ci DEFAULT NULL,
  `desg` varchar(100) CHARACTER SET utf8mb4 COLLATE utf8mb4_0900_ai_ci DEFAULT NULL,
  `last_login` timestamp NULL DEFAULT CURRENT_TIMESTAMP,
  `status` tinyint(1) DEFAULT '1',
  `theory_subject_count` int DEFAULT '0',
  `theory_with_lab_subject_count` int DEFAULT '0',
  PRIMARY KEY (`id`) USING BTREE,
  UNIQUE KEY `id` (`id`) USING BTREE,
  UNIQUE KEY `email` (`email`) USING BTREE,
  UNIQUE KEY `uq_faculty_id` (`faculty_id`) USING BTREE,
  KEY `fk_teachers_dept` (`dept`) USING BTREE
) ENGINE=InnoDB AUTO_INCREMENT=96 DEFAULT CHARSET=utf8mb4 COLLATE=utf8mb4_0900_ai_ci ROW_FORMAT=DYNAMIC;

LOCK TABLES `teachers` WRITE;
/*!40000 ALTER TABLE `teachers` DISABLE KEYS */;

INSERT INTO `teachers` (`id`, `faculty_id`, `name`, `email`, `phone`, `profile_img`, `dept`, `desg`, `last_login`, `status`, `theory_subject_count`, `theory_with_lab_subject_count`)
VALUES
	(1,'AG10895','Ms.ANANTHI D','ananthid@bitsathy.ac.in',NULL,NULL,NULL,NULL,'2026-02-27 11:22:26',1,0,0),
	(2,'AD11111','Ms.SURIYA V','suriya@bitsathy.ac.in',NULL,NULL,NULL,NULL,'2026-02-27 11:22:26',1,0,0),
	(3,'AD11009','Mrs.DIVYABARATHI P','divyabarathip@bitsathy.ac.in',NULL,NULL,NULL,NULL,'2026-02-27 11:22:26',1,0,0),
	(4,'AM2241','Dr.KODIESWARI A','kodieswaria@bitsathy.ac.in',NULL,NULL,NULL,NULL,'2026-02-27 11:22:26',1,0,0),
	(5,'AD11169','Mrs.MANOCHITRA A S','manochitra@bitsathy.ac.in',NULL,NULL,NULL,NULL,'2026-02-27 11:22:26',1,0,0),
	(6,'BT10375','Dr.S.Ashwin Raj','ashwinraj@bitsathy.ac.in',NULL,NULL,NULL,NULL,'2026-02-27 11:22:26',1,0,0),
	(7,'BT10978','Mrs.SAKTHISHOBANA K','sakthishobanak@bitsathy.ac.in',NULL,NULL,NULL,NULL,'2026-02-27 11:22:26',1,0,0),
	(8,'CB11170','Ms.VAISHNAVI N','vaishnavin@bitsathy.ac.in',NULL,NULL,NULL,NULL,'2026-02-27 11:22:26',1,0,0),
	(9,'CS11185','Mr. M J Aswin Jaya Surya','aswinjayasuryamj@bitsathy.ac.in',NULL,NULL,NULL,NULL,'2026-02-27 11:22:26',1,0,0),
	(10,'CS10861','Ms.SANGAVI N','sangavin@bitsathy.ac.in',NULL,NULL,NULL,NULL,'2026-02-27 11:22:26',1,0,0),
	(11,'CS10963','Dr.RAJESHKUMAR G','rajeshkumarg@bitsathy.ac.in',NULL,NULL,NULL,NULL,'2026-02-27 11:22:26',1,0,0),
	(12,'EE10155','Dr.ALEX STANLEY RAJA T','alexstanleyraja@bitsathy.ac.in',NULL,NULL,NULL,NULL,'2026-02-27 11:22:26',1,0,0),
	(13,'EE1311','Dr.SRINIVASAN M','srinivasanm@bitsathy.ac.in',NULL,NULL,NULL,NULL,'2026-02-27 11:22:26',1,0,0),
	(14,'IT11173','Mrs.GAYATHRI D','gayathrid@bitsathy.ac.in',NULL,NULL,NULL,NULL,'2026-02-27 11:22:26',1,0,0),
	(15,'EC11147','Mrs.RAGAVI M','ragavim@bitsathy.ac.in',NULL,NULL,NULL,NULL,'2026-02-27 11:22:26',1,0,0),
	(16,'EI10249','Dr.DHANASEKAR R','dhanasekar@bitsathy.ac.in',NULL,NULL,NULL,NULL,'2026-02-27 11:22:26',1,0,0),
	(17,'IT11105','Mrs.SANTHIYA B','santhiyab@bitsathy.ac.in',NULL,NULL,NULL,NULL,'2026-02-27 11:22:26',1,0,0),
	(18,'IT1846','Dr.NAVEENA S','naveena@bitsathy.ac.in',NULL,NULL,NULL,NULL,'2026-02-27 11:22:26',1,0,0),
	(19,'ME1877','Mr.SATHISHKUMAR C','sathishkumarc@bitsathy.ac.in',NULL,NULL,NULL,NULL,'2026-02-27 11:22:26',1,0,0),
	(20,'MC1878','Dr.JEGADHEESWARAN S','jegadheeswarans@bitsathy.ac.in',NULL,NULL,NULL,NULL,'2026-02-27 11:22:26',1,0,0),
	(21,'AG11083','Dr.RAGHUL S','raghul@bitsathy.ac.in',NULL,NULL,NULL,NULL,'2026-02-27 11:22:26',1,0,0),
	(22,'MA11028','Mr.SURESH R','sureshr@bitsathy.ac.in',NULL,NULL,NULL,NULL,'2026-02-27 11:22:26',1,0,0),
	(23,'BT1477','Dr.S.Tamilselvi','TAMILSELVIS@bitsathy.ac.in',NULL,NULL,NULL,NULL,'2026-02-27 11:22:26',1,0,0),
	(24,'CB10992','Mrs.SARANYA N','saranyanj@bitsathy.ac.in',NULL,NULL,NULL,NULL,'2026-02-27 11:22:26',1,0,0),
	(25,'MA10518','Dr.PRABAKARAN P','prabakaran@bitsathy.ac.in',NULL,NULL,NULL,NULL,'2026-02-27 11:22:26',1,0,0),
	(26,'EE10647','Dr.J.Senthilkumar','senthilkumarj@bitsathy.ac.in',NULL,NULL,NULL,NULL,'2026-02-27 11:22:26',1,0,0),
	(27,'EC11131','Dr.SANKARANANTH S','sankarananth@bitsathy.ac.in',NULL,NULL,NULL,NULL,'2026-02-27 11:22:26',1,0,0),
	(28,'MA1373','Dr.SARAVANA MOORTHI P','saravanamoorthip@bitsathy.ac.in',NULL,NULL,NULL,NULL,'2026-02-27 11:22:26',1,0,0),
	(29,'ME1819','Dr.DINESH D','dineshd@bitsathy.ac.in',NULL,NULL,NULL,NULL,'2026-02-27 11:22:26',1,0,0),
	(30,'MA1334','Dr.PRABHAVATHI K','prabhavathik@bitsathy.ac.in',NULL,NULL,NULL,NULL,'2026-02-27 11:22:26',1,0,0),
	(31,'AG10172','Dr.VINOTH KUMAR J','vinothkumar@bitsathy.ac.in',NULL,NULL,NULL,NULL,'2026-02-27 11:22:26',1,0,0),
	(32,'AD11089','Mrs.RESHMI T S','reshmits@bitsathy.ac.in',NULL,NULL,NULL,NULL,'2026-02-27 11:22:26',1,0,0),
	(33,'AM11095','Ms M Gayathri Devi','gayathridevi@bitsathy.ac.in',NULL,NULL,NULL,NULL,'2026-02-27 11:22:26',1,0,0),
	(34,'ME10492','Dr.K.B.Prakash','prakashkb@bitsathy.ac.in',NULL,NULL,NULL,NULL,'2026-02-27 11:22:26',1,0,0),
	(35,'CB10890','Ms.YUVALATHA S','yuvalathas@bitsathy.ac.in',NULL,NULL,NULL,NULL,'2026-02-27 11:22:26',1,0,0),
	(36,'CS11094','Mrs. S. Rathna','rathna@bitsathy.ac.in',NULL,NULL,NULL,NULL,'2026-02-27 11:22:26',1,0,0),
	(37,'EE1437','Dr.S.Veerakumar','veerakumars@bitsathy.ac.in',NULL,NULL,NULL,NULL,'2026-02-27 11:22:26',1,0,0),
	(38,'EC10680','Dr.PERARASI T','perarasi@bitsathy.ac.in',NULL,NULL,NULL,NULL,'2026-02-27 11:22:26',1,0,0),
	(39,'EI1996','Dr.ARUN JAYAKAR S','arunjayakars@bitsathy.ac.in',NULL,NULL,NULL,NULL,'2026-02-27 11:22:26',1,0,0),
	(40,'IT10262','Ms.SABARMATHI K R','sabarmathi@bitsathy.ac.in',NULL,NULL,NULL,NULL,'2026-02-27 11:22:26',1,0,0),
	(41,'AU10645','Dr.DHAYANEETHI S','dhayaneethi@bitsathy.ac.in',NULL,NULL,NULL,NULL,'2026-02-27 11:22:26',1,0,0),
	(42,'MC10597','Dr.RAGHAVENDRA PRABHU S','raghavendraprabhu@bitsathy.ac.in',NULL,NULL,NULL,NULL,'2026-02-27 11:22:26',1,0,0),
	(43,'MC10299','Mr.VIGNESH S','vignesh@bitsathy.ac.in',NULL,NULL,NULL,NULL,'2026-02-27 11:22:26',1,0,0),
	(44,'AD11068','Ms. BENITA GRACIA THANGAM J','benitagraciathangam@bitsathy.ac.in',NULL,NULL,NULL,NULL,'2026-02-27 11:22:26',1,0,0),
	(45,'AM10956','Ms.KARTHIKA S','karthikas@bitsathy.ac.in',NULL,NULL,NULL,NULL,'2026-02-27 11:22:26',1,0,0),
	(46,'BT11050','Mrs.R T Vinodhini','vinodhinirt@bitsathy.ac.in',NULL,NULL,NULL,NULL,'2026-02-27 11:22:26',1,0,0),
	(47,'CB10791','Mr.CHANDRU K S','chandruks@bitsathy.ac.in',NULL,NULL,NULL,NULL,'2026-02-27 11:22:26',1,0,0),
	(48,'CS11119','Ms. S. Parkavi','parkavi@bitsathy.ac.in',NULL,NULL,NULL,NULL,'2026-02-27 11:22:26',1,0,0),
	(49,'EE1785','Dr.V.Mohanapriya','mohanapriyav@bitsathy.ac.in',NULL,NULL,NULL,NULL,'2026-02-27 11:22:26',1,0,0),
	(50,'EC10969','Dr.VENKATESHKUMAR U','venkateshkumaru@bitsathy.ac.in',NULL,NULL,NULL,NULL,'2026-02-27 11:22:26',1,0,0),
	(51,'EI10459','Mr.PRAVIN SAVARIDASS M','pravinsavaridass@bitsathy.ac.in',NULL,NULL,NULL,NULL,'2026-02-27 11:22:26',1,0,0),
	(52,'IT11144','Mrs.SHANGARA NARAYANEE N P','shangaranarayanee@bitsathy.ac.in',NULL,NULL,NULL,NULL,'2026-02-27 11:22:26',1,0,0),
	(53,'ME10098','Dr.PRADEEP A D','pradeep@bitsathy.ac.in',NULL,NULL,NULL,NULL,'2026-02-27 11:22:26',1,0,0),
	(54,'MC10697','Dr.VADIVEL VIVEK V','vadivelvivek@bitsathy.ac.in',NULL,NULL,NULL,NULL,'2026-02-27 11:22:26',1,0,0),
	(55,'AG1312','Dr.UVARAJA V C','uvarajavc@bitsathy.ac.in',NULL,NULL,NULL,NULL,'2026-02-27 11:22:26',1,0,0),
	(56,'AD11104','Mrs. KALPANA R','kalpana@bitsathy.ac.in',NULL,NULL,NULL,NULL,'2026-02-27 11:22:26',1,0,0),
	(57,'AM11166','Ms M K Saranya','saranyamk@bitsathy.ac.in',NULL,NULL,NULL,NULL,'2026-02-27 11:22:26',1,0,0),
	(58,'BT10708','Mr.S.Rajaseetharama','rajaseetharama@bitsathy.ac.in',NULL,NULL,NULL,NULL,'2026-02-27 11:22:26',1,0,0),
	(59,'CB11107','Ms.NAVEENYA B P','naveenya@bitsathy.ac.in',NULL,NULL,NULL,NULL,'2026-02-27 11:22:26',1,0,0),
	(60,'IS10823','Mr. R. Gopal','gopalr@bitsathy.ac.in',NULL,NULL,NULL,NULL,'2026-02-27 11:22:26',1,0,0),
	(61,'EE1325','Dr.RAJALASHMI K','rajalashmik@bitsathy.ac.in',NULL,NULL,NULL,NULL,'2026-02-27 11:22:26',1,0,0),
	(62,'EC11190','Dr.TAMILARASI R','tamilarasir@bitsathy.ac.in',NULL,NULL,NULL,NULL,'2026-02-27 11:22:26',1,0,0),
	(63,'EI1276','Dr.GANESH BABU C','ganeshbabuc@bitsathy.ac.in',NULL,NULL,NULL,NULL,'2026-02-27 11:22:26',1,0,0),
	(64,'IT10824','Dr.CHANDRAPRABHA K','chandraprabhak@bitsathy.ac.in',NULL,NULL,NULL,NULL,'2026-02-27 11:22:26',1,0,0),
	(65,'ME1974','Mr.SAKTHIVEL MURUGAN E','sakthivelmurugane@bitsathy.ac.in',NULL,NULL,NULL,NULL,'2026-02-27 11:22:26',1,0,0),
	(66,'MC1843','Dr.SENTHILKUMAR P','senthilkumarp@bitsathy.ac.in',NULL,NULL,NULL,NULL,'2026-02-27 11:22:26',1,0,0),
	(67,'AG10092','Dr.VASUDEVAN M','vasudevan@bitsathy.ac.in',NULL,NULL,NULL,NULL,'2026-02-27 11:22:26',1,0,0),
	(68,'AD10931','Mr. BALASAMY K','balasamyk@bitsathy.ac.in',NULL,NULL,NULL,NULL,'2026-02-27 11:22:26',1,0,0),
	(69,'AM11052','Ms K Mohanapriya','mohanapriyak@bitsathy.ac.in',NULL,NULL,NULL,NULL,'2026-02-27 11:22:26',1,0,0),
	(70,'BT1388','Dr.K.P.Kannan','kannankp@bitsathy.ac.in',NULL,NULL,NULL,NULL,'2026-02-27 11:22:26',1,0,0),
	(71,'MA1342','Dr.VINOTHINI V R','vinothinivr@bitsathy.ac.in',NULL,NULL,NULL,NULL,'2026-02-27 11:22:26',1,0,0),
	(72,'CS11101','Mrs. M. Alamelu','alamelu@bitsathy.ac.in',NULL,NULL,NULL,NULL,'2026-02-27 11:22:26',1,0,0),
	(73,'EE10786','Dr.P.Manojkumar','manojkumarp@bitsathy.ac.in',NULL,NULL,NULL,NULL,'2026-02-27 11:22:26',1,0,0),
	(74,'EC1834','Dr.SANJOY DEB','sanjoydeb@bitsathy.ac.in',NULL,NULL,NULL,NULL,'2026-02-27 11:22:26',1,0,0),
	(75,'EI10266','Dr.HARITHA J','haritha@bitsathy.ac.in',NULL,NULL,NULL,NULL,'2026-02-27 11:22:26',1,0,0),
	(76,'IT11146','Ms.INDHU BHASHINI V','indhubhashiniv@bitsathy.ac.in',NULL,NULL,NULL,NULL,'2026-02-27 11:22:26',1,0,0),
	(77,'ME1094','Dr.SENTHILKUMAR G','senthilkumarg@bitsathy.ac.in',NULL,NULL,NULL,NULL,'2026-02-27 11:22:26',1,0,0),
	(78,'MC10369','Dr.NIJANDHAN K','nijandhan@bitsathy.ac.in',NULL,NULL,NULL,NULL,'2026-02-27 11:22:26',1,0,0),
	(79,'SM11120','Dr.VIDHYA S','vidhyas@bitsathy.ac.in',NULL,NULL,NULL,NULL,'2026-02-27 11:22:26',1,0,0),
	(80,'CH1558','Dr.PRAVEENA R','praveenar@bitsathy.ac.in',NULL,NULL,NULL,NULL,'2026-02-27 11:22:26',1,0,0),
	(81,'CH1894','Dr.MALATHI MAHALINGAM','malathimahalingamm@bitsathy.ac.in',NULL,NULL,NULL,NULL,'2026-02-27 11:22:26',1,0,0),
	(82,'CH10957','Dr.DEEPHA V','deephav@bitsathy.ac.in',NULL,NULL,NULL,NULL,'2026-02-27 11:22:26',1,0,0),
	(83,'CH1493','Dr.SUBHAPRIYA P','subhapriyap@bitsathy.ac.in',NULL,NULL,NULL,NULL,'2026-02-27 11:22:26',1,0,0),
	(84,'CH11127','Dr.MANIGANDAN S','manigandan@bitsathy.ac.in',NULL,NULL,NULL,NULL,'2026-02-27 11:22:26',1,0,0),
	(85,'CH1578','Dr.KAVITHA C','kavithac@bitsathy.ac.in',NULL,NULL,NULL,NULL,'2026-02-27 11:22:26',1,0,0),
	(86,'CH10003','Dr.SATHISH V','sathishv@bitsathy.ac.in',NULL,NULL,NULL,NULL,'2026-02-27 11:22:26',1,0,0),
	(87,'CH1557','Dr.VIJAYANAND P S','vijayanandps@bitsathy.ac.in',NULL,NULL,NULL,NULL,'2026-02-27 11:22:26',1,0,0),
	(88,'CH10314','Dr.VISWANATHAN G','viswanathan@bitsathy.ac.in',NULL,NULL,NULL,NULL,'2026-02-27 11:22:26',1,0,0),
	(89,'CH10225','Dr.MUTHUKUMAR P','muthukumar@bitsathy.ac.in',NULL,NULL,NULL,NULL,'2026-02-27 11:22:26',1,0,0),
	(90,'HU11011','Dr.AJAI A','ajai@bitsathy.ac.in',NULL,NULL,NULL,NULL,'2026-02-27 11:22:26',1,0,0),
	(91,'HU11125','Dr.GAYATHRI G M','gayathri@bitsathy.ac.in',NULL,NULL,NULL,NULL,'2026-02-27 11:22:26',1,0,0),
	(92,'HU11151','Dr.NITHYA S','nithyas@bitsathy.ac.in',NULL,NULL,NULL,NULL,'2026-02-27 11:22:26',1,0,0),
	(93,'HU11139','Dr.ASLIN JERUSHA D','aslinjerusha@bitsathy.ac.in',NULL,NULL,NULL,NULL,'2026-02-27 11:22:26',1,0,0),
	(94,'HU11141','Dr.EZHIL G','ezhil@bitsathy.ac.in',NULL,NULL,NULL,NULL,'2026-02-27 11:22:26',1,0,0),
	(95,'HU11159','Dr.JAYA K','jayak@bitsathy.ac.in',NULL,NULL,NULL,NULL,'2026-02-27 11:22:26',1,0,0);

/*!40000 ALTER TABLE `teachers` ENABLE KEYS */;
UNLOCK TABLES;


# Dump of table temp_import_table
# ------------------------------------------------------------

CREATE TABLE `temp_import_table` (
  `enrollment_no` varchar(50) DEFAULT NULL,
  `email` varchar(100) DEFAULT NULL,
  `student_id` varchar(50) DEFAULT NULL,
  `name` varchar(150) DEFAULT NULL,
  `department` varchar(20) DEFAULT NULL,
  `faculty_id` varchar(50) DEFAULT NULL,
  `course_column` varchar(255) DEFAULT NULL
) ENGINE=InnoDB DEFAULT CHARSET=utf8mb4 COLLATE=utf8mb4_0900_ai_ci;

LOCK TABLES `temp_import_table` WRITE;
/*!40000 ALTER TABLE `temp_import_table` DISABLE KEYS */;

INSERT INTO `temp_import_table` (`enrollment_no`, `email`, `student_id`, `name`, `department`, `faculty_id`, `course_column`)
VALUES
	('2024UAG1012','mohamedrajikm.ag24@bitsathy.ac.in','7376242AG112','MOHAMED RAJIK M','AGRI','AG10895','22AG040-TECHNOLOGY OF SEED PROCESSING'),
	('2024UAD1114','chinnamanib.ad24@bitsathy.ac.in','7376242AD130','CHINNAMANI B','AIDS','AD11111','22AI043-PYTHON FOR DATA SCIENCE'),
	('2024UAD1006','deepakkr.ad24@bitsathy.ac.in','7376242AD137','DEEPAK K','AIDS','AD11111','22AI043-PYTHON FOR DATA SCIENCE'),
	('2024UAD1062','hashmithap.ad24@bitsathy.ac.in','7376242AD178','HASHMITHA P','AIDS','AD11009','22AI002-UI AND UX DESIGN'),
	('2024UAD1033','jaganmohanr.ad24@bitsathy.ac.in','7376242AD183','JAGAN MOHAN R','AIDS','AD11009','22AI002-UI AND UX DESIGN'),
	('2024UAD1151','jaisuryas.ad24@bitsathy.ac.in','7376242AD186','JAISURYA S','AIDS','AD11111','22AI043-PYTHON FOR DATA SCIENCE'),
	('2024UAD1221','jayeshs.ad24@bitsathy.ac.in','7376242AD189','JAYESH S','AIDS','AD11111','22AI043-PYTHON FOR DATA SCIENCE'),
	('2024UAD1161','mohammednadheems.ad24@bitsathy.ac.in','7376242AD218','MOHAMMED NADHEEM S','AIDS','AD11009','22AI002-UI AND UX DESIGN'),
	('2024UAD1149','prateekds.ad24@bitsathy.ac.in','7376242AD254','PRATEEK D S','AIDS','AD11009','22AI002-UI AND UX DESIGN'),
	('2024UAD1141','srisabarisrinivass.ad24@bitsathy.ac.in','7376242AD308','SRI SABARI SRINIVAS S','AIDS','AD11009','22AI002-UI AND UX DESIGN'),
	('2024UAD1232','vishnudharanm.ad24@bitsathy.ac.in','7376242AD343','VISHNUDHARAN M','AIDS','AD11111','22AI043-PYTHON FOR DATA SCIENCE'),
	('2025UAD5014','nandidak.ad24@bitsathy.ac.in','7376252AD508','NANDIDA K','AIDS','AD11009','22AI002-UI AND UX DESIGN'),
	('2024UAL1031','pradeepg.al24@bitsathy.ac.in','7376242AL165','PRADEEP G','AIML','AM2241','22AM002-UI AND UX DESIGN'),
	('2024UAL1012','thipeswarv.al24@bitsathy.ac.in','7376242AL207','THIPESWAR V','AIML','AD11169','22AM027-MOBILE AND WEB APPLICATION'),
	('2024UBT1094','deepasreep.bt24@bitsathy.ac.in','7376242BT115','DEEPA SREE P','BT','BT10375','22BT003-ENVIRONMENTAL BIOTECHNOLOGY'),
	('2024UBT1101','dharshinipr.bt24@bitsathy.ac.in','7376242BT123','DHARSHINI R','BT','BT10375','22BT003-ENVIRONMENTAL BIOTECHNOLOGY'),
	('2024UBT1120','hemam.bt24@bitsathy.ac.in','7376242BT138','HEMA M','BT','BT10978','22BT012-BIODIVERSITY AND AGROFORESTRY'),
	('2024UBT1119','kavyav.bt24@bitsathy.ac.in','7376242BT151','KAVYA V','BT','BT10978','22BT012-BIODIVERSITY AND AGROFORESTRY'),
	('2024UBT1106','madhupratikas.bt24@bitsathy.ac.in','7376242BT156','MADHU PRATIKA S','BT','BT10375','22BT003-ENVIRONMENTAL BIOTECHNOLOGY'),
	('2024UBT1108','malarvizhia.bt24@bitsathy.ac.in','7376242BT157','MALARVIZHI A','BT','BT10375','22BT003-ENVIRONMENTAL BIOTECHNOLOGY'),
	('2024UBT1073','nithishkumarr.bt24@bitsathy.ac.in','7376242BT170','NITHISH KUMAR R','BT','BT10375','22BT003-ENVIRONMENTAL BIOTECHNOLOGY'),
	('2024UBT1089','praveenkumarm.bt24@bitsathy.ac.in','7376242BT174','PRAVEEN KUMAR M','BT','BT10978','22BT012-BIODIVERSITY AND AGROFORESTRY'),
	('2024UBT1062','ragulb.bt24@bitsathy.ac.in','7376242BT176','RAGUL B','BT','BT10375','22BT003-ENVIRONMENTAL BIOTECHNOLOGY'),
	('2024UBT1025','thanigaivelank.bt24@bitsathy.ac.in','7376242BT214','THANIGAIVELAN K','BT','BT10375','22BT003-ENVIRONMENTAL BIOTECHNOLOGY'),
	('2024UBT1118','varshinipriyap.bt24@bitsathy.ac.in','7376242BT219','VARSHINIPRIYA P','BT','BT10978','22BT012-BIODIVERSITY AND AGROFORESTRY'),
	('2025UBT5001','madhans.bt24@bitsathy.ac.in','7376252BT501','MADHAN S','BT','BT10375','22BT003-ENVIRONMENTAL BIOTECHNOLOGY'),
	('2024UCB1044','asvikaash.cb24@bitsathy.ac.in','7376242CB102','A S VIKAASH','CSBS','CB11170','22CB031-INTRODUCTION TO INNOVATION IP MANAGEMENT AND ENTREPRENEURSHIP'),
	('2024UCB1041','dharshansreer.cb24@bitsathy.ac.in','7376242CB116','DHARSHAN SREE R','CSBS','CB11170','22CB031-INTRODUCTION TO INNOVATION IP MANAGEMENT AND ENTREPRENEURSHIP'),
	('2024UCB1043','dhayanandprabavathivelusamy.cb24@bitsathy.ac.in','7376242CB119','DHAYANAND PRABAVATHI VELUSAMY','CSBS','CB11170','22CB031-INTRODUCTION TO INNOVATION IP MANAGEMENT AND ENTREPRENEURSHIP'),
	('2024UCB1039','lakshmanbabur.cb24@bitsathy.ac.in','7376242CB133','LAKSHMAN BABU R','CSBS','CB11170','22CB031-INTRODUCTION TO INNOVATION IP MANAGEMENT AND ENTREPRENEURSHIP'),
	('2024UCB1060','madheshk.cb24@bitsathy.ac.in','7376242CB134','MADHESH K','CSBS','CB11170','22CB031-INTRODUCTION TO INNOVATION IP MANAGEMENT AND ENTREPRENEURSHIP'),
	('2025UCB5003','suryam.cb24@bitsathy.ac.in','7376252CB502','SURYA M','CSBS','CB11170','22CB031-INTRODUCTION TO INNOVATION IP MANAGEMENT AND ENTREPRENEURSHIP'),
	('2025UCB5002','THIRUMURUGANS.CB24@bitsathy.ac.in','7376252CB503','THIRUMURUGAN S','CSBS','CB11170','22CB031-INTRODUCTION TO INNOVATION IP MANAGEMENT AND ENTREPRENEURSHIP'),
	('2024UCS1279','bharathkrishnas.cs24@bitsathy.ac.in','7376241CS143','BHARATHKRISHNA S','CSE','CS11185','22CS008-UI AND UX DESIGN'),
	('2024UCS1254','dhanusiyast.cs24@bitsathy.ac.in','7376241CS155','DHANUSIYA T','CSE','CS11185','22CS008-UI AND UX DESIGN'),
	('2024UCS1352','karthikeyanb.cs24@bitsathy.ac.in','7376241CS230','KARTHIKEYAN B','CSE','CS10861','22CS007-AGILE SOFTWARE DEVELOPMENT'),
	('2024UCS1016','nishanthim.cs24@bitsathy.ac.in','7376241CS305','NISHANTHI M','CSE','CS10963','22CS039-INTERNET OF THINGS'),
	('2024UCS1325','rahulpraneshp.cs24@bitsathy.ac.in','7376241CS334','RAHUL PRANESH P','CSE','CS11185','22CS008-UI AND UX DESIGN'),
	('2024UCS1283','shruthikas.cs24@bitsathy.ac.in','7376241CS392','SHRUTHIKA S','CSE','CS11185','22CS008-UI AND UX DESIGN'),
	('2025UCS5024','ajayr.cs24@bitsathy.ac.in','7376251CS503','AJAY R','CSE','CS11185','22CS008-UI AND UX DESIGN'),
	('2025UCS5010','deepake.cs24@bitsathy.ac.in','7376251CS506','DEEPAK E','CSE','CS10963','22CS039-INTERNET OF THINGS'),
	('2025UCS5007','dharanipriyanc.cs24@bitsathy.ac.in','7376251CS507','DHARANI PRIYAN C','CSE','CS10963','22CS039-INTERNET OF THINGS'),
	('2025UCS5006','dharuns.cs24@bitsathy.ac.in','7376251CS508','DHARUN S','CSE','CS11185','22CS008-UI AND UX DESIGN'),
	('2025UCS5021','jeevags.cs24@bitsathy.ac.in','7376251CS511','JEEVA G S','CSE','CS11185','22CS008-UI AND UX DESIGN'),
	('2025UCS5016','kamaleshpm.cs24@bitsathy.ac.in','7376251CS512','KAMALESH P M','CSE','CS10861','22CS007-AGILE SOFTWARE DEVELOPMENT'),
	('2025UCS5011','krishnaprasanths.cs24@bitsathy.ac.in','7376251CS513','KRISHNAPRASANTH S','CSE','CS10963','22CS039-INTERNET OF THINGS'),
	('2024UEE1041','chandranj.ee24@bitsathy.ac.in','7376241EE114','CHANDRAN J','EEE','EE10155','22EE007-ADVANCED POWER SEMICONDUCTOR DEVICES'),
	('2024UEE1076','dharnishar.ee24@bitsathy.ac.in','7376241EE122','DHARNISHA R','EEE','EE1311','22EE033-ILLUMINATION ENGINEERING'),
	('2024UEE1082','harshithm.ee24@bitsathy.ac.in','7376241EE132','HARSHITH M','EEE','EE1311','22EE033-ILLUMINATION ENGINEERING'),
	('2024UEE1099','lokeshsekharms.ee24@bitsathy.ac.in','7376241EE142','LOKESHSEKHAR M S','EEE','EE10155','22EE007-ADVANCED POWER SEMICONDUCTOR DEVICES'),
	('2024UEE1109','maniv.ee24@bitsathy.ac.in','7376241EE145','MANI V','EEE','EE1311','22EE033-ILLUMINATION ENGINEERING'),
	('2024UEE1114','manoa.ee24@bitsathy.ac.in','7376241EE146','MANO A','EEE','EE10155','22EE007-ADVANCED POWER SEMICONDUCTOR DEVICES'),
	('2024UEE1089','naveenkumarr.ee24@bitsathy.ac.in','7376241EE157','NAVEENKUMAR R','EEE','EE10155','22EE007-ADVANCED POWER SEMICONDUCTOR DEVICES'),
	('2024UEE1096','sanjaykumarr.ee24@bitsathy.ac.in','7376241EE185','SANJAYKUMAR R','EEE','EE10155','22EE007-ADVANCED POWER SEMICONDUCTOR DEVICES'),
	('2024UEE1118','shripriyaner.ee24@bitsathy.ac.in','7376241EE188','SHRIPRIYAN E R','EEE','EE1311','22EE033-ILLUMINATION ENGINEERING'),
	('2024UEE1097','siddhaarthr.ee24@bitsathy.ac.in','7376241EE190','SIDDHAARTH R','EEE','EE1311','22EE033-ILLUMINATION ENGINEERING'),
	('2024UEE1092','srisaraswathip.ee24@bitsathy.ac.in','7376241EE196','SRI SARASWATHI P','EEE','EE1311','22EE033-ILLUMINATION ENGINEERING'),
	('2024UEE1059','subhapradham.ee24@bitsathy.ac.in','7376241EE199','SUBHA PRADHA M','EEE','EE1311','22EE033-ILLUMINATION ENGINEERING'),
	('2024UEE1047','thanujasrib.ee24@bitsathy.ac.in','7376241EE205','THANUJA SRI B','EEE','EE1311','22EE033-ILLUMINATION ENGINEERING'),
	('2024UEE1115','vaibhavnarayananv.ee24@bitsathy.ac.in','7376241EE207','VAIBHAV NARAYANAN V','EEE','EE10155','22EE007-ADVANCED POWER SEMICONDUCTOR DEVICES'),
	('2024UEE1011','vaishihasv.ee24@bitsathy.ac.in','7376241EE208','VAISHIHA S V','EEE','EE1311','22EE033-ILLUMINATION ENGINEERING'),
	('2024UEE1093','vharshaadm.ee24@bitsathy.ac.in','7376241EE211','VHARSHAA D M','EEE','EE1311','22EE033-ILLUMINATION ENGINEERING'),
	('2024UEE1037','vinithmk.ee24@bitsathy.ac.in','7376241EE213','VINITH M K','EEE','EE10155','22EE007-ADVANCED POWER SEMICONDUCTOR DEVICES'),
	('2024UEE1074','vishalpk.ee24@bitsathy.ac.in','7376241EE214','VISHAL P K','EEE','EE10155','22EE007-ADVANCED POWER SEMICONDUCTOR DEVICES'),
	('2024UEE1078','vishodhanv.ee24@bitsathy.ac.in','7376241EE215','VISHODHAN V','EEE','EE10155','22EE007-ADVANCED POWER SEMICONDUCTOR DEVICES'),
	('2025UEE5013','bhoomikas.ee24@bitsathy.ac.in','7376251EE501','BHOOMIKA S','EEE','EE1311','22EE033-ILLUMINATION ENGINEERING'),
	('2025UEE5014','haswinu.ee24@bitsathy.ac.in','7376251EE504','HASWIN U','EEE','EE10155','22EE007-ADVANCED POWER SEMICONDUCTOR DEVICES'),
	('2025UEE5004','yashwanthk.ee24@bitsathy.ac.in','7376251EE517','YASHWANTH K','EEE','EE10155','22EE007-ADVANCED POWER SEMICONDUCTOR DEVICES'),
	('2024UEC1242','aathithyentss.ec24@bitsathy.ac.in','7376241EC103','AATHITHYEN T S S','ECE','IT11173','22EC040-PYTHON PROGRAMMING FOR AI AND ML'),
	('2024UEC1205','akilvetrivelm.ec24@bitsathy.ac.in','7376241EC111','AKIL VETRIVEL M','ECE','EC11147','22EC001-ADVANCED PROCESSOR ARCHITECTURES'),
	('2024UEC1188','darshans.ec24@bitsathy.ac.in','7376241EC133','DARSHAN S','ECE','EC11147','22EC001-ADVANCED PROCESSOR ARCHITECTURES'),
	('2024UEC1044','dhanushkumars.ec24@bitsathy.ac.in','7376241EC137','DHANUSH KUMAR S','ECE','EC11147','22EC001-ADVANCED PROCESSOR ARCHITECTURES'),
	('2024UEC1222','dhayaanithirr.ec24@bitsathy.ac.in','7376241EC142','DHAYAANITHI R R','ECE','EC11147','22EC001-ADVANCED PROCESSOR ARCHITECTURES'),
	('2024UEC1177','dhianeshrk.ec24@bitsathy.ac.in','7376241EC145','DHIANESH R K','ECE','EC11147','22EC001-ADVANCED PROCESSOR ARCHITECTURES'),
	('2024UEC1161','dhiyaneshv.ec24@bitsathy.ac.in','7376241EC147','DHIYANESH V','ECE','IT11173','22EC040-PYTHON PROGRAMMING FOR AI AND ML'),
	('2024UEC1208','kabilana.ec24@bitsathy.ac.in','7376241EC184','KABILAN A','ECE','IT11173','22EC040-PYTHON PROGRAMMING FOR AI AND ML'),
	('2024UEC1079','mariasebatinirp.ec24@bitsathy.ac.in','7376241EC213','MARIA SEBATINI R P','ECE','EC11147','22EC001-ADVANCED PROCESSOR ARCHITECTURES'),
	('2024UEC1136','nithershanam.ec24@bitsathy.ac.in','7376241EC240','NITHERSHANA M','ECE','EC11147','22EC001-ADVANCED PROCESSOR ARCHITECTURES'),
	('2024UEC1153','nithileshj.ec24@bitsathy.ac.in','7376241EC241','NITHILESH J','ECE','IT11173','22EC040-PYTHON PROGRAMMING FOR AI AND ML'),
	('2024UEC1166','nithishkumarpalanisamy.ec24@bitsathy.ac.in','7376241EC243','NITHISH KUMAR PALANISAMY','ECE','IT11173','22EC040-PYTHON PROGRAMMING FOR AI AND ML'),
	('2024UEC1219','nizamsheriefn.ec24@bitsathy.ac.in','7376241EC246','NIZAM SHERIEF N','ECE','IT11173','22EC040-PYTHON PROGRAMMING FOR AI AND ML'),
	('2024UEC1125','prajina.ec24@bitsathy.ac.in','7376241EC256','PRAJIN A','ECE','EC11147','22EC001-ADVANCED PROCESSOR ARCHITECTURES'),
	('2024UEC1207','prateektr.ec24@bitsathy.ac.in','7376241EC261','PRATEEK T R','ECE','IT11173','22EC040-PYTHON PROGRAMMING FOR AI AND ML'),
	('2024UEC1018','rishikanthvt.ec24@bitsathy.ac.in','7376241EC273','RISHIKANTH V T','ECE','IT11173','22EC040-PYTHON PROGRAMMING FOR AI AND ML'),
	('2024UEC1227','sakthivelt.ec24@bitsathy.ac.in','7376241EC284','SAKTHIVEL T','ECE','EC11147','22EC001-ADVANCED PROCESSOR ARCHITECTURES'),
	('2024UEC1184','sanjays.ec24@bitsathy.ac.in','7376241EC287','SANJAY S','ECE','IT11173','22EC040-PYTHON PROGRAMMING FOR AI AND ML'),
	('2024UEC1007','sanjeedvs.ec24@bitsathy.ac.in','7376241EC288','SANJEED V S','ECE','EC11147','22EC001-ADVANCED PROCESSOR ARCHITECTURES'),
	('2024UEC1239','sridharsankv.ec24@bitsathy.ac.in','7376241EC312','SRI DHARSAN K V','ECE','EC11147','22EC001-ADVANCED PROCESSOR ARCHITECTURES'),
	('2025UEC5021','moulidharanr.ec24@bitsathy.ac.in','7376251EC509','MOULIDHARAN R','ECE','EC11147','22EC001-ADVANCED PROCESSOR ARCHITECTURES'),
	('2025UEC5004','sabarisht.ec24@bitsathy.ac.in','7376251EC516','SABARISH T','ECE','EC11147','22EC001-ADVANCED PROCESSOR ARCHITECTURES'),
	('2024UEI1047','anjaivikasansv.ei24@bitsathy.ac.in','7376241EI104','ANJAI VIKASAN S V','EIE','EI10249','22EI014-ANALYTICAL INSTRUMENTS'),
	('2024UEI1001','sivaramachandrann.ei24@bitsathy.ac.in','7376241EI147','SIVARAMACHANDRAN N','EIE','EI10249','22EI014-ANALYTICAL INSTRUMENTS'),
	('2024UEI1051','sudharsanb.ei24@bitsathy.ac.in','7376241EI150','SUDHARSAN B','EIE','EI10249','22EI014-ANALYTICAL INSTRUMENTS'),
	('2024UEI1050','yagesha.ei24@bitsathy.ac.in','7376241EI160','YAGESH A','EIE','EI10249','22EI014-ANALYTICAL INSTRUMENTS'),
	('2025UEI5003','nihilanr.ei24@bitsathy.ac.in','7376251EI501','NIHILAN R','EIE','EI10249','22EI014-ANALYTICAL INSTRUMENTS'),
	('2025UEI5001','sowntharm.ei24@bitsathy.ac.in','7376251EI502','SOWNTHAR M','EIE','EI10249','22EI014-ANALYTICAL INSTRUMENTS'),
	('2024UIT1210','abisekp.it24@bitsathy.ac.in','7376242IT108','ABISEK P','IT','IT11105','22IT008-UI AND UX DESIGN'),
	('2024UIT1164','anusrit.it24@bitsathy.ac.in','7376242IT117','ANU SRI T','IT','IT1846','22IT007-AGILE SOFTWARE DEVELOPMENT'),
	('2024UIT1068','dhakshathap.it24@bitsathy.ac.in','7376242IT143','DHAKSHATHA P','IT','IT11105','22IT008-UI AND UX DESIGN'),
	('2024UIT1159','dharrniss.it24@bitsathy.ac.in','7376242IT146','DHARRNIS S','IT','IT1846','22IT007-AGILE SOFTWARE DEVELOPMENT'),
	('2024UIT1204','guhaneshs.it24@bitsathy.ac.in','7376242IT164','GUHANESH S','IT','IT11105','22IT008-UI AND UX DESIGN'),
	('2024UIT1150','haritharanidharane.it24@bitsathy.ac.in','7376242IT168','HARI THARANI DHARAN E','IT','IT11105','22IT008-UI AND UX DESIGN'),
	('2024UIT1163','jawaharl.it24@bitsathy.ac.in','7376242IT184','JAWAHAR L','IT','IT11105','22IT008-UI AND UX DESIGN'),
	('2024UIT1192','jeevadharshanb.it24@bitsathy.ac.in','7376242IT188','JEEVA DHARSHAN B','IT','IT11105','22IT008-UI AND UX DESIGN'),
	('2024UIT1121','mathanaprasathcp.it24@bitsathy.ac.in','7376242IT214','MATHANA PRASATH C P','IT','IT1846','22IT007-AGILE SOFTWARE DEVELOPMENT'),
	('2024UIT1058','raghunathck.it24@bitsathy.ac.in','7376242IT266','RAGHUNATH C K','IT','IT11105','22IT008-UI AND UX DESIGN'),
	('2024UIT1197','sanjaya.it24@bitsathy.ac.in','7376242IT283','SANJAY A','IT','IT11105','22IT008-UI AND UX DESIGN'),
	('2024UIT1177','sanjusriv.it24@bitsathy.ac.in','7376242IT287','SANJUSRI V','IT','IT11105','22IT008-UI AND UX DESIGN'),
	('2024UIT1190','shaileshsm.it24@bitsathy.ac.in','7376242IT292','SHAILESH S M','IT','IT11105','22IT008-UI AND UX DESIGN'),
	('2024UIT1116','shivaa.it24@bitsathy.ac.in','7376242IT298','SHIVA A','IT','IT1846','22IT007-AGILE SOFTWARE DEVELOPMENT'),
	('2024UIT1208','sivaselvanm.it24@bitsathy.ac.in','7376242IT304','SIVA SELVAN M','IT','IT11105','22IT008-UI AND UX DESIGN'),
	('2024UIT1012','surendarr.it24@bitsathy.ac.in','7376242IT317','SURENDAR R','IT','IT11105','22IT008-UI AND UX DESIGN'),
	('2024UIT1042','suryar.it24@bitsathy.ac.in','7376242IT319','SURYA R','IT','IT11105','22IT008-UI AND UX DESIGN'),
	('2025UIT5004','DIVITHM.IT24@bitsathy.ac.in','7376252IT504','DIVITH M','IT','IT11105','22IT008-UI AND UX DESIGN'),
	('2025UIT5005','HARISHRAMANUJAMVK.IT24@bitsathy.ac.in','7376252IT507','HARISH RAMANUJAM V K','IT','IT11105','22IT008-UI AND UX DESIGN'),
	('2025UIT5009','thapisnurv.it24@bitsathy.ac.in','7376252IT516','THAPISNU R V','IT','IT1846','22IT007-AGILE SOFTWARE DEVELOPMENT'),
	('2024UME1043','dsgiriprasad.me24@bitsathy.ac.in','7376241ME108','D S GIRI PRASAD','MECH','ME1877','22ME001-CONCEPTS OF ENGINEERING DESIGN'),
	('2024UME1034','dhanvanthn.me24@bitsathy.ac.in','7376241ME110','DHANVANTH N','MECH','ME1877','22ME001-CONCEPTS OF ENGINEERING DESIGN'),
	('2024UME1005','diswansathyas.me24@bitsathy.ac.in','7376241ME111','DISWAN SATHYA S','MECH','ME1877','22ME001-CONCEPTS OF ENGINEERING DESIGN'),
	('2024UME1037','gowthamm.me24@bitsathy.ac.in','7376241ME114','GOWTHAM M','MECH','ME1877','22ME001-CONCEPTS OF ENGINEERING DESIGN'),
	('2024UME1017','jarvisbraylens.me24@bitsathy.ac.in','7376241ME119','JARVIS BRAYLEN S','MECH','ME1877','22ME001-CONCEPTS OF ENGINEERING DESIGN'),
	('2024UME1036','kowchikm.me24@bitsathy.ac.in','7376241ME123','KOWCHIK M','MECH','ME1877','22ME001-CONCEPTS OF ENGINEERING DESIGN'),
	('2024UME1054','nishanthk.me24@bitsathy.ac.in','7376241ME132','NISHANTH K','MECH','ME1877','22ME001-CONCEPTS OF ENGINEERING DESIGN'),
	('2024UME1027','pasumponrajak.me24@bitsathy.ac.in','7376241ME134','PASUMPONRAJA K','MECH','ME1877','22ME001-CONCEPTS OF ENGINEERING DESIGN'),
	('2024UME1002','rakshithprasathg.me24@bitsathy.ac.in','7376241ME137','RAKSHITH PRASATH G','MECH','ME1877','22ME001-CONCEPTS OF ENGINEERING DESIGN'),
	('2024UME1025','revanthsrisivasr.me24@bitsathy.ac.in','7376241ME139','REVANTH SRISIVA S R','MECH','ME1877','22ME001-CONCEPTS OF ENGINEERING DESIGN'),
	('2024UME1018','riyass.me24@bitsathy.ac.in','7376241ME143','RIYAS S','MECH','ME1877','22ME001-CONCEPTS OF ENGINEERING DESIGN'),
	('2024UME1022','sandeepkumargv.me24@bitsathy.ac.in','7376241ME148','SANDEEP KUMAR G V','MECH','ME1877','22ME001-CONCEPTS OF ENGINEERING DESIGN'),
	('2024UME1003','sheikalarshads.me24@bitsathy.ac.in','7376241ME151','SHEIK AL ARSHAD S','MECH','ME1877','22ME001-CONCEPTS OF ENGINEERING DESIGN'),
	('2024UME1016','singavela.me24@bitsathy.ac.in','7376241ME152','SINGAVEL A','MECH','ME1877','22ME001-CONCEPTS OF ENGINEERING DESIGN'),
	('2024UME1007','vimalm.me24@bitsathy.ac.in','7376241ME156','VIMAL M','MECH','ME1877','22ME001-CONCEPTS OF ENGINEERING DESIGN'),
	('2024UME1046','vishalrk.me24@bitsathy.ac.in','7376241ME157','VISHAL R K','MECH','ME1877','22ME001-CONCEPTS OF ENGINEERING DESIGN'),
	('2025UME5007','obulirajvk.me24@bitsathy.ac.in','7376251ME504','OBULIRAJ V K','MECH','ME1877','22ME001-CONCEPTS OF ENGINEERING DESIGN'),
	('2024UMZ1031','harinimanikandan.mz24@bitsathy.ac.in','7376241MZ117','HARINI MANIKANDAN','MTRS','MC1878','22MC013-ELECTRIC AND HYBRID VEHICLES'),
	('2024UMZ1048','kalaiyarasut.mz24@bitsathy.ac.in','7376241MZ121','KALAIYARASU T','MTRS','MC1878','22MC013-ELECTRIC AND HYBRID VEHICLES'),
	('2024UMZ1001','pradeepr.mz24@bitsathy.ac.in','7376241MZ131','PRADEEP R','MTRS','MC1878','22MC013-ELECTRIC AND HYBRID VEHICLES'),
	('2024UMZ1061','ragulsa.mz24@bitsathy.ac.in','7376241MZ137','RAGUL S A','MTRS','MC1878','22MC013-ELECTRIC AND HYBRID VEHICLES'),
	('2024UMZ1058','rajsenthoours.mz24@bitsathy.ac.in','7376241MZ139','RAJ SENTHOOUR S','MTRS','MC1878','22MC013-ELECTRIC AND HYBRID VEHICLES'),
	('2024UAG1012','mohamedrajikm.ag24@bitsathy.ac.in','7376242AG112','MOHAMED RAJIK M','AGRI','AG11083','22AG401 - CROP PRODUCTION TECHNOLOGY'),
	('2024UAD1114','chinnamanib.ad24@bitsathy.ac.in','7376242AD130','CHINNAMANI B','AIDS','MA11028','22AI401 - APPLIED LINEAR ALGEBRA'),
	('2024UAD1006','deepakkr.ad24@bitsathy.ac.in','7376242AD137','DEEPAK K','AIDS','MA11028','22AI401 - APPLIED LINEAR ALGEBRA'),
	('2024UAD1062','hashmithap.ad24@bitsathy.ac.in','7376242AD178','HASHMITHA P','AIDS','MA11028','22AI401 - APPLIED LINEAR ALGEBRA'),
	('2024UAD1033','jaganmohanr.ad24@bitsathy.ac.in','7376242AD183','JAGAN MOHAN R','AIDS','MA11028','22AI401 - APPLIED LINEAR ALGEBRA'),
	('2024UAD1151','jaisuryas.ad24@bitsathy.ac.in','7376242AD186','JAISURYA S','AIDS','MA11028','22AI401 - APPLIED LINEAR ALGEBRA'),
	('2024UAD1221','jayeshs.ad24@bitsathy.ac.in','7376242AD189','JAYESH S','AIDS','MA11028','22AI401 - APPLIED LINEAR ALGEBRA'),
	('2024UAD1161','mohammednadheems.ad24@bitsathy.ac.in','7376242AD218','MOHAMMED NADHEEM S','AIDS','MA11028','22AI401 - APPLIED LINEAR ALGEBRA'),
	('2024UAD1149','prateekds.ad24@bitsathy.ac.in','7376242AD254','PRATEEK D S','AIDS','MA11028','22AI401 - APPLIED LINEAR ALGEBRA'),
	('2024UAD1141','srisabarisrinivass.ad24@bitsathy.ac.in','7376242AD308','SRI SABARI SRINIVAS S','AIDS','MA11028','22AI401 - APPLIED LINEAR ALGEBRA'),
	('2024UAD1232','vishnudharanm.ad24@bitsathy.ac.in','7376242AD343','VISHNUDHARAN M','AIDS','MA11028','22AI401 - APPLIED LINEAR ALGEBRA'),
	('2025UAD5014','nandidak.ad24@bitsathy.ac.in','7376252AD508','NANDIDA K','AIDS','MA11028','22AI401 - APPLIED LINEAR ALGEBRA'),
	('2024UAL1031','pradeepg.al24@bitsathy.ac.in','7376242AL165','PRADEEP G','AIML','MA11028','22AM401 - APPLIED LINEAR ALGEBRA'),
	('2024UAL1012','thipeswarv.al24@bitsathy.ac.in','7376242AL207','THIPESWAR V','AIML','MA11028','22AM401 - APPLIED LINEAR ALGEBRA'),
	('2024UBT1094','deepasreep.bt24@bitsathy.ac.in','7376242BT115','DEEPA SREE P','BT','BT1477','22BT401 - BIOORGANIC CHEMISTRY'),
	('2024UBT1101','dharshinipr.bt24@bitsathy.ac.in','7376242BT123','DHARSHINI R','BT','BT1477','22BT401 - BIOORGANIC CHEMISTRY'),
	('2024UBT1120','hemam.bt24@bitsathy.ac.in','7376242BT138','HEMA M','BT','BT1477','22BT401 - BIOORGANIC CHEMISTRY'),
	('2024UBT1119','kavyav.bt24@bitsathy.ac.in','7376242BT151','KAVYA V','BT','BT1477','22BT401 - BIOORGANIC CHEMISTRY'),
	('2024UBT1106','madhupratikas.bt24@bitsathy.ac.in','7376242BT156','MADHU PRATIKA S','BT','BT1477','22BT401 - BIOORGANIC CHEMISTRY'),
	('2024UBT1108','malarvizhia.bt24@bitsathy.ac.in','7376242BT157','MALARVIZHI A','BT','BT1477','22BT401 - BIOORGANIC CHEMISTRY'),
	('2024UBT1073','nithishkumarr.bt24@bitsathy.ac.in','7376242BT170','NITHISH KUMAR R','BT','BT1477','22BT401 - BIOORGANIC CHEMISTRY'),
	('2024UBT1089','praveenkumarm.bt24@bitsathy.ac.in','7376242BT174','PRAVEEN KUMAR M','BT','BT1477','22BT401 - BIOORGANIC CHEMISTRY'),
	('2024UBT1062','ragulb.bt24@bitsathy.ac.in','7376242BT176','RAGUL B','BT','BT1477','22BT401 - BIOORGANIC CHEMISTRY'),
	('2024UBT1025','thanigaivelank.bt24@bitsathy.ac.in','7376242BT214','THANIGAIVELAN K','BT','BT1477','22BT401 - BIOORGANIC CHEMISTRY'),
	('2024UBT1118','varshinipriyap.bt24@bitsathy.ac.in','7376242BT219','VARSHINIPRIYA P','BT','BT1477','22BT401 - BIOORGANIC CHEMISTRY'),
	('2025UBT5001','madhans.bt24@bitsathy.ac.in','7376252BT501','MADHAN S','BT','BT1477','22BT401 - BIOORGANIC CHEMISTRY'),
	('2024UCB1044','asvikaash.cb24@bitsathy.ac.in','7376242CB102','A S VIKAASH','CSBS','CB10992','22CB401 - OPERATING SYSTEMS'),
	('2024UCB1041','dharshansreer.cb24@bitsathy.ac.in','7376242CB116','DHARSHAN SREE R','CSBS','CB10992','22CB401 - OPERATING SYSTEMS'),
	('2024UCB1043','dhayanandprabavathivelusamy.cb24@bitsathy.ac.in','7376242CB119','DHAYANAND PRABAVATHI VELUSAMY','CSBS','CB10992','22CB401 - OPERATING SYSTEMS'),
	('2024UCB1039','lakshmanbabur.cb24@bitsathy.ac.in','7376242CB133','LAKSHMAN BABU R','CSBS','CB10992','22CB401 - OPERATING SYSTEMS'),
	('2024UCB1060','madheshk.cb24@bitsathy.ac.in','7376242CB134','MADHESH K','CSBS','CB10992','22CB401 - OPERATING SYSTEMS'),
	('2025UCB5003','suryam.cb24@bitsathy.ac.in','7376252CB502','SURYA M','CSBS','CB10992','22CB401 - OPERATING SYSTEMS'),
	('2025UCB5002','THIRUMURUGANS.CB24@bitsathy.ac.in','7376252CB503','THIRUMURUGAN S','CSBS','CB10992','22CB401 - OPERATING SYSTEMS'),
	('2024UCS1279','bharathkrishnas.cs24@bitsathy.ac.in','7376241CS143','BHARATHKRISHNA S','CSE','MA10518','22CS401 - DISCRETE MATHEMATICS'),
	('2024UCS1254','dhanusiyast.cs24@bitsathy.ac.in','7376241CS155','DHANUSIYA T','CSE','MA10518','22CS401 - DISCRETE MATHEMATICS'),
	('2024UCS1352','karthikeyanb.cs24@bitsathy.ac.in','7376241CS230','KARTHIKEYAN B','CSE','MA10518','22CS401 - DISCRETE MATHEMATICS'),
	('2024UCS1016','nishanthim.cs24@bitsathy.ac.in','7376241CS305','NISHANTHI M','CSE','MA10518','22CS401 - DISCRETE MATHEMATICS'),
	('2024UCS1325','rahulpraneshp.cs24@bitsathy.ac.in','7376241CS334','RAHUL PRANESH P','CSE','MA10518','22CS401 - DISCRETE MATHEMATICS'),
	('2024UCS1283','shruthikas.cs24@bitsathy.ac.in','7376241CS392','SHRUTHIKA S','CSE','MA10518','22CS401 - DISCRETE MATHEMATICS'),
	('2025UCS5024','ajayr.cs24@bitsathy.ac.in','7376251CS503','AJAY R','CSE','MA10518','22CS401 - DISCRETE MATHEMATICS'),
	('2025UCS5010','deepake.cs24@bitsathy.ac.in','7376251CS506','DEEPAK E','CSE','MA10518','22CS401 - DISCRETE MATHEMATICS'),
	('2025UCS5007','dharanipriyanc.cs24@bitsathy.ac.in','7376251CS507','DHARANI PRIYAN C','CSE','MA10518','22CS401 - DISCRETE MATHEMATICS'),
	('2025UCS5006','dharuns.cs24@bitsathy.ac.in','7376251CS508','DHARUN S','CSE','MA10518','22CS401 - DISCRETE MATHEMATICS'),
	('2025UCS5021','jeevags.cs24@bitsathy.ac.in','7376251CS511','JEEVA G S','CSE','MA10518','22CS401 - DISCRETE MATHEMATICS'),
	('2025UCS5016','kamaleshpm.cs24@bitsathy.ac.in','7376251CS512','KAMALESH P M','CSE','MA10518','22CS401 - DISCRETE MATHEMATICS'),
	('2025UCS5011','krishnaprasanths.cs24@bitsathy.ac.in','7376251CS513','KRISHNAPRASANTH S','CSE','MA10518','22CS401 - DISCRETE MATHEMATICS'),
	('2024UEE1041','chandranj.ee24@bitsathy.ac.in','7376241EE114','CHANDRAN J','EEE','EE10647','22EE401 - POWER GENERATION, TRANSMISSION AND DISTRIBUTION'),
	('2024UEE1076','dharnishar.ee24@bitsathy.ac.in','7376241EE122','DHARNISHA R','EEE','EE10647','22EE401 - POWER GENERATION, TRANSMISSION AND DISTRIBUTION'),
	('2024UEE1082','harshithm.ee24@bitsathy.ac.in','7376241EE132','HARSHITH M','EEE','EE10647','22EE401 - POWER GENERATION, TRANSMISSION AND DISTRIBUTION'),
	('2024UEE1099','lokeshsekharms.ee24@bitsathy.ac.in','7376241EE142','LOKESHSEKHAR M S','EEE','EE10647','22EE401 - POWER GENERATION, TRANSMISSION AND DISTRIBUTION'),
	('2024UEE1109','maniv.ee24@bitsathy.ac.in','7376241EE145','MANI V','EEE','EE10647','22EE401 - POWER GENERATION, TRANSMISSION AND DISTRIBUTION'),
	('2024UEE1114','manoa.ee24@bitsathy.ac.in','7376241EE146','MANO A','EEE','EE10647','22EE401 - POWER GENERATION, TRANSMISSION AND DISTRIBUTION'),
	('2024UEE1089','naveenkumarr.ee24@bitsathy.ac.in','7376241EE157','NAVEENKUMAR R','EEE','EE10647','22EE401 - POWER GENERATION, TRANSMISSION AND DISTRIBUTION'),
	('2024UEE1096','sanjaykumarr.ee24@bitsathy.ac.in','7376241EE185','SANJAYKUMAR R','EEE','EE10647','22EE401 - POWER GENERATION, TRANSMISSION AND DISTRIBUTION'),
	('2024UEE1118','shripriyaner.ee24@bitsathy.ac.in','7376241EE188','SHRIPRIYAN E R','EEE','EE10647','22EE401 - POWER GENERATION, TRANSMISSION AND DISTRIBUTION'),
	('2024UEE1097','siddhaarthr.ee24@bitsathy.ac.in','7376241EE190','SIDDHAARTH R','EEE','EE10647','22EE401 - POWER GENERATION, TRANSMISSION AND DISTRIBUTION'),
	('2024UEE1092','srisaraswathip.ee24@bitsathy.ac.in','7376241EE196','SRI SARASWATHI P','EEE','EE10647','22EE401 - POWER GENERATION, TRANSMISSION AND DISTRIBUTION'),
	('2024UEE1059','subhapradham.ee24@bitsathy.ac.in','7376241EE199','SUBHA PRADHA M','EEE','EE10647','22EE401 - POWER GENERATION, TRANSMISSION AND DISTRIBUTION'),
	('2024UEE1047','thanujasrib.ee24@bitsathy.ac.in','7376241EE205','THANUJA SRI B','EEE','EE10647','22EE401 - POWER GENERATION, TRANSMISSION AND DISTRIBUTION'),
	('2024UEE1115','vaibhavnarayananv.ee24@bitsathy.ac.in','7376241EE207','VAIBHAV NARAYANAN V','EEE','EE10647','22EE401 - POWER GENERATION, TRANSMISSION AND DISTRIBUTION'),
	('2024UEE1011','vaishihasv.ee24@bitsathy.ac.in','7376241EE208','VAISHIHA S V','EEE','EE10647','22EE401 - POWER GENERATION, TRANSMISSION AND DISTRIBUTION'),
	('2024UEE1093','vharshaadm.ee24@bitsathy.ac.in','7376241EE211','VHARSHAA D M','EEE','EE10647','22EE401 - POWER GENERATION, TRANSMISSION AND DISTRIBUTION'),
	('2024UEE1037','vinithmk.ee24@bitsathy.ac.in','7376241EE213','VINITH M K','EEE','EE10647','22EE401 - POWER GENERATION, TRANSMISSION AND DISTRIBUTION'),
	('2024UEE1074','vishalpk.ee24@bitsathy.ac.in','7376241EE214','VISHAL P K','EEE','EE10647','22EE401 - POWER GENERATION, TRANSMISSION AND DISTRIBUTION'),
	('2024UEE1078','vishodhanv.ee24@bitsathy.ac.in','7376241EE215','VISHODHAN V','EEE','EE10647','22EE401 - POWER GENERATION, TRANSMISSION AND DISTRIBUTION'),
	('2025UEE5013','bhoomikas.ee24@bitsathy.ac.in','7376251EE501','BHOOMIKA S','EEE','EE10647','22EE401 - POWER GENERATION, TRANSMISSION AND DISTRIBUTION'),
	('2025UEE5014','haswinu.ee24@bitsathy.ac.in','7376251EE504','HASWIN U','EEE','EE10647','22EE401 - POWER GENERATION, TRANSMISSION AND DISTRIBUTION'),
	('2025UEE5004','yashwanthk.ee24@bitsathy.ac.in','7376251EE517','YASHWANTH K','EEE','EE10647','22EE401 - POWER GENERATION, TRANSMISSION AND DISTRIBUTION'),
	('2024UEC1242','aathithyentss.ec24@bitsathy.ac.in','7376241EC103','AATHITHYEN T S S','ECE','EC11131','22EC401 - SIGNALS AND SYSTEMS'),
	('2024UEC1205','akilvetrivelm.ec24@bitsathy.ac.in','7376241EC111','AKIL VETRIVEL M','ECE','EC11131','22EC401 - SIGNALS AND SYSTEMS'),
	('2024UEC1188','darshans.ec24@bitsathy.ac.in','7376241EC133','DARSHAN S','ECE','EC11131','22EC401 - SIGNALS AND SYSTEMS'),
	('2024UEC1044','dhanushkumars.ec24@bitsathy.ac.in','7376241EC137','DHANUSH KUMAR S','ECE','EC11131','22EC401 - SIGNALS AND SYSTEMS'),
	('2024UEC1222','dhayaanithirr.ec24@bitsathy.ac.in','7376241EC142','DHAYAANITHI R R','ECE','EC11131','22EC401 - SIGNALS AND SYSTEMS'),
	('2024UEC1177','dhianeshrk.ec24@bitsathy.ac.in','7376241EC145','DHIANESH R K','ECE','EC11131','22EC401 - SIGNALS AND SYSTEMS'),
	('2024UEC1161','dhiyaneshv.ec24@bitsathy.ac.in','7376241EC147','DHIYANESH V','ECE','EC11131','22EC401 - SIGNALS AND SYSTEMS'),
	('2024UEC1208','kabilana.ec24@bitsathy.ac.in','7376241EC184','KABILAN A','ECE','EC11131','22EC401 - SIGNALS AND SYSTEMS'),
	('2024UEC1079','mariasebatinirp.ec24@bitsathy.ac.in','7376241EC213','MARIA SEBATINI R P','ECE','EC11131','22EC401 - SIGNALS AND SYSTEMS'),
	('2024UEC1136','nithershanam.ec24@bitsathy.ac.in','7376241EC240','NITHERSHANA M','ECE','EC11131','22EC401 - SIGNALS AND SYSTEMS'),
	('2024UEC1153','nithileshj.ec24@bitsathy.ac.in','7376241EC241','NITHILESH J','ECE','EC11131','22EC401 - SIGNALS AND SYSTEMS'),
	('2024UEC1166','nithishkumarpalanisamy.ec24@bitsathy.ac.in','7376241EC243','NITHISH KUMAR PALANISAMY','ECE','EC11131','22EC401 - SIGNALS AND SYSTEMS'),
	('2024UEC1219','nizamsheriefn.ec24@bitsathy.ac.in','7376241EC246','NIZAM SHERIEF N','ECE','EC11131','22EC401 - SIGNALS AND SYSTEMS'),
	('2024UEC1125','prajina.ec24@bitsathy.ac.in','7376241EC256','PRAJIN A','ECE','EC11131','22EC401 - SIGNALS AND SYSTEMS'),
	('2024UEC1207','prateektr.ec24@bitsathy.ac.in','7376241EC261','PRATEEK T R','ECE','EC11131','22EC401 - SIGNALS AND SYSTEMS'),
	('2024UEC1018','rishikanthvt.ec24@bitsathy.ac.in','7376241EC273','RISHIKANTH V T','ECE','EC11131','22EC401 - SIGNALS AND SYSTEMS'),
	('2024UEC1227','sakthivelt.ec24@bitsathy.ac.in','7376241EC284','SAKTHIVEL T','ECE','EC11131','22EC401 - SIGNALS AND SYSTEMS'),
	('2024UEC1184','sanjays.ec24@bitsathy.ac.in','7376241EC287','SANJAY S','ECE','EC11131','22EC401 - SIGNALS AND SYSTEMS'),
	('2024UEC1007','sanjeedvs.ec24@bitsathy.ac.in','7376241EC288','SANJEED V S','ECE','EC11131','22EC401 - SIGNALS AND SYSTEMS'),
	('2024UEC1239','sridharsankv.ec24@bitsathy.ac.in','7376241EC312','SRI DHARSAN K V','ECE','EC11131','22EC401 - SIGNALS AND SYSTEMS'),
	('2025UEC5021','moulidharanr.ec24@bitsathy.ac.in','7376251EC509','MOULIDHARAN R','ECE','EC11131','22EC401 - SIGNALS AND SYSTEMS'),
	('2025UEC5004','sabarisht.ec24@bitsathy.ac.in','7376251EC516','SABARISH T','ECE','EC11131','22EC401 - SIGNALS AND SYSTEMS'),
	('2024UEI1047','anjaivikasansv.ei24@bitsathy.ac.in','7376241EI104','ANJAI VIKASAN S V','EIE','MA1373','22EI401 - PROBABILITY, STATISTICS AND RANDOM PROCESS'),
	('2024UEI1001','sivaramachandrann.ei24@bitsathy.ac.in','7376241EI147','SIVARAMACHANDRAN N','EIE','MA1373','22EI401 - PROBABILITY, STATISTICS AND RANDOM PROCESS'),
	('2024UEI1051','sudharsanb.ei24@bitsathy.ac.in','7376241EI150','SUDHARSAN B','EIE','MA1373','22EI401 - PROBABILITY, STATISTICS AND RANDOM PROCESS'),
	('2024UEI1050','yagesha.ei24@bitsathy.ac.in','7376241EI160','YAGESH A','EIE','MA1373','22EI401 - PROBABILITY, STATISTICS AND RANDOM PROCESS'),
	('2025UEI5003','nihilanr.ei24@bitsathy.ac.in','7376251EI501','NIHILAN R','EIE','MA1373','22EI401 - PROBABILITY, STATISTICS AND RANDOM PROCESS'),
	('2025UEI5001','sowntharm.ei24@bitsathy.ac.in','7376251EI502','SOWNTHAR M','EIE','MA1373','22EI401 - PROBABILITY, STATISTICS AND RANDOM PROCESS'),
	('2024UIT1210','abisekp.it24@bitsathy.ac.in','7376242IT108','ABISEK P','IT','MA10518','22IT401 - DISCRETE MATHEMATICS'),
	('2024UIT1164','anusrit.it24@bitsathy.ac.in','7376242IT117','ANU SRI T','IT','MA10518','22IT401 - DISCRETE MATHEMATICS'),
	('2024UIT1068','dhakshathap.it24@bitsathy.ac.in','7376242IT143','DHAKSHATHA P','IT','MA10518','22IT401 - DISCRETE MATHEMATICS'),
	('2024UIT1159','dharrniss.it24@bitsathy.ac.in','7376242IT146','DHARRNIS S','IT','MA10518','22IT401 - DISCRETE MATHEMATICS'),
	('2024UIT1204','guhaneshs.it24@bitsathy.ac.in','7376242IT164','GUHANESH S','IT','MA10518','22IT401 - DISCRETE MATHEMATICS'),
	('2024UIT1150','haritharanidharane.it24@bitsathy.ac.in','7376242IT168','HARI THARANI DHARAN E','IT','MA10518','22IT401 - DISCRETE MATHEMATICS'),
	('2024UIT1163','jawaharl.it24@bitsathy.ac.in','7376242IT184','JAWAHAR L','IT','MA10518','22IT401 - DISCRETE MATHEMATICS'),
	('2024UIT1192','jeevadharshanb.it24@bitsathy.ac.in','7376242IT188','JEEVA DHARSHAN B','IT','MA10518','22IT401 - DISCRETE MATHEMATICS'),
	('2024UIT1121','mathanaprasathcp.it24@bitsathy.ac.in','7376242IT214','MATHANA PRASATH C P','IT','MA10518','22IT401 - DISCRETE MATHEMATICS'),
	('2024UIT1058','raghunathck.it24@bitsathy.ac.in','7376242IT266','RAGHUNATH C K','IT','MA10518','22IT401 - DISCRETE MATHEMATICS'),
	('2024UIT1197','sanjaya.it24@bitsathy.ac.in','7376242IT283','SANJAY A','IT','MA10518','22IT401 - DISCRETE MATHEMATICS'),
	('2024UIT1177','sanjusriv.it24@bitsathy.ac.in','7376242IT287','SANJUSRI V','IT','MA10518','22IT401 - DISCRETE MATHEMATICS'),
	('2024UIT1190','shaileshsm.it24@bitsathy.ac.in','7376242IT292','SHAILESH S M','IT','MA10518','22IT401 - DISCRETE MATHEMATICS'),
	('2024UIT1116','shivaa.it24@bitsathy.ac.in','7376242IT298','SHIVA A','IT','MA10518','22IT401 - DISCRETE MATHEMATICS'),
	('2024UIT1208','sivaselvanm.it24@bitsathy.ac.in','7376242IT304','SIVA SELVAN M','IT','MA10518','22IT401 - DISCRETE MATHEMATICS'),
	('2024UIT1012','surendarr.it24@bitsathy.ac.in','7376242IT317','SURENDAR R','IT','MA10518','22IT401 - DISCRETE MATHEMATICS'),
	('2024UIT1042','suryar.it24@bitsathy.ac.in','7376242IT319','SURYA R','IT','MA10518','22IT401 - DISCRETE MATHEMATICS'),
	('2025UIT5004','DIVITHM.IT24@bitsathy.ac.in','7376252IT504','DIVITH M','IT','MA10518','22IT401 - DISCRETE MATHEMATICS'),
	('2025UIT5005','HARISHRAMANUJAMVK.IT24@bitsathy.ac.in','7376252IT507','HARISH RAMANUJAM V K','IT','MA10518','22IT401 - DISCRETE MATHEMATICS'),
	('2025UIT5009','thapisnurv.it24@bitsathy.ac.in','7376252IT516','THAPISNU R V','IT','MA10518','22IT401 - DISCRETE MATHEMATICS'),
	('2024UME1043','dsgiriprasad.me24@bitsathy.ac.in','7376241ME108','D S GIRI PRASAD','MECH','ME1819','22ME401 - KINEMATICS AND DYNAMICS OF MACHINERY'),
	('2024UME1034','dhanvanthn.me24@bitsathy.ac.in','7376241ME110','DHANVANTH N','MECH','ME1819','22ME401 - KINEMATICS AND DYNAMICS OF MACHINERY'),
	('2024UME1005','diswansathyas.me24@bitsathy.ac.in','7376241ME111','DISWAN SATHYA S','MECH','ME1819','22ME401 - KINEMATICS AND DYNAMICS OF MACHINERY'),
	('2024UME1037','gowthamm.me24@bitsathy.ac.in','7376241ME114','GOWTHAM M','MECH','ME1819','22ME401 - KINEMATICS AND DYNAMICS OF MACHINERY'),
	('2024UME1017','jarvisbraylens.me24@bitsathy.ac.in','7376241ME119','JARVIS BRAYLEN S','MECH','ME1819','22ME401 - KINEMATICS AND DYNAMICS OF MACHINERY'),
	('2024UME1036','kowchikm.me24@bitsathy.ac.in','7376241ME123','KOWCHIK M','MECH','ME1819','22ME401 - KINEMATICS AND DYNAMICS OF MACHINERY'),
	('2024UME1054','nishanthk.me24@bitsathy.ac.in','7376241ME132','NISHANTH K','MECH','ME1819','22ME401 - KINEMATICS AND DYNAMICS OF MACHINERY'),
	('2024UME1027','pasumponrajak.me24@bitsathy.ac.in','7376241ME134','PASUMPONRAJA K','MECH','ME1819','22ME401 - KINEMATICS AND DYNAMICS OF MACHINERY'),
	('2024UME1002','rakshithprasathg.me24@bitsathy.ac.in','7376241ME137','RAKSHITH PRASATH G','MECH','ME1819','22ME401 - KINEMATICS AND DYNAMICS OF MACHINERY'),
	('2024UME1025','revanthsrisivasr.me24@bitsathy.ac.in','7376241ME139','REVANTH SRISIVA S R','MECH','ME1819','22ME401 - KINEMATICS AND DYNAMICS OF MACHINERY'),
	('2024UME1018','riyass.me24@bitsathy.ac.in','7376241ME143','RIYAS S','MECH','ME1819','22ME401 - KINEMATICS AND DYNAMICS OF MACHINERY'),
	('2024UME1022','sandeepkumargv.me24@bitsathy.ac.in','7376241ME148','SANDEEP KUMAR G V','MECH','ME1819','22ME401 - KINEMATICS AND DYNAMICS OF MACHINERY'),
	('2024UME1003','sheikalarshads.me24@bitsathy.ac.in','7376241ME151','SHEIK AL ARSHAD S','MECH','ME1819','22ME401 - KINEMATICS AND DYNAMICS OF MACHINERY'),
	('2024UME1016','singavela.me24@bitsathy.ac.in','7376241ME152','SINGAVEL A','MECH','ME1819','22ME401 - KINEMATICS AND DYNAMICS OF MACHINERY'),
	('2024UME1007','vimalm.me24@bitsathy.ac.in','7376241ME156','VIMAL M','MECH','ME1819','22ME401 - KINEMATICS AND DYNAMICS OF MACHINERY'),
	('2024UME1046','vishalrk.me24@bitsathy.ac.in','7376241ME157','VISHAL R K','MECH','ME1819','22ME401 - KINEMATICS AND DYNAMICS OF MACHINERY'),
	('2025UME5007','obulirajvk.me24@bitsathy.ac.in','7376251ME504','OBULIRAJ V K','MECH','ME1819','22ME401 - KINEMATICS AND DYNAMICS OF MACHINERY'),
	('2024UMZ1031','harinimanikandan.mz24@bitsathy.ac.in','7376241MZ117','HARINI MANIKANDAN','MTRS','MA1334','22MC401 - PROBABILITY, STATISTICS AND RANDOM PROCESS'),
	('2024UMZ1048','kalaiyarasut.mz24@bitsathy.ac.in','7376241MZ121','KALAIYARASU T','MTRS','MA1334','22MC401 - PROBABILITY, STATISTICS AND RANDOM PROCESS'),
	('2024UMZ1001','pradeepr.mz24@bitsathy.ac.in','7376241MZ131','PRADEEP R','MTRS','MA1334','22MC401 - PROBABILITY, STATISTICS AND RANDOM PROCESS'),
	('2024UMZ1061','ragulsa.mz24@bitsathy.ac.in','7376241MZ137','RAGUL S A','MTRS','MA1334','22MC401 - PROBABILITY, STATISTICS AND RANDOM PROCESS'),
	('2024UMZ1058','rajsenthoours.mz24@bitsathy.ac.in','7376241MZ139','RAJ SENTHOOUR S','MTRS','MA1334','22MC401 - PROBABILITY, STATISTICS AND RANDOM PROCESS'),
	('2024UAG1012','mohamedrajikm.ag24@bitsathy.ac.in','7376242AG112','MOHAMED RAJIK M','AGRI','AG10172','22AG402 - HEAT AND MASS TRANSFER'),
	('2024UAD1114','chinnamanib.ad24@bitsathy.ac.in','7376242AD130','CHINNAMANI B','AIDS','AD11089','22AI402 - DATA STRUCTURES II'),
	('2024UAD1006','deepakkr.ad24@bitsathy.ac.in','7376242AD137','DEEPAK K','AIDS','AD11089','22AI402 - DATA STRUCTURES II'),
	('2024UAD1062','hashmithap.ad24@bitsathy.ac.in','7376242AD178','HASHMITHA P','AIDS','AD11089','22AI402 - DATA STRUCTURES II'),
	('2024UAD1033','jaganmohanr.ad24@bitsathy.ac.in','7376242AD183','JAGAN MOHAN R','AIDS','AD11089','22AI402 - DATA STRUCTURES II'),
	('2024UAD1151','jaisuryas.ad24@bitsathy.ac.in','7376242AD186','JAISURYA S','AIDS','AD11089','22AI402 - DATA STRUCTURES II'),
	('2024UAD1221','jayeshs.ad24@bitsathy.ac.in','7376242AD189','JAYESH S','AIDS','AD11089','22AI402 - DATA STRUCTURES II'),
	('2024UAD1161','mohammednadheems.ad24@bitsathy.ac.in','7376242AD218','MOHAMMED NADHEEM S','AIDS','AD11089','22AI402 - DATA STRUCTURES II'),
	('2024UAD1149','prateekds.ad24@bitsathy.ac.in','7376242AD254','PRATEEK D S','AIDS','AD11089','22AI402 - DATA STRUCTURES II'),
	('2024UAD1141','srisabarisrinivass.ad24@bitsathy.ac.in','7376242AD308','SRI SABARI SRINIVAS S','AIDS','AD11089','22AI402 - DATA STRUCTURES II'),
	('2024UAD1232','vishnudharanm.ad24@bitsathy.ac.in','7376242AD343','VISHNUDHARAN M','AIDS','AD11089','22AI402 - DATA STRUCTURES II'),
	('2025UAD5014','nandidak.ad24@bitsathy.ac.in','7376252AD508','NANDIDA K','AIDS','AD11089','22AI402 - DATA STRUCTURES II'),
	('2024UAL1031','pradeepg.al24@bitsathy.ac.in','7376242AL165','PRADEEP G','AIML','AM11095','22AM402 - DATA STRUCTURES II'),
	('2024UAL1012','thipeswarv.al24@bitsathy.ac.in','7376242AL207','THIPESWAR V','AIML','AM11095','22AM402 - DATA STRUCTURES II'),
	('2024UBT1094','deepasreep.bt24@bitsathy.ac.in','7376242BT115','DEEPA SREE P','BT','ME10492','22BT402 - HEAT AND MASS TRANSFER'),
	('2024UBT1101','dharshinipr.bt24@bitsathy.ac.in','7376242BT123','DHARSHINI R','BT','ME10492','22BT402 - HEAT AND MASS TRANSFER'),
	('2024UBT1120','hemam.bt24@bitsathy.ac.in','7376242BT138','HEMA M','BT','ME10492','22BT402 - HEAT AND MASS TRANSFER'),
	('2024UBT1119','kavyav.bt24@bitsathy.ac.in','7376242BT151','KAVYA V','BT','ME10492','22BT402 - HEAT AND MASS TRANSFER'),
	('2024UBT1106','madhupratikas.bt24@bitsathy.ac.in','7376242BT156','MADHU PRATIKA S','BT','ME10492','22BT402 - HEAT AND MASS TRANSFER'),
	('2024UBT1108','malarvizhia.bt24@bitsathy.ac.in','7376242BT157','MALARVIZHI A','BT','ME10492','22BT402 - HEAT AND MASS TRANSFER'),
	('2024UBT1073','nithishkumarr.bt24@bitsathy.ac.in','7376242BT170','NITHISH KUMAR R','BT','ME10492','22BT402 - HEAT AND MASS TRANSFER'),
	('2024UBT1089','praveenkumarm.bt24@bitsathy.ac.in','7376242BT174','PRAVEEN KUMAR M','BT','ME10492','22BT402 - HEAT AND MASS TRANSFER'),
	('2024UBT1062','ragulb.bt24@bitsathy.ac.in','7376242BT176','RAGUL B','BT','ME10492','22BT402 - HEAT AND MASS TRANSFER'),
	('2024UBT1025','thanigaivelank.bt24@bitsathy.ac.in','7376242BT214','THANIGAIVELAN K','BT','ME10492','22BT402 - HEAT AND MASS TRANSFER'),
	('2024UBT1118','varshinipriyap.bt24@bitsathy.ac.in','7376242BT219','VARSHINIPRIYA P','BT','ME10492','22BT402 - HEAT AND MASS TRANSFER'),
	('2025UBT5001','madhans.bt24@bitsathy.ac.in','7376252BT501','MADHAN S','BT','ME10492','22BT402 - HEAT AND MASS TRANSFER'),
	('2024UCB1044','asvikaash.cb24@bitsathy.ac.in','7376242CB102','A S VIKAASH','CSBS','CB10890','22CB402 - SOFTWARE ENGINEERING'),
	('2024UCB1041','dharshansreer.cb24@bitsathy.ac.in','7376242CB116','DHARSHAN SREE R','CSBS','CB10890','22CB402 - SOFTWARE ENGINEERING'),
	('2024UCB1043','dhayanandprabavathivelusamy.cb24@bitsathy.ac.in','7376242CB119','DHAYANAND PRABAVATHI VELUSAMY','CSBS','CB10890','22CB402 - SOFTWARE ENGINEERING'),
	('2024UCB1039','lakshmanbabur.cb24@bitsathy.ac.in','7376242CB133','LAKSHMAN BABU R','CSBS','CB10890','22CB402 - SOFTWARE ENGINEERING'),
	('2024UCB1060','madheshk.cb24@bitsathy.ac.in','7376242CB134','MADHESH K','CSBS','CB10890','22CB402 - SOFTWARE ENGINEERING'),
	('2025UCB5003','suryam.cb24@bitsathy.ac.in','7376252CB502','SURYA M','CSBS','CB10890','22CB402 - SOFTWARE ENGINEERING'),
	('2025UCB5002','THIRUMURUGANS.CB24@bitsathy.ac.in','7376252CB503','THIRUMURUGAN S','CSBS','CB10890','22CB402 - SOFTWARE ENGINEERING'),
	('2024UCS1279','bharathkrishnas.cs24@bitsathy.ac.in','7376241CS143','BHARATHKRISHNA S','CSE','CS11094','22CS402 - DATA STRUCTURES II'),
	('2024UCS1254','dhanusiyast.cs24@bitsathy.ac.in','7376241CS155','DHANUSIYA T','CSE','CS11094','22CS402 - DATA STRUCTURES II'),
	('2024UCS1352','karthikeyanb.cs24@bitsathy.ac.in','7376241CS230','KARTHIKEYAN B','CSE','CS11094','22CS402 - DATA STRUCTURES II'),
	('2024UCS1016','nishanthim.cs24@bitsathy.ac.in','7376241CS305','NISHANTHI M','CSE','CS11094','22CS402 - DATA STRUCTURES II'),
	('2024UCS1325','rahulpraneshp.cs24@bitsathy.ac.in','7376241CS334','RAHUL PRANESH P','CSE','CS11094','22CS402 - DATA STRUCTURES II'),
	('2024UCS1283','shruthikas.cs24@bitsathy.ac.in','7376241CS392','SHRUTHIKA S','CSE','CS11094','22CS402 - DATA STRUCTURES II'),
	('2025UCS5024','ajayr.cs24@bitsathy.ac.in','7376251CS503','AJAY R','CSE','CS11094','22CS402 - DATA STRUCTURES II'),
	('2025UCS5010','deepake.cs24@bitsathy.ac.in','7376251CS506','DEEPAK E','CSE','CS11094','22CS402 - DATA STRUCTURES II'),
	('2025UCS5007','dharanipriyanc.cs24@bitsathy.ac.in','7376251CS507','DHARANI PRIYAN C','CSE','CS11094','22CS402 - DATA STRUCTURES II'),
	('2025UCS5006','dharuns.cs24@bitsathy.ac.in','7376251CS508','DHARUN S','CSE','CS11094','22CS402 - DATA STRUCTURES II'),
	('2025UCS5021','jeevags.cs24@bitsathy.ac.in','7376251CS511','JEEVA G S','CSE','CS11094','22CS402 - DATA STRUCTURES II'),
	('2025UCS5016','kamaleshpm.cs24@bitsathy.ac.in','7376251CS512','KAMALESH P M','CSE','CS11094','22CS402 - DATA STRUCTURES II'),
	('2025UCS5011','krishnaprasanths.cs24@bitsathy.ac.in','7376251CS513','KRISHNAPRASANTH S','CSE','CS11094','22CS402 - DATA STRUCTURES II'),
	('2024UEE1041','chandranj.ee24@bitsathy.ac.in','7376241EE114','CHANDRAN J','EEE','EE1437','22EE402 - ELECTRICAL MACHINES II'),
	('2024UEE1076','dharnishar.ee24@bitsathy.ac.in','7376241EE122','DHARNISHA R','EEE','EE1437','22EE402 - ELECTRICAL MACHINES II'),
	('2024UEE1082','harshithm.ee24@bitsathy.ac.in','7376241EE132','HARSHITH M','EEE','EE1437','22EE402 - ELECTRICAL MACHINES II'),
	('2024UEE1099','lokeshsekharms.ee24@bitsathy.ac.in','7376241EE142','LOKESHSEKHAR M S','EEE','EE1437','22EE402 - ELECTRICAL MACHINES II'),
	('2024UEE1109','maniv.ee24@bitsathy.ac.in','7376241EE145','MANI V','EEE','EE1437','22EE402 - ELECTRICAL MACHINES II'),
	('2024UEE1114','manoa.ee24@bitsathy.ac.in','7376241EE146','MANO A','EEE','EE1437','22EE402 - ELECTRICAL MACHINES II'),
	('2024UEE1089','naveenkumarr.ee24@bitsathy.ac.in','7376241EE157','NAVEENKUMAR R','EEE','EE1437','22EE402 - ELECTRICAL MACHINES II'),
	('2024UEE1096','sanjaykumarr.ee24@bitsathy.ac.in','7376241EE185','SANJAYKUMAR R','EEE','EE1437','22EE402 - ELECTRICAL MACHINES II'),
	('2024UEE1118','shripriyaner.ee24@bitsathy.ac.in','7376241EE188','SHRIPRIYAN E R','EEE','EE1437','22EE402 - ELECTRICAL MACHINES II'),
	('2024UEE1097','siddhaarthr.ee24@bitsathy.ac.in','7376241EE190','SIDDHAARTH R','EEE','EE1437','22EE402 - ELECTRICAL MACHINES II'),
	('2024UEE1092','srisaraswathip.ee24@bitsathy.ac.in','7376241EE196','SRI SARASWATHI P','EEE','EE1437','22EE402 - ELECTRICAL MACHINES II'),
	('2024UEE1059','subhapradham.ee24@bitsathy.ac.in','7376241EE199','SUBHA PRADHA M','EEE','EE1437','22EE402 - ELECTRICAL MACHINES II'),
	('2024UEE1047','thanujasrib.ee24@bitsathy.ac.in','7376241EE205','THANUJA SRI B','EEE','EE1437','22EE402 - ELECTRICAL MACHINES II'),
	('2024UEE1115','vaibhavnarayananv.ee24@bitsathy.ac.in','7376241EE207','VAIBHAV NARAYANAN V','EEE','EE1437','22EE402 - ELECTRICAL MACHINES II'),
	('2024UEE1011','vaishihasv.ee24@bitsathy.ac.in','7376241EE208','VAISHIHA S V','EEE','EE1437','22EE402 - ELECTRICAL MACHINES II'),
	('2024UEE1093','vharshaadm.ee24@bitsathy.ac.in','7376241EE211','VHARSHAA D M','EEE','EE1437','22EE402 - ELECTRICAL MACHINES II'),
	('2024UEE1037','vinithmk.ee24@bitsathy.ac.in','7376241EE213','VINITH M K','EEE','EE1437','22EE402 - ELECTRICAL MACHINES II'),
	('2024UEE1074','vishalpk.ee24@bitsathy.ac.in','7376241EE214','VISHAL P K','EEE','EE1437','22EE402 - ELECTRICAL MACHINES II'),
	('2024UEE1078','vishodhanv.ee24@bitsathy.ac.in','7376241EE215','VISHODHAN V','EEE','EE1437','22EE402 - ELECTRICAL MACHINES II'),
	('2025UEE5013','bhoomikas.ee24@bitsathy.ac.in','7376251EE501','BHOOMIKA S','EEE','EE1437','22EE402 - ELECTRICAL MACHINES II'),
	('2025UEE5014','haswinu.ee24@bitsathy.ac.in','7376251EE504','HASWIN U','EEE','EE1437','22EE402 - ELECTRICAL MACHINES II'),
	('2025UEE5004','yashwanthk.ee24@bitsathy.ac.in','7376251EE517','YASHWANTH K','EEE','EE1437','22EE402 - ELECTRICAL MACHINES II'),
	('2024UEC1242','aathithyentss.ec24@bitsathy.ac.in','7376241EC103','AATHITHYEN T S S','ECE','EC10680','22EC402 - ANALOG COMMUNICATION'),
	('2024UEC1205','akilvetrivelm.ec24@bitsathy.ac.in','7376241EC111','AKIL VETRIVEL M','ECE','EC10680','22EC402 - ANALOG COMMUNICATION'),
	('2024UEC1188','darshans.ec24@bitsathy.ac.in','7376241EC133','DARSHAN S','ECE','EC10680','22EC402 - ANALOG COMMUNICATION'),
	('2024UEC1044','dhanushkumars.ec24@bitsathy.ac.in','7376241EC137','DHANUSH KUMAR S','ECE','EC10680','22EC402 - ANALOG COMMUNICATION'),
	('2024UEC1222','dhayaanithirr.ec24@bitsathy.ac.in','7376241EC142','DHAYAANITHI R R','ECE','EC10680','22EC402 - ANALOG COMMUNICATION'),
	('2024UEC1177','dhianeshrk.ec24@bitsathy.ac.in','7376241EC145','DHIANESH R K','ECE','EC10680','22EC402 - ANALOG COMMUNICATION'),
	('2024UEC1161','dhiyaneshv.ec24@bitsathy.ac.in','7376241EC147','DHIYANESH V','ECE','EC10680','22EC402 - ANALOG COMMUNICATION'),
	('2024UEC1208','kabilana.ec24@bitsathy.ac.in','7376241EC184','KABILAN A','ECE','EC10680','22EC402 - ANALOG COMMUNICATION'),
	('2024UEC1079','mariasebatinirp.ec24@bitsathy.ac.in','7376241EC213','MARIA SEBATINI R P','ECE','EC10680','22EC402 - ANALOG COMMUNICATION'),
	('2024UEC1136','nithershanam.ec24@bitsathy.ac.in','7376241EC240','NITHERSHANA M','ECE','EC10680','22EC402 - ANALOG COMMUNICATION'),
	('2024UEC1153','nithileshj.ec24@bitsathy.ac.in','7376241EC241','NITHILESH J','ECE','EC10680','22EC402 - ANALOG COMMUNICATION'),
	('2024UEC1166','nithishkumarpalanisamy.ec24@bitsathy.ac.in','7376241EC243','NITHISH KUMAR PALANISAMY','ECE','EC10680','22EC402 - ANALOG COMMUNICATION'),
	('2024UEC1219','nizamsheriefn.ec24@bitsathy.ac.in','7376241EC246','NIZAM SHERIEF N','ECE','EC10680','22EC402 - ANALOG COMMUNICATION'),
	('2024UEC1125','prajina.ec24@bitsathy.ac.in','7376241EC256','PRAJIN A','ECE','EC10680','22EC402 - ANALOG COMMUNICATION'),
	('2024UEC1207','prateektr.ec24@bitsathy.ac.in','7376241EC261','PRATEEK T R','ECE','EC10680','22EC402 - ANALOG COMMUNICATION'),
	('2024UEC1018','rishikanthvt.ec24@bitsathy.ac.in','7376241EC273','RISHIKANTH V T','ECE','EC10680','22EC402 - ANALOG COMMUNICATION'),
	('2024UEC1227','sakthivelt.ec24@bitsathy.ac.in','7376241EC284','SAKTHIVEL T','ECE','EC10680','22EC402 - ANALOG COMMUNICATION'),
	('2024UEC1184','sanjays.ec24@bitsathy.ac.in','7376241EC287','SANJAY S','ECE','EC10680','22EC402 - ANALOG COMMUNICATION'),
	('2024UEC1007','sanjeedvs.ec24@bitsathy.ac.in','7376241EC288','SANJEED V S','ECE','EC10680','22EC402 - ANALOG COMMUNICATION'),
	('2024UEC1239','sridharsankv.ec24@bitsathy.ac.in','7376241EC312','SRI DHARSAN K V','ECE','EC10680','22EC402 - ANALOG COMMUNICATION'),
	('2025UEC5021','moulidharanr.ec24@bitsathy.ac.in','7376251EC509','MOULIDHARAN R','ECE','EC10680','22EC402 - ANALOG COMMUNICATION'),
	('2025UEC5004','sabarisht.ec24@bitsathy.ac.in','7376251EC516','SABARISH T','ECE','EC10680','22EC402 - ANALOG COMMUNICATION'),
	('2024UEI1047','anjaivikasansv.ei24@bitsathy.ac.in','7376241EI104','ANJAI VIKASAN S V','EIE','EI1996','22EI402 - SENSORS AND TRANSDUCER'),
	('2024UEI1001','sivaramachandrann.ei24@bitsathy.ac.in','7376241EI147','SIVARAMACHANDRAN N','EIE','EI1996','22EI402 - SENSORS AND TRANSDUCER'),
	('2024UEI1051','sudharsanb.ei24@bitsathy.ac.in','7376241EI150','SUDHARSAN B','EIE','EI1996','22EI402 - SENSORS AND TRANSDUCER'),
	('2024UEI1050','yagesha.ei24@bitsathy.ac.in','7376241EI160','YAGESH A','EIE','EI1996','22EI402 - SENSORS AND TRANSDUCER'),
	('2025UEI5003','nihilanr.ei24@bitsathy.ac.in','7376251EI501','NIHILAN R','EIE','EI1996','22EI402 - SENSORS AND TRANSDUCER'),
	('2025UEI5001','sowntharm.ei24@bitsathy.ac.in','7376251EI502','SOWNTHAR M','EIE','EI1996','22EI402 - SENSORS AND TRANSDUCER'),
	('2024UIT1210','abisekp.it24@bitsathy.ac.in','7376242IT108','ABISEK P','IT','IT10262','22IT402 - DATA STRUCTURES II'),
	('2024UIT1164','anusrit.it24@bitsathy.ac.in','7376242IT117','ANU SRI T','IT','IT10262','22IT402 - DATA STRUCTURES II'),
	('2024UIT1068','dhakshathap.it24@bitsathy.ac.in','7376242IT143','DHAKSHATHA P','IT','IT10262','22IT402 - DATA STRUCTURES II'),
	('2024UIT1159','dharrniss.it24@bitsathy.ac.in','7376242IT146','DHARRNIS S','IT','IT10262','22IT402 - DATA STRUCTURES II'),
	('2024UIT1204','guhaneshs.it24@bitsathy.ac.in','7376242IT164','GUHANESH S','IT','IT10262','22IT402 - DATA STRUCTURES II'),
	('2024UIT1150','haritharanidharane.it24@bitsathy.ac.in','7376242IT168','HARI THARANI DHARAN E','IT','IT10262','22IT402 - DATA STRUCTURES II'),
	('2024UIT1163','jawaharl.it24@bitsathy.ac.in','7376242IT184','JAWAHAR L','IT','IT10262','22IT402 - DATA STRUCTURES II'),
	('2024UIT1192','jeevadharshanb.it24@bitsathy.ac.in','7376242IT188','JEEVA DHARSHAN B','IT','IT10262','22IT402 - DATA STRUCTURES II'),
	('2024UIT1121','mathanaprasathcp.it24@bitsathy.ac.in','7376242IT214','MATHANA PRASATH C P','IT','IT10262','22IT402 - DATA STRUCTURES II'),
	('2024UIT1058','raghunathck.it24@bitsathy.ac.in','7376242IT266','RAGHUNATH C K','IT','IT10262','22IT402 - DATA STRUCTURES II'),
	('2024UIT1197','sanjaya.it24@bitsathy.ac.in','7376242IT283','SANJAY A','IT','IT10262','22IT402 - DATA STRUCTURES II'),
	('2024UIT1177','sanjusriv.it24@bitsathy.ac.in','7376242IT287','SANJUSRI V','IT','IT10262','22IT402 - DATA STRUCTURES II'),
	('2024UIT1190','shaileshsm.it24@bitsathy.ac.in','7376242IT292','SHAILESH S M','IT','IT10262','22IT402 - DATA STRUCTURES II'),
	('2024UIT1116','shivaa.it24@bitsathy.ac.in','7376242IT298','SHIVA A','IT','IT10262','22IT402 - DATA STRUCTURES II'),
	('2024UIT1208','sivaselvanm.it24@bitsathy.ac.in','7376242IT304','SIVA SELVAN M','IT','IT10262','22IT402 - DATA STRUCTURES II'),
	('2024UIT1012','surendarr.it24@bitsathy.ac.in','7376242IT317','SURENDAR R','IT','IT10262','22IT402 - DATA STRUCTURES II'),
	('2024UIT1042','suryar.it24@bitsathy.ac.in','7376242IT319','SURYA R','IT','IT10262','22IT402 - DATA STRUCTURES II'),
	('2025UIT5004','DIVITHM.IT24@bitsathy.ac.in','7376252IT504','DIVITH M','IT','IT10262','22IT402 - DATA STRUCTURES II'),
	('2025UIT5005','HARISHRAMANUJAMVK.IT24@bitsathy.ac.in','7376252IT507','HARISH RAMANUJAM V K','IT','IT10262','22IT402 - DATA STRUCTURES II'),
	('2025UIT5009','thapisnurv.it24@bitsathy.ac.in','7376252IT516','THAPISNU R V','IT','IT10262','22IT402 - DATA STRUCTURES II'),
	('2024UME1043','dsgiriprasad.me24@bitsathy.ac.in','7376241ME108','D S GIRI PRASAD','MECH','AU10645','22ME402 - SENSORS AND TRANSDUCER'),
	('2024UME1034','dhanvanthn.me24@bitsathy.ac.in','7376241ME110','DHANVANTH N','MECH','AU10645','22ME402 - SENSORS AND TRANSDUCER'),
	('2024UME1005','diswansathyas.me24@bitsathy.ac.in','7376241ME111','DISWAN SATHYA S','MECH','AU10645','22ME402 - SENSORS AND TRANSDUCER'),
	('2024UME1037','gowthamm.me24@bitsathy.ac.in','7376241ME114','GOWTHAM M','MECH','AU10645','22ME402 - SENSORS AND TRANSDUCER'),
	('2024UME1017','jarvisbraylens.me24@bitsathy.ac.in','7376241ME119','JARVIS BRAYLEN S','MECH','AU10645','22ME402 - SENSORS AND TRANSDUCER'),
	('2024UME1036','kowchikm.me24@bitsathy.ac.in','7376241ME123','KOWCHIK M','MECH','AU10645','22ME402 - SENSORS AND TRANSDUCER'),
	('2024UME1054','nishanthk.me24@bitsathy.ac.in','7376241ME132','NISHANTH K','MECH','AU10645','22ME402 - SENSORS AND TRANSDUCER'),
	('2024UME1027','pasumponrajak.me24@bitsathy.ac.in','7376241ME134','PASUMPONRAJA K','MECH','AU10645','22ME402 - SENSORS AND TRANSDUCER'),
	('2024UME1002','rakshithprasathg.me24@bitsathy.ac.in','7376241ME137','RAKSHITH PRASATH G','MECH','AU10645','22ME402 - SENSORS AND TRANSDUCER'),
	('2024UME1025','revanthsrisivasr.me24@bitsathy.ac.in','7376241ME139','REVANTH SRISIVA S R','MECH','AU10645','22ME402 - SENSORS AND TRANSDUCER'),
	('2024UME1018','riyass.me24@bitsathy.ac.in','7376241ME143','RIYAS S','MECH','AU10645','22ME402 - SENSORS AND TRANSDUCER'),
	('2024UME1022','sandeepkumargv.me24@bitsathy.ac.in','7376241ME148','SANDEEP KUMAR G V','MECH','AU10645','22ME402 - SENSORS AND TRANSDUCER'),
	('2024UME1003','sheikalarshads.me24@bitsathy.ac.in','7376241ME151','SHEIK AL ARSHAD S','MECH','AU10645','22ME402 - SENSORS AND TRANSDUCER'),
	('2024UME1016','singavela.me24@bitsathy.ac.in','7376241ME152','SINGAVEL A','MECH','AU10645','22ME402 - SENSORS AND TRANSDUCER'),
	('2024UME1007','vimalm.me24@bitsathy.ac.in','7376241ME156','VIMAL M','MECH','AU10645','22ME402 - SENSORS AND TRANSDUCER'),
	('2024UME1046','vishalrk.me24@bitsathy.ac.in','7376241ME157','VISHAL R K','MECH','AU10645','22ME402 - SENSORS AND TRANSDUCER'),
	('2025UME5007','obulirajvk.me24@bitsathy.ac.in','7376251ME504','OBULIRAJ V K','MECH','AU10645','22ME402 - SENSORS AND TRANSDUCER'),
	('2024UMZ1031','harinimanikandan.mz24@bitsathy.ac.in','7376241MZ117','HARINI MANIKANDAN','MTRS','MC10597','22MC402 - SENSORS AND TRANSDUCER'),
	('2024UMZ1048','kalaiyarasut.mz24@bitsathy.ac.in','7376241MZ121','KALAIYARASU T','MTRS','MC10597','22MC402 - SENSORS AND TRANSDUCER'),
	('2024UMZ1001','pradeepr.mz24@bitsathy.ac.in','7376241MZ131','PRADEEP R','MTRS','MC10597','22MC402 - SENSORS AND TRANSDUCER'),
	('2024UMZ1061','ragulsa.mz24@bitsathy.ac.in','7376241MZ137','RAGUL S A','MTRS','MC10597','22MC402 - SENSORS AND TRANSDUCER'),
	('2024UMZ1058','rajsenthoours.mz24@bitsathy.ac.in','7376241MZ139','RAJ SENTHOOUR S','MTRS','MC10597','22MC402 - SENSORS AND TRANSDUCER'),
	('2024UAG1012','mohamedrajikm.ag24@bitsathy.ac.in','7376242AG112','MOHAMED RAJIK M','AGRI','MC10299','22AG403 - STRENGTH OF MATERIALS'),
	('2024UAD1114','chinnamanib.ad24@bitsathy.ac.in','7376242AD130','CHINNAMANI B','AIDS','AD11068','22AI403 - OPERATING SYSTEMS'),
	('2024UAD1006','deepakkr.ad24@bitsathy.ac.in','7376242AD137','DEEPAK K','AIDS','AD11068','22AI403 - OPERATING SYSTEMS'),
	('2024UAD1062','hashmithap.ad24@bitsathy.ac.in','7376242AD178','HASHMITHA P','AIDS','AD11068','22AI403 - OPERATING SYSTEMS'),
	('2024UAD1033','jaganmohanr.ad24@bitsathy.ac.in','7376242AD183','JAGAN MOHAN R','AIDS','AD11068','22AI403 - OPERATING SYSTEMS'),
	('2024UAD1151','jaisuryas.ad24@bitsathy.ac.in','7376242AD186','JAISURYA S','AIDS','AD11068','22AI403 - OPERATING SYSTEMS'),
	('2024UAD1221','jayeshs.ad24@bitsathy.ac.in','7376242AD189','JAYESH S','AIDS','AD11068','22AI403 - OPERATING SYSTEMS'),
	('2024UAD1161','mohammednadheems.ad24@bitsathy.ac.in','7376242AD218','MOHAMMED NADHEEM S','AIDS','AD11068','22AI403 - OPERATING SYSTEMS'),
	('2024UAD1149','prateekds.ad24@bitsathy.ac.in','7376242AD254','PRATEEK D S','AIDS','AD11068','22AI403 - OPERATING SYSTEMS'),
	('2024UAD1141','srisabarisrinivass.ad24@bitsathy.ac.in','7376242AD308','SRI SABARI SRINIVAS S','AIDS','AD11068','22AI403 - OPERATING SYSTEMS'),
	('2024UAD1232','vishnudharanm.ad24@bitsathy.ac.in','7376242AD343','VISHNUDHARAN M','AIDS','AD11068','22AI403 - OPERATING SYSTEMS'),
	('2025UAD5014','nandidak.ad24@bitsathy.ac.in','7376252AD508','NANDIDA K','AIDS','AD11068','22AI403 - OPERATING SYSTEMS'),
	('2024UAL1031','pradeepg.al24@bitsathy.ac.in','7376242AL165','PRADEEP G','AIML','AM10956','22AM403 - OPERATING SYSTEMS'),
	('2024UAL1012','thipeswarv.al24@bitsathy.ac.in','7376242AL207','THIPESWAR V','AIML','AM10956','22AM403 - OPERATING SYSTEMS'),
	('2024UBT1094','deepasreep.bt24@bitsathy.ac.in','7376242BT115','DEEPA SREE P','BT','BT11050','22BT403 - CELL AND MOLECULAR BIOLOGY'),
	('2024UBT1101','dharshinipr.bt24@bitsathy.ac.in','7376242BT123','DHARSHINI R','BT','BT11050','22BT403 - CELL AND MOLECULAR BIOLOGY'),
	('2024UBT1120','hemam.bt24@bitsathy.ac.in','7376242BT138','HEMA M','BT','BT11050','22BT403 - CELL AND MOLECULAR BIOLOGY'),
	('2024UBT1119','kavyav.bt24@bitsathy.ac.in','7376242BT151','KAVYA V','BT','BT11050','22BT403 - CELL AND MOLECULAR BIOLOGY'),
	('2024UBT1106','madhupratikas.bt24@bitsathy.ac.in','7376242BT156','MADHU PRATIKA S','BT','BT11050','22BT403 - CELL AND MOLECULAR BIOLOGY'),
	('2024UBT1108','malarvizhia.bt24@bitsathy.ac.in','7376242BT157','MALARVIZHI A','BT','BT11050','22BT403 - CELL AND MOLECULAR BIOLOGY'),
	('2024UBT1073','nithishkumarr.bt24@bitsathy.ac.in','7376242BT170','NITHISH KUMAR R','BT','BT11050','22BT403 - CELL AND MOLECULAR BIOLOGY'),
	('2024UBT1089','praveenkumarm.bt24@bitsathy.ac.in','7376242BT174','PRAVEEN KUMAR M','BT','BT11050','22BT403 - CELL AND MOLECULAR BIOLOGY'),
	('2024UBT1062','ragulb.bt24@bitsathy.ac.in','7376242BT176','RAGUL B','BT','BT11050','22BT403 - CELL AND MOLECULAR BIOLOGY'),
	('2024UBT1025','thanigaivelank.bt24@bitsathy.ac.in','7376242BT214','THANIGAIVELAN K','BT','BT11050','22BT403 - CELL AND MOLECULAR BIOLOGY'),
	('2024UBT1118','varshinipriyap.bt24@bitsathy.ac.in','7376242BT219','VARSHINIPRIYA P','BT','BT11050','22BT403 - CELL AND MOLECULAR BIOLOGY'),
	('2025UBT5001','madhans.bt24@bitsathy.ac.in','7376252BT501','MADHAN S','BT','BT11050','22BT403 - CELL AND MOLECULAR BIOLOGY'),
	('2024UCB1044','asvikaash.cb24@bitsathy.ac.in','7376242CB102','A S VIKAASH','CSBS','CB10791','22CB403 - DESIGN AND ANALYSIS OF ALGORITHMS'),
	('2024UCB1041','dharshansreer.cb24@bitsathy.ac.in','7376242CB116','DHARSHAN SREE R','CSBS','CB10791','22CB403 - DESIGN AND ANALYSIS OF ALGORITHMS'),
	('2024UCB1043','dhayanandprabavathivelusamy.cb24@bitsathy.ac.in','7376242CB119','DHAYANAND PRABAVATHI VELUSAMY','CSBS','CB10791','22CB403 - DESIGN AND ANALYSIS OF ALGORITHMS'),
	('2024UCB1039','lakshmanbabur.cb24@bitsathy.ac.in','7376242CB133','LAKSHMAN BABU R','CSBS','CB10791','22CB403 - DESIGN AND ANALYSIS OF ALGORITHMS'),
	('2024UCB1060','madheshk.cb24@bitsathy.ac.in','7376242CB134','MADHESH K','CSBS','CB10791','22CB403 - DESIGN AND ANALYSIS OF ALGORITHMS'),
	('2025UCB5003','suryam.cb24@bitsathy.ac.in','7376252CB502','SURYA M','CSBS','CB10791','22CB403 - DESIGN AND ANALYSIS OF ALGORITHMS'),
	('2025UCB5002','THIRUMURUGANS.CB24@bitsathy.ac.in','7376252CB503','THIRUMURUGAN S','CSBS','CB10791','22CB403 - DESIGN AND ANALYSIS OF ALGORITHMS'),
	('2024UCS1279','bharathkrishnas.cs24@bitsathy.ac.in','7376241CS143','BHARATHKRISHNA S','CSE','CS11119','22CS403 - OPERATING SYSTEMS'),
	('2024UCS1254','dhanusiyast.cs24@bitsathy.ac.in','7376241CS155','DHANUSIYA T','CSE','CS11119','22CS403 - OPERATING SYSTEMS'),
	('2024UCS1352','karthikeyanb.cs24@bitsathy.ac.in','7376241CS230','KARTHIKEYAN B','CSE','CS11119','22CS403 - OPERATING SYSTEMS'),
	('2024UCS1016','nishanthim.cs24@bitsathy.ac.in','7376241CS305','NISHANTHI M','CSE','CS11119','22CS403 - OPERATING SYSTEMS'),
	('2024UCS1325','rahulpraneshp.cs24@bitsathy.ac.in','7376241CS334','RAHUL PRANESH P','CSE','CS11119','22CS403 - OPERATING SYSTEMS'),
	('2024UCS1283','shruthikas.cs24@bitsathy.ac.in','7376241CS392','SHRUTHIKA S','CSE','CS11119','22CS403 - OPERATING SYSTEMS'),
	('2025UCS5024','ajayr.cs24@bitsathy.ac.in','7376251CS503','AJAY R','CSE','CS11119','22CS403 - OPERATING SYSTEMS'),
	('2025UCS5010','deepake.cs24@bitsathy.ac.in','7376251CS506','DEEPAK E','CSE','CS11119','22CS403 - OPERATING SYSTEMS'),
	('2025UCS5007','dharanipriyanc.cs24@bitsathy.ac.in','7376251CS507','DHARANI PRIYAN C','CSE','CS11119','22CS403 - OPERATING SYSTEMS'),
	('2025UCS5006','dharuns.cs24@bitsathy.ac.in','7376251CS508','DHARUN S','CSE','CS11119','22CS403 - OPERATING SYSTEMS'),
	('2025UCS5021','jeevags.cs24@bitsathy.ac.in','7376251CS511','JEEVA G S','CSE','CS11119','22CS403 - OPERATING SYSTEMS'),
	('2025UCS5016','kamaleshpm.cs24@bitsathy.ac.in','7376251CS512','KAMALESH P M','CSE','CS11119','22CS403 - OPERATING SYSTEMS'),
	('2025UCS5011','krishnaprasanths.cs24@bitsathy.ac.in','7376251CS513','KRISHNAPRASANTH S','CSE','CS11119','22CS403 - OPERATING SYSTEMS'),
	('2024UEE1041','chandranj.ee24@bitsathy.ac.in','7376241EE114','CHANDRAN J','EEE','EE1785','22EE403 - MEASUREMENT AND INSTRUMENTATION'),
	('2024UEE1076','dharnishar.ee24@bitsathy.ac.in','7376241EE122','DHARNISHA R','EEE','EE1785','22EE403 - MEASUREMENT AND INSTRUMENTATION'),
	('2024UEE1082','harshithm.ee24@bitsathy.ac.in','7376241EE132','HARSHITH M','EEE','EE1785','22EE403 - MEASUREMENT AND INSTRUMENTATION'),
	('2024UEE1099','lokeshsekharms.ee24@bitsathy.ac.in','7376241EE142','LOKESHSEKHAR M S','EEE','EE1785','22EE403 - MEASUREMENT AND INSTRUMENTATION'),
	('2024UEE1109','maniv.ee24@bitsathy.ac.in','7376241EE145','MANI V','EEE','EE1785','22EE403 - MEASUREMENT AND INSTRUMENTATION'),
	('2024UEE1114','manoa.ee24@bitsathy.ac.in','7376241EE146','MANO A','EEE','EE1785','22EE403 - MEASUREMENT AND INSTRUMENTATION'),
	('2024UEE1089','naveenkumarr.ee24@bitsathy.ac.in','7376241EE157','NAVEENKUMAR R','EEE','EE1785','22EE403 - MEASUREMENT AND INSTRUMENTATION'),
	('2024UEE1096','sanjaykumarr.ee24@bitsathy.ac.in','7376241EE185','SANJAYKUMAR R','EEE','EE1785','22EE403 - MEASUREMENT AND INSTRUMENTATION'),
	('2024UEE1118','shripriyaner.ee24@bitsathy.ac.in','7376241EE188','SHRIPRIYAN E R','EEE','EE1785','22EE403 - MEASUREMENT AND INSTRUMENTATION'),
	('2024UEE1097','siddhaarthr.ee24@bitsathy.ac.in','7376241EE190','SIDDHAARTH R','EEE','EE1785','22EE403 - MEASUREMENT AND INSTRUMENTATION'),
	('2024UEE1092','srisaraswathip.ee24@bitsathy.ac.in','7376241EE196','SRI SARASWATHI P','EEE','EE1785','22EE403 - MEASUREMENT AND INSTRUMENTATION'),
	('2024UEE1059','subhapradham.ee24@bitsathy.ac.in','7376241EE199','SUBHA PRADHA M','EEE','EE1785','22EE403 - MEASUREMENT AND INSTRUMENTATION'),
	('2024UEE1047','thanujasrib.ee24@bitsathy.ac.in','7376241EE205','THANUJA SRI B','EEE','EE1785','22EE403 - MEASUREMENT AND INSTRUMENTATION'),
	('2024UEE1115','vaibhavnarayananv.ee24@bitsathy.ac.in','7376241EE207','VAIBHAV NARAYANAN V','EEE','EE1785','22EE403 - MEASUREMENT AND INSTRUMENTATION'),
	('2024UEE1011','vaishihasv.ee24@bitsathy.ac.in','7376241EE208','VAISHIHA S V','EEE','EE1785','22EE403 - MEASUREMENT AND INSTRUMENTATION'),
	('2024UEE1093','vharshaadm.ee24@bitsathy.ac.in','7376241EE211','VHARSHAA D M','EEE','EE1785','22EE403 - MEASUREMENT AND INSTRUMENTATION'),
	('2024UEE1037','vinithmk.ee24@bitsathy.ac.in','7376241EE213','VINITH M K','EEE','EE1785','22EE403 - MEASUREMENT AND INSTRUMENTATION'),
	('2024UEE1074','vishalpk.ee24@bitsathy.ac.in','7376241EE214','VISHAL P K','EEE','EE1785','22EE403 - MEASUREMENT AND INSTRUMENTATION'),
	('2024UEE1078','vishodhanv.ee24@bitsathy.ac.in','7376241EE215','VISHODHAN V','EEE','EE1785','22EE403 - MEASUREMENT AND INSTRUMENTATION'),
	('2025UEE5013','bhoomikas.ee24@bitsathy.ac.in','7376251EE501','BHOOMIKA S','EEE','EE1785','22EE403 - MEASUREMENT AND INSTRUMENTATION'),
	('2025UEE5014','haswinu.ee24@bitsathy.ac.in','7376251EE504','HASWIN U','EEE','EE1785','22EE403 - MEASUREMENT AND INSTRUMENTATION'),
	('2025UEE5004','yashwanthk.ee24@bitsathy.ac.in','7376251EE517','YASHWANTH K','EEE','EE1785','22EE403 - MEASUREMENT AND INSTRUMENTATION'),
	('2024UEC1242','aathithyentss.ec24@bitsathy.ac.in','7376241EC103','AATHITHYEN T S S','ECE','EC10969','22EC403 - ELECTROMAGNETIC FIELDS AND WAVEGUIDES'),
	('2024UEC1205','akilvetrivelm.ec24@bitsathy.ac.in','7376241EC111','AKIL VETRIVEL M','ECE','EC10969','22EC403 - ELECTROMAGNETIC FIELDS AND WAVEGUIDES'),
	('2024UEC1188','darshans.ec24@bitsathy.ac.in','7376241EC133','DARSHAN S','ECE','EC10969','22EC403 - ELECTROMAGNETIC FIELDS AND WAVEGUIDES'),
	('2024UEC1044','dhanushkumars.ec24@bitsathy.ac.in','7376241EC137','DHANUSH KUMAR S','ECE','EC10969','22EC403 - ELECTROMAGNETIC FIELDS AND WAVEGUIDES'),
	('2024UEC1222','dhayaanithirr.ec24@bitsathy.ac.in','7376241EC142','DHAYAANITHI R R','ECE','EC10969','22EC403 - ELECTROMAGNETIC FIELDS AND WAVEGUIDES'),
	('2024UEC1177','dhianeshrk.ec24@bitsathy.ac.in','7376241EC145','DHIANESH R K','ECE','EC10969','22EC403 - ELECTROMAGNETIC FIELDS AND WAVEGUIDES'),
	('2024UEC1161','dhiyaneshv.ec24@bitsathy.ac.in','7376241EC147','DHIYANESH V','ECE','EC10969','22EC403 - ELECTROMAGNETIC FIELDS AND WAVEGUIDES'),
	('2024UEC1208','kabilana.ec24@bitsathy.ac.in','7376241EC184','KABILAN A','ECE','EC10969','22EC403 - ELECTROMAGNETIC FIELDS AND WAVEGUIDES'),
	('2024UEC1079','mariasebatinirp.ec24@bitsathy.ac.in','7376241EC213','MARIA SEBATINI R P','ECE','EC10969','22EC403 - ELECTROMAGNETIC FIELDS AND WAVEGUIDES'),
	('2024UEC1136','nithershanam.ec24@bitsathy.ac.in','7376241EC240','NITHERSHANA M','ECE','EC10969','22EC403 - ELECTROMAGNETIC FIELDS AND WAVEGUIDES'),
	('2024UEC1153','nithileshj.ec24@bitsathy.ac.in','7376241EC241','NITHILESH J','ECE','EC10969','22EC403 - ELECTROMAGNETIC FIELDS AND WAVEGUIDES'),
	('2024UEC1166','nithishkumarpalanisamy.ec24@bitsathy.ac.in','7376241EC243','NITHISH KUMAR PALANISAMY','ECE','EC10969','22EC403 - ELECTROMAGNETIC FIELDS AND WAVEGUIDES'),
	('2024UEC1219','nizamsheriefn.ec24@bitsathy.ac.in','7376241EC246','NIZAM SHERIEF N','ECE','EC10969','22EC403 - ELECTROMAGNETIC FIELDS AND WAVEGUIDES'),
	('2024UEC1125','prajina.ec24@bitsathy.ac.in','7376241EC256','PRAJIN A','ECE','EC10969','22EC403 - ELECTROMAGNETIC FIELDS AND WAVEGUIDES'),
	('2024UEC1207','prateektr.ec24@bitsathy.ac.in','7376241EC261','PRATEEK T R','ECE','EC10969','22EC403 - ELECTROMAGNETIC FIELDS AND WAVEGUIDES'),
	('2024UEC1018','rishikanthvt.ec24@bitsathy.ac.in','7376241EC273','RISHIKANTH V T','ECE','EC10969','22EC403 - ELECTROMAGNETIC FIELDS AND WAVEGUIDES'),
	('2024UEC1227','sakthivelt.ec24@bitsathy.ac.in','7376241EC284','SAKTHIVEL T','ECE','EC10969','22EC403 - ELECTROMAGNETIC FIELDS AND WAVEGUIDES'),
	('2024UEC1184','sanjays.ec24@bitsathy.ac.in','7376241EC287','SANJAY S','ECE','EC10969','22EC403 - ELECTROMAGNETIC FIELDS AND WAVEGUIDES'),
	('2024UEC1007','sanjeedvs.ec24@bitsathy.ac.in','7376241EC288','SANJEED V S','ECE','EC10969','22EC403 - ELECTROMAGNETIC FIELDS AND WAVEGUIDES'),
	('2024UEC1239','sridharsankv.ec24@bitsathy.ac.in','7376241EC312','SRI DHARSAN K V','ECE','EC10969','22EC403 - ELECTROMAGNETIC FIELDS AND WAVEGUIDES'),
	('2025UEC5021','moulidharanr.ec24@bitsathy.ac.in','7376251EC509','MOULIDHARAN R','ECE','EC10969','22EC403 - ELECTROMAGNETIC FIELDS AND WAVEGUIDES'),
	('2025UEC5004','sabarisht.ec24@bitsathy.ac.in','7376251EC516','SABARISH T','ECE','EC10969','22EC403 - ELECTROMAGNETIC FIELDS AND WAVEGUIDES'),
	('2024UEI1047','anjaivikasansv.ei24@bitsathy.ac.in','7376241EI104','ANJAI VIKASAN S V','EIE','EI10459','22EI403 - ANALOG ELECTRONICS AND INTEGRATED CIRCUITS'),
	('2024UEI1001','sivaramachandrann.ei24@bitsathy.ac.in','7376241EI147','SIVARAMACHANDRAN N','EIE','EI10459','22EI403 - ANALOG ELECTRONICS AND INTEGRATED CIRCUITS'),
	('2024UEI1051','sudharsanb.ei24@bitsathy.ac.in','7376241EI150','SUDHARSAN B','EIE','EI10459','22EI403 - ANALOG ELECTRONICS AND INTEGRATED CIRCUITS'),
	('2024UEI1050','yagesha.ei24@bitsathy.ac.in','7376241EI160','YAGESH A','EIE','EI10459','22EI403 - ANALOG ELECTRONICS AND INTEGRATED CIRCUITS'),
	('2025UEI5003','nihilanr.ei24@bitsathy.ac.in','7376251EI501','NIHILAN R','EIE','EI10459','22EI403 - ANALOG ELECTRONICS AND INTEGRATED CIRCUITS'),
	('2025UEI5001','sowntharm.ei24@bitsathy.ac.in','7376251EI502','SOWNTHAR M','EIE','EI10459','22EI403 - ANALOG ELECTRONICS AND INTEGRATED CIRCUITS'),
	('2024UIT1210','abisekp.it24@bitsathy.ac.in','7376242IT108','ABISEK P','IT','IT11144','22IT403 - OPERATING SYSTEMS'),
	('2024UIT1164','anusrit.it24@bitsathy.ac.in','7376242IT117','ANU SRI T','IT','IT11144','22IT403 - OPERATING SYSTEMS'),
	('2024UIT1068','dhakshathap.it24@bitsathy.ac.in','7376242IT143','DHAKSHATHA P','IT','IT11144','22IT403 - OPERATING SYSTEMS'),
	('2024UIT1159','dharrniss.it24@bitsathy.ac.in','7376242IT146','DHARRNIS S','IT','IT11144','22IT403 - OPERATING SYSTEMS'),
	('2024UIT1204','guhaneshs.it24@bitsathy.ac.in','7376242IT164','GUHANESH S','IT','IT11144','22IT403 - OPERATING SYSTEMS'),
	('2024UIT1150','haritharanidharane.it24@bitsathy.ac.in','7376242IT168','HARI THARANI DHARAN E','IT','IT11144','22IT403 - OPERATING SYSTEMS'),
	('2024UIT1163','jawaharl.it24@bitsathy.ac.in','7376242IT184','JAWAHAR L','IT','IT11144','22IT403 - OPERATING SYSTEMS'),
	('2024UIT1192','jeevadharshanb.it24@bitsathy.ac.in','7376242IT188','JEEVA DHARSHAN B','IT','IT11144','22IT403 - OPERATING SYSTEMS'),
	('2024UIT1121','mathanaprasathcp.it24@bitsathy.ac.in','7376242IT214','MATHANA PRASATH C P','IT','IT11144','22IT403 - OPERATING SYSTEMS'),
	('2024UIT1058','raghunathck.it24@bitsathy.ac.in','7376242IT266','RAGHUNATH C K','IT','IT11144','22IT403 - OPERATING SYSTEMS'),
	('2024UIT1197','sanjaya.it24@bitsathy.ac.in','7376242IT283','SANJAY A','IT','IT11144','22IT403 - OPERATING SYSTEMS'),
	('2024UIT1177','sanjusriv.it24@bitsathy.ac.in','7376242IT287','SANJUSRI V','IT','IT11144','22IT403 - OPERATING SYSTEMS'),
	('2024UIT1190','shaileshsm.it24@bitsathy.ac.in','7376242IT292','SHAILESH S M','IT','IT11144','22IT403 - OPERATING SYSTEMS'),
	('2024UIT1116','shivaa.it24@bitsathy.ac.in','7376242IT298','SHIVA A','IT','IT11144','22IT403 - OPERATING SYSTEMS'),
	('2024UIT1208','sivaselvanm.it24@bitsathy.ac.in','7376242IT304','SIVA SELVAN M','IT','IT11144','22IT403 - OPERATING SYSTEMS'),
	('2024UIT1012','surendarr.it24@bitsathy.ac.in','7376242IT317','SURENDAR R','IT','IT11144','22IT403 - OPERATING SYSTEMS'),
	('2024UIT1042','suryar.it24@bitsathy.ac.in','7376242IT319','SURYA R','IT','IT11144','22IT403 - OPERATING SYSTEMS'),
	('2025UIT5004','DIVITHM.IT24@bitsathy.ac.in','7376252IT504','DIVITH M','IT','IT11144','22IT403 - OPERATING SYSTEMS'),
	('2025UIT5005','HARISHRAMANUJAMVK.IT24@bitsathy.ac.in','7376252IT507','HARISH RAMANUJAM V K','IT','IT11144','22IT403 - OPERATING SYSTEMS'),
	('2025UIT5009','thapisnurv.it24@bitsathy.ac.in','7376252IT516','THAPISNU R V','IT','IT11144','22IT403 - OPERATING SYSTEMS'),
	('2024UME1043','dsgiriprasad.me24@bitsathy.ac.in','7376241ME108','D S GIRI PRASAD','MECH','ME10098','22ME403 - STRENGTH OF MATERIALS'),
	('2024UME1034','dhanvanthn.me24@bitsathy.ac.in','7376241ME110','DHANVANTH N','MECH','ME10098','22ME403 - STRENGTH OF MATERIALS'),
	('2024UME1005','diswansathyas.me24@bitsathy.ac.in','7376241ME111','DISWAN SATHYA S','MECH','ME10098','22ME403 - STRENGTH OF MATERIALS'),
	('2024UME1037','gowthamm.me24@bitsathy.ac.in','7376241ME114','GOWTHAM M','MECH','ME10098','22ME403 - STRENGTH OF MATERIALS'),
	('2024UME1017','jarvisbraylens.me24@bitsathy.ac.in','7376241ME119','JARVIS BRAYLEN S','MECH','ME10098','22ME403 - STRENGTH OF MATERIALS'),
	('2024UME1036','kowchikm.me24@bitsathy.ac.in','7376241ME123','KOWCHIK M','MECH','ME10098','22ME403 - STRENGTH OF MATERIALS'),
	('2024UME1054','nishanthk.me24@bitsathy.ac.in','7376241ME132','NISHANTH K','MECH','ME10098','22ME403 - STRENGTH OF MATERIALS'),
	('2024UME1027','pasumponrajak.me24@bitsathy.ac.in','7376241ME134','PASUMPONRAJA K','MECH','ME10098','22ME403 - STRENGTH OF MATERIALS'),
	('2024UME1002','rakshithprasathg.me24@bitsathy.ac.in','7376241ME137','RAKSHITH PRASATH G','MECH','ME10098','22ME403 - STRENGTH OF MATERIALS'),
	('2024UME1025','revanthsrisivasr.me24@bitsathy.ac.in','7376241ME139','REVANTH SRISIVA S R','MECH','ME10098','22ME403 - STRENGTH OF MATERIALS'),
	('2024UME1018','riyass.me24@bitsathy.ac.in','7376241ME143','RIYAS S','MECH','ME10098','22ME403 - STRENGTH OF MATERIALS'),
	('2024UME1022','sandeepkumargv.me24@bitsathy.ac.in','7376241ME148','SANDEEP KUMAR G V','MECH','ME10098','22ME403 - STRENGTH OF MATERIALS'),
	('2024UME1003','sheikalarshads.me24@bitsathy.ac.in','7376241ME151','SHEIK AL ARSHAD S','MECH','ME10098','22ME403 - STRENGTH OF MATERIALS'),
	('2024UME1016','singavela.me24@bitsathy.ac.in','7376241ME152','SINGAVEL A','MECH','ME10098','22ME403 - STRENGTH OF MATERIALS'),
	('2024UME1007','vimalm.me24@bitsathy.ac.in','7376241ME156','VIMAL M','MECH','ME10098','22ME403 - STRENGTH OF MATERIALS'),
	('2024UME1046','vishalrk.me24@bitsathy.ac.in','7376241ME157','VISHAL R K','MECH','ME10098','22ME403 - STRENGTH OF MATERIALS'),
	('2025UME5007','obulirajvk.me24@bitsathy.ac.in','7376251ME504','OBULIRAJ V K','MECH','ME10098','22ME403 - STRENGTH OF MATERIALS'),
	('2024UMZ1031','harinimanikandan.mz24@bitsathy.ac.in','7376241MZ117','HARINI MANIKANDAN','MTRS','MC10697','22MC403 - STRENGTH OF MATERIALS'),
	('2024UMZ1048','kalaiyarasut.mz24@bitsathy.ac.in','7376241MZ121','KALAIYARASU T','MTRS','MC10697','22MC403 - STRENGTH OF MATERIALS'),
	('2024UMZ1001','pradeepr.mz24@bitsathy.ac.in','7376241MZ131','PRADEEP R','MTRS','MC10697','22MC403 - STRENGTH OF MATERIALS'),
	('2024UMZ1061','ragulsa.mz24@bitsathy.ac.in','7376241MZ137','RAGUL S A','MTRS','MC10697','22MC403 - STRENGTH OF MATERIALS'),
	('2024UMZ1058','rajsenthoours.mz24@bitsathy.ac.in','7376241MZ139','RAJ SENTHOOUR S','MTRS','MC10697','22MC403 - STRENGTH OF MATERIALS'),
	('2024UAG1012','mohamedrajikm.ag24@bitsathy.ac.in','7376242AG112','MOHAMED RAJIK M','AGRI','AG1312','22AG404 - THEORY OF MACHINES'),
	('2024UAD1114','chinnamanib.ad24@bitsathy.ac.in','7376242AD130','CHINNAMANI B','AIDS','AD11104','22AI404 - WEB TECHNOLOGY AND FRAMEWORKS'),
	('2024UAD1006','deepakkr.ad24@bitsathy.ac.in','7376242AD137','DEEPAK K','AIDS','AD11104','22AI404 - WEB TECHNOLOGY AND FRAMEWORKS'),
	('2024UAD1062','hashmithap.ad24@bitsathy.ac.in','7376242AD178','HASHMITHA P','AIDS','AD11104','22AI404 - WEB TECHNOLOGY AND FRAMEWORKS'),
	('2024UAD1033','jaganmohanr.ad24@bitsathy.ac.in','7376242AD183','JAGAN MOHAN R','AIDS','AD11104','22AI404 - WEB TECHNOLOGY AND FRAMEWORKS'),
	('2024UAD1151','jaisuryas.ad24@bitsathy.ac.in','7376242AD186','JAISURYA S','AIDS','AD11104','22AI404 - WEB TECHNOLOGY AND FRAMEWORKS'),
	('2024UAD1221','jayeshs.ad24@bitsathy.ac.in','7376242AD189','JAYESH S','AIDS','AD11104','22AI404 - WEB TECHNOLOGY AND FRAMEWORKS'),
	('2024UAD1161','mohammednadheems.ad24@bitsathy.ac.in','7376242AD218','MOHAMMED NADHEEM S','AIDS','AD11104','22AI404 - WEB TECHNOLOGY AND FRAMEWORKS'),
	('2024UAD1149','prateekds.ad24@bitsathy.ac.in','7376242AD254','PRATEEK D S','AIDS','AD11104','22AI404 - WEB TECHNOLOGY AND FRAMEWORKS'),
	('2024UAD1141','srisabarisrinivass.ad24@bitsathy.ac.in','7376242AD308','SRI SABARI SRINIVAS S','AIDS','AD11104','22AI404 - WEB TECHNOLOGY AND FRAMEWORKS'),
	('2024UAD1232','vishnudharanm.ad24@bitsathy.ac.in','7376242AD343','VISHNUDHARAN M','AIDS','AD11104','22AI404 - WEB TECHNOLOGY AND FRAMEWORKS'),
	('2025UAD5014','nandidak.ad24@bitsathy.ac.in','7376252AD508','NANDIDA K','AIDS','AD11104','22AI404 - WEB TECHNOLOGY AND FRAMEWORKS'),
	('2024UAL1031','pradeepg.al24@bitsathy.ac.in','7376242AL165','PRADEEP G','AIML','AM11166','22AM404 - WEB TECHNOLOGY AND FRAMEWORKS'),
	('2024UAL1012','thipeswarv.al24@bitsathy.ac.in','7376242AL207','THIPESWAR V','AIML','AM11166','22AM404 - WEB TECHNOLOGY AND FRAMEWORKS'),
	('2024UBT1094','deepasreep.bt24@bitsathy.ac.in','7376242BT115','DEEPA SREE P','BT','BT10708','22BT404 - INSTRUMENTAL METHODS OF ANALYSIS'),
	('2024UBT1101','dharshinipr.bt24@bitsathy.ac.in','7376242BT123','DHARSHINI R','BT','BT10708','22BT404 - INSTRUMENTAL METHODS OF ANALYSIS'),
	('2024UBT1120','hemam.bt24@bitsathy.ac.in','7376242BT138','HEMA M','BT','BT10708','22BT404 - INSTRUMENTAL METHODS OF ANALYSIS'),
	('2024UBT1119','kavyav.bt24@bitsathy.ac.in','7376242BT151','KAVYA V','BT','BT10708','22BT404 - INSTRUMENTAL METHODS OF ANALYSIS'),
	('2024UBT1106','madhupratikas.bt24@bitsathy.ac.in','7376242BT156','MADHU PRATIKA S','BT','BT10708','22BT404 - INSTRUMENTAL METHODS OF ANALYSIS'),
	('2024UBT1108','malarvizhia.bt24@bitsathy.ac.in','7376242BT157','MALARVIZHI A','BT','BT10708','22BT404 - INSTRUMENTAL METHODS OF ANALYSIS'),
	('2024UBT1073','nithishkumarr.bt24@bitsathy.ac.in','7376242BT170','NITHISH KUMAR R','BT','BT10708','22BT404 - INSTRUMENTAL METHODS OF ANALYSIS'),
	('2024UBT1089','praveenkumarm.bt24@bitsathy.ac.in','7376242BT174','PRAVEEN KUMAR M','BT','BT10708','22BT404 - INSTRUMENTAL METHODS OF ANALYSIS'),
	('2024UBT1062','ragulb.bt24@bitsathy.ac.in','7376242BT176','RAGUL B','BT','BT10708','22BT404 - INSTRUMENTAL METHODS OF ANALYSIS'),
	('2024UBT1025','thanigaivelank.bt24@bitsathy.ac.in','7376242BT214','THANIGAIVELAN K','BT','BT10708','22BT404 - INSTRUMENTAL METHODS OF ANALYSIS'),
	('2024UBT1118','varshinipriyap.bt24@bitsathy.ac.in','7376242BT219','VARSHINIPRIYA P','BT','BT10708','22BT404 - INSTRUMENTAL METHODS OF ANALYSIS'),
	('2025UBT5001','madhans.bt24@bitsathy.ac.in','7376252BT501','MADHAN S','BT','BT10708','22BT404 - INSTRUMENTAL METHODS OF ANALYSIS'),
	('2024UCB1044','asvikaash.cb24@bitsathy.ac.in','7376242CB102','A S VIKAASH','CSBS','CB11107','22CB404 - DESIGN THINKING'),
	('2024UCB1041','dharshansreer.cb24@bitsathy.ac.in','7376242CB116','DHARSHAN SREE R','CSBS','CB11107','22CB404 - DESIGN THINKING'),
	('2024UCB1043','dhayanandprabavathivelusamy.cb24@bitsathy.ac.in','7376242CB119','DHAYANAND PRABAVATHI VELUSAMY','CSBS','CB11107','22CB404 - DESIGN THINKING'),
	('2024UCB1039','lakshmanbabur.cb24@bitsathy.ac.in','7376242CB133','LAKSHMAN BABU R','CSBS','CB11107','22CB404 - DESIGN THINKING'),
	('2024UCB1060','madheshk.cb24@bitsathy.ac.in','7376242CB134','MADHESH K','CSBS','CB11107','22CB404 - DESIGN THINKING'),
	('2025UCB5003','suryam.cb24@bitsathy.ac.in','7376252CB502','SURYA M','CSBS','CB11107','22CB404 - DESIGN THINKING'),
	('2025UCB5002','THIRUMURUGANS.CB24@bitsathy.ac.in','7376252CB503','THIRUMURUGAN S','CSBS','CB11107','22CB404 - DESIGN THINKING'),
	('2024UCS1279','bharathkrishnas.cs24@bitsathy.ac.in','7376241CS143','BHARATHKRISHNA S','CSE','IS10823','22CS404 - WEB TECHNOLOGY AND FRAMEWORKS'),
	('2024UCS1254','dhanusiyast.cs24@bitsathy.ac.in','7376241CS155','DHANUSIYA T','CSE','IS10823','22CS404 - WEB TECHNOLOGY AND FRAMEWORKS'),
	('2024UCS1352','karthikeyanb.cs24@bitsathy.ac.in','7376241CS230','KARTHIKEYAN B','CSE','IS10823','22CS404 - WEB TECHNOLOGY AND FRAMEWORKS'),
	('2024UCS1016','nishanthim.cs24@bitsathy.ac.in','7376241CS305','NISHANTHI M','CSE','IS10823','22CS404 - WEB TECHNOLOGY AND FRAMEWORKS'),
	('2024UCS1325','rahulpraneshp.cs24@bitsathy.ac.in','7376241CS334','RAHUL PRANESH P','CSE','IS10823','22CS404 - WEB TECHNOLOGY AND FRAMEWORKS'),
	('2024UCS1283','shruthikas.cs24@bitsathy.ac.in','7376241CS392','SHRUTHIKA S','CSE','IS10823','22CS404 - WEB TECHNOLOGY AND FRAMEWORKS'),
	('2025UCS5024','ajayr.cs24@bitsathy.ac.in','7376251CS503','AJAY R','CSE','IS10823','22CS404 - WEB TECHNOLOGY AND FRAMEWORKS'),
	('2025UCS5010','deepake.cs24@bitsathy.ac.in','7376251CS506','DEEPAK E','CSE','IS10823','22CS404 - WEB TECHNOLOGY AND FRAMEWORKS'),
	('2025UCS5007','dharanipriyanc.cs24@bitsathy.ac.in','7376251CS507','DHARANI PRIYAN C','CSE','IS10823','22CS404 - WEB TECHNOLOGY AND FRAMEWORKS'),
	('2025UCS5006','dharuns.cs24@bitsathy.ac.in','7376251CS508','DHARUN S','CSE','IS10823','22CS404 - WEB TECHNOLOGY AND FRAMEWORKS'),
	('2025UCS5021','jeevags.cs24@bitsathy.ac.in','7376251CS511','JEEVA G S','CSE','IS10823','22CS404 - WEB TECHNOLOGY AND FRAMEWORKS'),
	('2025UCS5016','kamaleshpm.cs24@bitsathy.ac.in','7376251CS512','KAMALESH P M','CSE','IS10823','22CS404 - WEB TECHNOLOGY AND FRAMEWORKS'),
	('2025UCS5011','krishnaprasanths.cs24@bitsathy.ac.in','7376251CS513','KRISHNAPRASANTH S','CSE','IS10823','22CS404 - WEB TECHNOLOGY AND FRAMEWORKS'),
	('2024UEE1041','chandranj.ee24@bitsathy.ac.in','7376241EE114','CHANDRAN J','EEE','EE1325','22EE404 - DIGITAL LOGIC CIRCUIT DESIGN'),
	('2024UEE1076','dharnishar.ee24@bitsathy.ac.in','7376241EE122','DHARNISHA R','EEE','EE1325','22EE404 - DIGITAL LOGIC CIRCUIT DESIGN'),
	('2024UEE1082','harshithm.ee24@bitsathy.ac.in','7376241EE132','HARSHITH M','EEE','EE1325','22EE404 - DIGITAL LOGIC CIRCUIT DESIGN'),
	('2024UEE1099','lokeshsekharms.ee24@bitsathy.ac.in','7376241EE142','LOKESHSEKHAR M S','EEE','EE1325','22EE404 - DIGITAL LOGIC CIRCUIT DESIGN'),
	('2024UEE1109','maniv.ee24@bitsathy.ac.in','7376241EE145','MANI V','EEE','EE1325','22EE404 - DIGITAL LOGIC CIRCUIT DESIGN'),
	('2024UEE1114','manoa.ee24@bitsathy.ac.in','7376241EE146','MANO A','EEE','EE1325','22EE404 - DIGITAL LOGIC CIRCUIT DESIGN'),
	('2024UEE1089','naveenkumarr.ee24@bitsathy.ac.in','7376241EE157','NAVEENKUMAR R','EEE','EE1325','22EE404 - DIGITAL LOGIC CIRCUIT DESIGN'),
	('2024UEE1096','sanjaykumarr.ee24@bitsathy.ac.in','7376241EE185','SANJAYKUMAR R','EEE','EE1325','22EE404 - DIGITAL LOGIC CIRCUIT DESIGN'),
	('2024UEE1118','shripriyaner.ee24@bitsathy.ac.in','7376241EE188','SHRIPRIYAN E R','EEE','EE1325','22EE404 - DIGITAL LOGIC CIRCUIT DESIGN'),
	('2024UEE1097','siddhaarthr.ee24@bitsathy.ac.in','7376241EE190','SIDDHAARTH R','EEE','EE1325','22EE404 - DIGITAL LOGIC CIRCUIT DESIGN'),
	('2024UEE1092','srisaraswathip.ee24@bitsathy.ac.in','7376241EE196','SRI SARASWATHI P','EEE','EE1325','22EE404 - DIGITAL LOGIC CIRCUIT DESIGN'),
	('2024UEE1059','subhapradham.ee24@bitsathy.ac.in','7376241EE199','SUBHA PRADHA M','EEE','EE1325','22EE404 - DIGITAL LOGIC CIRCUIT DESIGN'),
	('2024UEE1047','thanujasrib.ee24@bitsathy.ac.in','7376241EE205','THANUJA SRI B','EEE','EE1325','22EE404 - DIGITAL LOGIC CIRCUIT DESIGN'),
	('2024UEE1115','vaibhavnarayananv.ee24@bitsathy.ac.in','7376241EE207','VAIBHAV NARAYANAN V','EEE','EE1325','22EE404 - DIGITAL LOGIC CIRCUIT DESIGN'),
	('2024UEE1011','vaishihasv.ee24@bitsathy.ac.in','7376241EE208','VAISHIHA S V','EEE','EE1325','22EE404 - DIGITAL LOGIC CIRCUIT DESIGN'),
	('2024UEE1093','vharshaadm.ee24@bitsathy.ac.in','7376241EE211','VHARSHAA D M','EEE','EE1325','22EE404 - DIGITAL LOGIC CIRCUIT DESIGN'),
	('2024UEE1037','vinithmk.ee24@bitsathy.ac.in','7376241EE213','VINITH M K','EEE','EE1325','22EE404 - DIGITAL LOGIC CIRCUIT DESIGN'),
	('2024UEE1074','vishalpk.ee24@bitsathy.ac.in','7376241EE214','VISHAL P K','EEE','EE1325','22EE404 - DIGITAL LOGIC CIRCUIT DESIGN'),
	('2024UEE1078','vishodhanv.ee24@bitsathy.ac.in','7376241EE215','VISHODHAN V','EEE','EE1325','22EE404 - DIGITAL LOGIC CIRCUIT DESIGN'),
	('2025UEE5013','bhoomikas.ee24@bitsathy.ac.in','7376251EE501','BHOOMIKA S','EEE','EE1325','22EE404 - DIGITAL LOGIC CIRCUIT DESIGN'),
	('2025UEE5014','haswinu.ee24@bitsathy.ac.in','7376251EE504','HASWIN U','EEE','EE1325','22EE404 - DIGITAL LOGIC CIRCUIT DESIGN'),
	('2025UEE5004','yashwanthk.ee24@bitsathy.ac.in','7376251EE517','YASHWANTH K','EEE','EE1325','22EE404 - DIGITAL LOGIC CIRCUIT DESIGN'),
	('2024UEC1242','aathithyentss.ec24@bitsathy.ac.in','7376241EC103','AATHITHYEN T S S','ECE','EC11190','22EC404 - CMOS DIGITAL INTEGRATED CIRCUITS'),
	('2024UEC1205','akilvetrivelm.ec24@bitsathy.ac.in','7376241EC111','AKIL VETRIVEL M','ECE','EC11190','22EC404 - CMOS DIGITAL INTEGRATED CIRCUITS'),
	('2024UEC1188','darshans.ec24@bitsathy.ac.in','7376241EC133','DARSHAN S','ECE','EC11190','22EC404 - CMOS DIGITAL INTEGRATED CIRCUITS'),
	('2024UEC1044','dhanushkumars.ec24@bitsathy.ac.in','7376241EC137','DHANUSH KUMAR S','ECE','EC11190','22EC404 - CMOS DIGITAL INTEGRATED CIRCUITS'),
	('2024UEC1222','dhayaanithirr.ec24@bitsathy.ac.in','7376241EC142','DHAYAANITHI R R','ECE','EC11190','22EC404 - CMOS DIGITAL INTEGRATED CIRCUITS'),
	('2024UEC1177','dhianeshrk.ec24@bitsathy.ac.in','7376241EC145','DHIANESH R K','ECE','EC11190','22EC404 - CMOS DIGITAL INTEGRATED CIRCUITS'),
	('2024UEC1161','dhiyaneshv.ec24@bitsathy.ac.in','7376241EC147','DHIYANESH V','ECE','EC11190','22EC404 - CMOS DIGITAL INTEGRATED CIRCUITS'),
	('2024UEC1208','kabilana.ec24@bitsathy.ac.in','7376241EC184','KABILAN A','ECE','EC11190','22EC404 - CMOS DIGITAL INTEGRATED CIRCUITS'),
	('2024UEC1079','mariasebatinirp.ec24@bitsathy.ac.in','7376241EC213','MARIA SEBATINI R P','ECE','EC11190','22EC404 - CMOS DIGITAL INTEGRATED CIRCUITS'),
	('2024UEC1136','nithershanam.ec24@bitsathy.ac.in','7376241EC240','NITHERSHANA M','ECE','EC11190','22EC404 - CMOS DIGITAL INTEGRATED CIRCUITS'),
	('2024UEC1153','nithileshj.ec24@bitsathy.ac.in','7376241EC241','NITHILESH J','ECE','EC11190','22EC404 - CMOS DIGITAL INTEGRATED CIRCUITS'),
	('2024UEC1166','nithishkumarpalanisamy.ec24@bitsathy.ac.in','7376241EC243','NITHISH KUMAR PALANISAMY','ECE','EC11190','22EC404 - CMOS DIGITAL INTEGRATED CIRCUITS'),
	('2024UEC1219','nizamsheriefn.ec24@bitsathy.ac.in','7376241EC246','NIZAM SHERIEF N','ECE','EC11190','22EC404 - CMOS DIGITAL INTEGRATED CIRCUITS'),
	('2024UEC1125','prajina.ec24@bitsathy.ac.in','7376241EC256','PRAJIN A','ECE','EC11190','22EC404 - CMOS DIGITAL INTEGRATED CIRCUITS'),
	('2024UEC1207','prateektr.ec24@bitsathy.ac.in','7376241EC261','PRATEEK T R','ECE','EC11190','22EC404 - CMOS DIGITAL INTEGRATED CIRCUITS'),
	('2024UEC1018','rishikanthvt.ec24@bitsathy.ac.in','7376241EC273','RISHIKANTH V T','ECE','EC11190','22EC404 - CMOS DIGITAL INTEGRATED CIRCUITS'),
	('2024UEC1227','sakthivelt.ec24@bitsathy.ac.in','7376241EC284','SAKTHIVEL T','ECE','EC11190','22EC404 - CMOS DIGITAL INTEGRATED CIRCUITS'),
	('2024UEC1184','sanjays.ec24@bitsathy.ac.in','7376241EC287','SANJAY S','ECE','EC11190','22EC404 - CMOS DIGITAL INTEGRATED CIRCUITS'),
	('2024UEC1007','sanjeedvs.ec24@bitsathy.ac.in','7376241EC288','SANJEED V S','ECE','EC11190','22EC404 - CMOS DIGITAL INTEGRATED CIRCUITS'),
	('2024UEC1239','sridharsankv.ec24@bitsathy.ac.in','7376241EC312','SRI DHARSAN K V','ECE','EC11190','22EC404 - CMOS DIGITAL INTEGRATED CIRCUITS'),
	('2025UEC5021','moulidharanr.ec24@bitsathy.ac.in','7376251EC509','MOULIDHARAN R','ECE','EC11190','22EC404 - CMOS DIGITAL INTEGRATED CIRCUITS'),
	('2025UEC5004','sabarisht.ec24@bitsathy.ac.in','7376251EC516','SABARISH T','ECE','EC11190','22EC404 - CMOS DIGITAL INTEGRATED CIRCUITS'),
	('2024UEI1047','anjaivikasansv.ei24@bitsathy.ac.in','7376241EI104','ANJAI VIKASAN S V','EIE','EI1276','22EI404 - COMMUNICATION ENGINEERING'),
	('2024UEI1001','sivaramachandrann.ei24@bitsathy.ac.in','7376241EI147','SIVARAMACHANDRAN N','EIE','EI1276','22EI404 - COMMUNICATION ENGINEERING'),
	('2024UEI1051','sudharsanb.ei24@bitsathy.ac.in','7376241EI150','SUDHARSAN B','EIE','EI1276','22EI404 - COMMUNICATION ENGINEERING'),
	('2024UEI1050','yagesha.ei24@bitsathy.ac.in','7376241EI160','YAGESH A','EIE','EI1276','22EI404 - COMMUNICATION ENGINEERING'),
	('2025UEI5003','nihilanr.ei24@bitsathy.ac.in','7376251EI501','NIHILAN R','EIE','EI1276','22EI404 - COMMUNICATION ENGINEERING'),
	('2025UEI5001','sowntharm.ei24@bitsathy.ac.in','7376251EI502','SOWNTHAR M','EIE','EI1276','22EI404 - COMMUNICATION ENGINEERING'),
	('2024UIT1210','abisekp.it24@bitsathy.ac.in','7376242IT108','ABISEK P','IT','IT10824','22IT404 - WEB TECHNOLOGY AND FRAMEWORKS'),
	('2024UIT1164','anusrit.it24@bitsathy.ac.in','7376242IT117','ANU SRI T','IT','IT10824','22IT404 - WEB TECHNOLOGY AND FRAMEWORKS'),
	('2024UIT1068','dhakshathap.it24@bitsathy.ac.in','7376242IT143','DHAKSHATHA P','IT','IT10824','22IT404 - WEB TECHNOLOGY AND FRAMEWORKS'),
	('2024UIT1159','dharrniss.it24@bitsathy.ac.in','7376242IT146','DHARRNIS S','IT','IT10824','22IT404 - WEB TECHNOLOGY AND FRAMEWORKS'),
	('2024UIT1204','guhaneshs.it24@bitsathy.ac.in','7376242IT164','GUHANESH S','IT','IT10824','22IT404 - WEB TECHNOLOGY AND FRAMEWORKS'),
	('2024UIT1150','haritharanidharane.it24@bitsathy.ac.in','7376242IT168','HARI THARANI DHARAN E','IT','IT10824','22IT404 - WEB TECHNOLOGY AND FRAMEWORKS'),
	('2024UIT1163','jawaharl.it24@bitsathy.ac.in','7376242IT184','JAWAHAR L','IT','IT10824','22IT404 - WEB TECHNOLOGY AND FRAMEWORKS'),
	('2024UIT1192','jeevadharshanb.it24@bitsathy.ac.in','7376242IT188','JEEVA DHARSHAN B','IT','IT10824','22IT404 - WEB TECHNOLOGY AND FRAMEWORKS'),
	('2024UIT1121','mathanaprasathcp.it24@bitsathy.ac.in','7376242IT214','MATHANA PRASATH C P','IT','IT10824','22IT404 - WEB TECHNOLOGY AND FRAMEWORKS'),
	('2024UIT1058','raghunathck.it24@bitsathy.ac.in','7376242IT266','RAGHUNATH C K','IT','IT10824','22IT404 - WEB TECHNOLOGY AND FRAMEWORKS'),
	('2024UIT1197','sanjaya.it24@bitsathy.ac.in','7376242IT283','SANJAY A','IT','IT10824','22IT404 - WEB TECHNOLOGY AND FRAMEWORKS'),
	('2024UIT1177','sanjusriv.it24@bitsathy.ac.in','7376242IT287','SANJUSRI V','IT','IT10824','22IT404 - WEB TECHNOLOGY AND FRAMEWORKS'),
	('2024UIT1190','shaileshsm.it24@bitsathy.ac.in','7376242IT292','SHAILESH S M','IT','IT10824','22IT404 - WEB TECHNOLOGY AND FRAMEWORKS'),
	('2024UIT1116','shivaa.it24@bitsathy.ac.in','7376242IT298','SHIVA A','IT','IT10824','22IT404 - WEB TECHNOLOGY AND FRAMEWORKS'),
	('2024UIT1208','sivaselvanm.it24@bitsathy.ac.in','7376242IT304','SIVA SELVAN M','IT','IT10824','22IT404 - WEB TECHNOLOGY AND FRAMEWORKS'),
	('2024UIT1012','surendarr.it24@bitsathy.ac.in','7376242IT317','SURENDAR R','IT','IT10824','22IT404 - WEB TECHNOLOGY AND FRAMEWORKS'),
	('2024UIT1042','suryar.it24@bitsathy.ac.in','7376242IT319','SURYA R','IT','IT10824','22IT404 - WEB TECHNOLOGY AND FRAMEWORKS'),
	('2025UIT5004','DIVITHM.IT24@bitsathy.ac.in','7376252IT504','DIVITH M','IT','IT10824','22IT404 - WEB TECHNOLOGY AND FRAMEWORKS'),
	('2025UIT5005','HARISHRAMANUJAMVK.IT24@bitsathy.ac.in','7376252IT507','HARISH RAMANUJAM V K','IT','IT10824','22IT404 - WEB TECHNOLOGY AND FRAMEWORKS'),
	('2025UIT5009','thapisnurv.it24@bitsathy.ac.in','7376252IT516','THAPISNU R V','IT','IT10824','22IT404 - WEB TECHNOLOGY AND FRAMEWORKS'),
	('2024UME1043','dsgiriprasad.me24@bitsathy.ac.in','7376241ME108','D S GIRI PRASAD','MECH','ME1974','22ME404 - INDUSTRIAL AUTOMATION WITH PLC'),
	('2024UME1034','dhanvanthn.me24@bitsathy.ac.in','7376241ME110','DHANVANTH N','MECH','ME1974','22ME404 - INDUSTRIAL AUTOMATION WITH PLC'),
	('2024UME1005','diswansathyas.me24@bitsathy.ac.in','7376241ME111','DISWAN SATHYA S','MECH','ME1974','22ME404 - INDUSTRIAL AUTOMATION WITH PLC'),
	('2024UME1037','gowthamm.me24@bitsathy.ac.in','7376241ME114','GOWTHAM M','MECH','ME1974','22ME404 - INDUSTRIAL AUTOMATION WITH PLC'),
	('2024UME1017','jarvisbraylens.me24@bitsathy.ac.in','7376241ME119','JARVIS BRAYLEN S','MECH','ME1974','22ME404 - INDUSTRIAL AUTOMATION WITH PLC'),
	('2024UME1036','kowchikm.me24@bitsathy.ac.in','7376241ME123','KOWCHIK M','MECH','ME1974','22ME404 - INDUSTRIAL AUTOMATION WITH PLC'),
	('2024UME1054','nishanthk.me24@bitsathy.ac.in','7376241ME132','NISHANTH K','MECH','ME1974','22ME404 - INDUSTRIAL AUTOMATION WITH PLC'),
	('2024UME1027','pasumponrajak.me24@bitsathy.ac.in','7376241ME134','PASUMPONRAJA K','MECH','ME1974','22ME404 - INDUSTRIAL AUTOMATION WITH PLC'),
	('2024UME1002','rakshithprasathg.me24@bitsathy.ac.in','7376241ME137','RAKSHITH PRASATH G','MECH','ME1974','22ME404 - INDUSTRIAL AUTOMATION WITH PLC'),
	('2024UME1025','revanthsrisivasr.me24@bitsathy.ac.in','7376241ME139','REVANTH SRISIVA S R','MECH','ME1974','22ME404 - INDUSTRIAL AUTOMATION WITH PLC'),
	('2024UME1018','riyass.me24@bitsathy.ac.in','7376241ME143','RIYAS S','MECH','ME1974','22ME404 - INDUSTRIAL AUTOMATION WITH PLC'),
	('2024UME1022','sandeepkumargv.me24@bitsathy.ac.in','7376241ME148','SANDEEP KUMAR G V','MECH','ME1974','22ME404 - INDUSTRIAL AUTOMATION WITH PLC'),
	('2024UME1003','sheikalarshads.me24@bitsathy.ac.in','7376241ME151','SHEIK AL ARSHAD S','MECH','ME1974','22ME404 - INDUSTRIAL AUTOMATION WITH PLC'),
	('2024UME1016','singavela.me24@bitsathy.ac.in','7376241ME152','SINGAVEL A','MECH','ME1974','22ME404 - INDUSTRIAL AUTOMATION WITH PLC'),
	('2024UME1007','vimalm.me24@bitsathy.ac.in','7376241ME156','VIMAL M','MECH','ME1974','22ME404 - INDUSTRIAL AUTOMATION WITH PLC'),
	('2024UME1046','vishalrk.me24@bitsathy.ac.in','7376241ME157','VISHAL R K','MECH','ME1974','22ME404 - INDUSTRIAL AUTOMATION WITH PLC'),
	('2025UME5007','obulirajvk.me24@bitsathy.ac.in','7376251ME504','OBULIRAJ V K','MECH','ME1974','22ME404 - INDUSTRIAL AUTOMATION WITH PLC'),
	('2024UMZ1031','harinimanikandan.mz24@bitsathy.ac.in','7376241MZ117','HARINI MANIKANDAN','MTRS','MC1843','22MC404 - THEORY OF MACHINES'),
	('2024UMZ1048','kalaiyarasut.mz24@bitsathy.ac.in','7376241MZ121','KALAIYARASU T','MTRS','MC1843','22MC404 - THEORY OF MACHINES'),
	('2024UMZ1001','pradeepr.mz24@bitsathy.ac.in','7376241MZ131','PRADEEP R','MTRS','MC1843','22MC404 - THEORY OF MACHINES'),
	('2024UMZ1061','ragulsa.mz24@bitsathy.ac.in','7376241MZ137','RAGUL S A','MTRS','MC1843','22MC404 - THEORY OF MACHINES'),
	('2024UMZ1058','rajsenthoours.mz24@bitsathy.ac.in','7376241MZ139','RAJ SENTHOOUR S','MTRS','MC1843','22MC404 - THEORY OF MACHINES'),
	('2024UAG1012','mohamedrajikm.ag24@bitsathy.ac.in','7376242AG112','MOHAMED RAJIK M','AGRI','AG10092','22AG405 - HYDROLOGY'),
	('2024UAD1114','chinnamanib.ad24@bitsathy.ac.in','7376242AD130','CHINNAMANI B','AIDS','AD10931','22AI405 - DATABASE MANAGEMENT SYSTEM'),
	('2024UAD1006','deepakkr.ad24@bitsathy.ac.in','7376242AD137','DEEPAK K','AIDS','AD10931','22AI405 - DATABASE MANAGEMENT SYSTEM'),
	('2024UAD1062','hashmithap.ad24@bitsathy.ac.in','7376242AD178','HASHMITHA P','AIDS','AD10931','22AI405 - DATABASE MANAGEMENT SYSTEM'),
	('2024UAD1033','jaganmohanr.ad24@bitsathy.ac.in','7376242AD183','JAGAN MOHAN R','AIDS','AD10931','22AI405 - DATABASE MANAGEMENT SYSTEM'),
	('2024UAD1151','jaisuryas.ad24@bitsathy.ac.in','7376242AD186','JAISURYA S','AIDS','AD10931','22AI405 - DATABASE MANAGEMENT SYSTEM'),
	('2024UAD1221','jayeshs.ad24@bitsathy.ac.in','7376242AD189','JAYESH S','AIDS','AD10931','22AI405 - DATABASE MANAGEMENT SYSTEM'),
	('2024UAD1161','mohammednadheems.ad24@bitsathy.ac.in','7376242AD218','MOHAMMED NADHEEM S','AIDS','AD10931','22AI405 - DATABASE MANAGEMENT SYSTEM'),
	('2024UAD1149','prateekds.ad24@bitsathy.ac.in','7376242AD254','PRATEEK D S','AIDS','AD10931','22AI405 - DATABASE MANAGEMENT SYSTEM'),
	('2024UAD1141','srisabarisrinivass.ad24@bitsathy.ac.in','7376242AD308','SRI SABARI SRINIVAS S','AIDS','AD10931','22AI405 - DATABASE MANAGEMENT SYSTEM'),
	('2024UAD1232','vishnudharanm.ad24@bitsathy.ac.in','7376242AD343','VISHNUDHARAN M','AIDS','AD10931','22AI405 - DATABASE MANAGEMENT SYSTEM'),
	('2025UAD5014','nandidak.ad24@bitsathy.ac.in','7376252AD508','NANDIDA K','AIDS','AD10931','22AI405 - DATABASE MANAGEMENT SYSTEM'),
	('2024UAL1031','pradeepg.al24@bitsathy.ac.in','7376242AL165','PRADEEP G','AIML','AM11052','22AM405 - DATABASE MANAGEMENT SYSTEM'),
	('2024UAL1012','thipeswarv.al24@bitsathy.ac.in','7376242AL207','THIPESWAR V','AIML','AM11052','22AM405 - DATABASE MANAGEMENT SYSTEM'),
	('2024UBT1094','deepasreep.bt24@bitsathy.ac.in','7376242BT115','DEEPA SREE P','BT','BT1388','22BT405 - PLANT TISSUE CULTURE'),
	('2024UBT1101','dharshinipr.bt24@bitsathy.ac.in','7376242BT123','DHARSHINI R','BT','BT1388','22BT405 - PLANT TISSUE CULTURE'),
	('2024UBT1120','hemam.bt24@bitsathy.ac.in','7376242BT138','HEMA M','BT','BT1388','22BT405 - PLANT TISSUE CULTURE'),
	('2024UBT1119','kavyav.bt24@bitsathy.ac.in','7376242BT151','KAVYA V','BT','BT1388','22BT405 - PLANT TISSUE CULTURE'),
	('2024UBT1106','madhupratikas.bt24@bitsathy.ac.in','7376242BT156','MADHU PRATIKA S','BT','BT1388','22BT405 - PLANT TISSUE CULTURE'),
	('2024UBT1108','malarvizhia.bt24@bitsathy.ac.in','7376242BT157','MALARVIZHI A','BT','BT1388','22BT405 - PLANT TISSUE CULTURE'),
	('2024UBT1073','nithishkumarr.bt24@bitsathy.ac.in','7376242BT170','NITHISH KUMAR R','BT','BT1388','22BT405 - PLANT TISSUE CULTURE'),
	('2024UBT1089','praveenkumarm.bt24@bitsathy.ac.in','7376242BT174','PRAVEEN KUMAR M','BT','BT1388','22BT405 - PLANT TISSUE CULTURE'),
	('2024UBT1062','ragulb.bt24@bitsathy.ac.in','7376242BT176','RAGUL B','BT','BT1388','22BT405 - PLANT TISSUE CULTURE'),
	('2024UBT1025','thanigaivelank.bt24@bitsathy.ac.in','7376242BT214','THANIGAIVELAN K','BT','BT1388','22BT405 - PLANT TISSUE CULTURE'),
	('2024UBT1118','varshinipriyap.bt24@bitsathy.ac.in','7376242BT219','VARSHINIPRIYA P','BT','BT1388','22BT405 - PLANT TISSUE CULTURE'),
	('2025UBT5001','madhans.bt24@bitsathy.ac.in','7376252BT501','MADHAN S','BT','BT1388','22BT405 - PLANT TISSUE CULTURE'),
	('2024UCB1044','asvikaash.cb24@bitsathy.ac.in','7376242CB102','A S VIKAASH','CSBS','MA1342','22CB405 - OPERATIONS RESEARCH'),
	('2024UCB1041','dharshansreer.cb24@bitsathy.ac.in','7376242CB116','DHARSHAN SREE R','CSBS','MA1342','22CB405 - OPERATIONS RESEARCH'),
	('2024UCB1043','dhayanandprabavathivelusamy.cb24@bitsathy.ac.in','7376242CB119','DHAYANAND PRABAVATHI VELUSAMY','CSBS','MA1342','22CB405 - OPERATIONS RESEARCH'),
	('2024UCB1039','lakshmanbabur.cb24@bitsathy.ac.in','7376242CB133','LAKSHMAN BABU R','CSBS','MA1342','22CB405 - OPERATIONS RESEARCH'),
	('2024UCB1060','madheshk.cb24@bitsathy.ac.in','7376242CB134','MADHESH K','CSBS','MA1342','22CB405 - OPERATIONS RESEARCH'),
	('2025UCB5003','suryam.cb24@bitsathy.ac.in','7376252CB502','SURYA M','CSBS','MA1342','22CB405 - OPERATIONS RESEARCH'),
	('2025UCB5002','THIRUMURUGANS.CB24@bitsathy.ac.in','7376252CB503','THIRUMURUGAN S','CSBS','MA1342','22CB405 - OPERATIONS RESEARCH'),
	('2024UCS1279','bharathkrishnas.cs24@bitsathy.ac.in','7376241CS143','BHARATHKRISHNA S','CSE','CS11101','22CS405 - DATABASE MANAGEMENT SYSTEM'),
	('2024UCS1254','dhanusiyast.cs24@bitsathy.ac.in','7376241CS155','DHANUSIYA T','CSE','CS11101','22CS405 - DATABASE MANAGEMENT SYSTEM'),
	('2024UCS1352','karthikeyanb.cs24@bitsathy.ac.in','7376241CS230','KARTHIKEYAN B','CSE','CS11101','22CS405 - DATABASE MANAGEMENT SYSTEM'),
	('2024UCS1016','nishanthim.cs24@bitsathy.ac.in','7376241CS305','NISHANTHI M','CSE','CS11101','22CS405 - DATABASE MANAGEMENT SYSTEM'),
	('2024UCS1325','rahulpraneshp.cs24@bitsathy.ac.in','7376241CS334','RAHUL PRANESH P','CSE','CS11101','22CS405 - DATABASE MANAGEMENT SYSTEM'),
	('2024UCS1283','shruthikas.cs24@bitsathy.ac.in','7376241CS392','SHRUTHIKA S','CSE','CS11101','22CS405 - DATABASE MANAGEMENT SYSTEM'),
	('2025UCS5024','ajayr.cs24@bitsathy.ac.in','7376251CS503','AJAY R','CSE','CS11101','22CS405 - DATABASE MANAGEMENT SYSTEM'),
	('2025UCS5010','deepake.cs24@bitsathy.ac.in','7376251CS506','DEEPAK E','CSE','CS11101','22CS405 - DATABASE MANAGEMENT SYSTEM'),
	('2025UCS5007','dharanipriyanc.cs24@bitsathy.ac.in','7376251CS507','DHARANI PRIYAN C','CSE','CS11101','22CS405 - DATABASE MANAGEMENT SYSTEM'),
	('2025UCS5006','dharuns.cs24@bitsathy.ac.in','7376251CS508','DHARUN S','CSE','CS11101','22CS405 - DATABASE MANAGEMENT SYSTEM'),
	('2025UCS5021','jeevags.cs24@bitsathy.ac.in','7376251CS511','JEEVA G S','CSE','CS11101','22CS405 - DATABASE MANAGEMENT SYSTEM'),
	('2025UCS5016','kamaleshpm.cs24@bitsathy.ac.in','7376251CS512','KAMALESH P M','CSE','CS11101','22CS405 - DATABASE MANAGEMENT SYSTEM'),
	('2025UCS5011','krishnaprasanths.cs24@bitsathy.ac.in','7376251CS513','KRISHNAPRASANTH S','CSE','CS11101','22CS405 - DATABASE MANAGEMENT SYSTEM'),
	('2024UEE1041','chandranj.ee24@bitsathy.ac.in','7376241EE114','CHANDRAN J','EEE','EE10786','22EE405 - EMBEDDED SYSTEMS'),
	('2024UEE1076','dharnishar.ee24@bitsathy.ac.in','7376241EE122','DHARNISHA R','EEE','EE10786','22EE405 - EMBEDDED SYSTEMS'),
	('2024UEE1082','harshithm.ee24@bitsathy.ac.in','7376241EE132','HARSHITH M','EEE','EE10786','22EE405 - EMBEDDED SYSTEMS'),
	('2024UEE1099','lokeshsekharms.ee24@bitsathy.ac.in','7376241EE142','LOKESHSEKHAR M S','EEE','EE10786','22EE405 - EMBEDDED SYSTEMS'),
	('2024UEE1109','maniv.ee24@bitsathy.ac.in','7376241EE145','MANI V','EEE','EE10786','22EE405 - EMBEDDED SYSTEMS'),
	('2024UEE1114','manoa.ee24@bitsathy.ac.in','7376241EE146','MANO A','EEE','EE10786','22EE405 - EMBEDDED SYSTEMS'),
	('2024UEE1089','naveenkumarr.ee24@bitsathy.ac.in','7376241EE157','NAVEENKUMAR R','EEE','EE10786','22EE405 - EMBEDDED SYSTEMS'),
	('2024UEE1096','sanjaykumarr.ee24@bitsathy.ac.in','7376241EE185','SANJAYKUMAR R','EEE','EE10786','22EE405 - EMBEDDED SYSTEMS'),
	('2024UEE1118','shripriyaner.ee24@bitsathy.ac.in','7376241EE188','SHRIPRIYAN E R','EEE','EE10786','22EE405 - EMBEDDED SYSTEMS'),
	('2024UEE1097','siddhaarthr.ee24@bitsathy.ac.in','7376241EE190','SIDDHAARTH R','EEE','EE10786','22EE405 - EMBEDDED SYSTEMS'),
	('2024UEE1092','srisaraswathip.ee24@bitsathy.ac.in','7376241EE196','SRI SARASWATHI P','EEE','EE10786','22EE405 - EMBEDDED SYSTEMS'),
	('2024UEE1059','subhapradham.ee24@bitsathy.ac.in','7376241EE199','SUBHA PRADHA M','EEE','EE10786','22EE405 - EMBEDDED SYSTEMS'),
	('2024UEE1047','thanujasrib.ee24@bitsathy.ac.in','7376241EE205','THANUJA SRI B','EEE','EE10786','22EE405 - EMBEDDED SYSTEMS'),
	('2024UEE1115','vaibhavnarayananv.ee24@bitsathy.ac.in','7376241EE207','VAIBHAV NARAYANAN V','EEE','EE10786','22EE405 - EMBEDDED SYSTEMS'),
	('2024UEE1011','vaishihasv.ee24@bitsathy.ac.in','7376241EE208','VAISHIHA S V','EEE','EE10786','22EE405 - EMBEDDED SYSTEMS'),
	('2024UEE1093','vharshaadm.ee24@bitsathy.ac.in','7376241EE211','VHARSHAA D M','EEE','EE10786','22EE405 - EMBEDDED SYSTEMS'),
	('2024UEE1037','vinithmk.ee24@bitsathy.ac.in','7376241EE213','VINITH M K','EEE','EE10786','22EE405 - EMBEDDED SYSTEMS'),
	('2024UEE1074','vishalpk.ee24@bitsathy.ac.in','7376241EE214','VISHAL P K','EEE','EE10786','22EE405 - EMBEDDED SYSTEMS'),
	('2024UEE1078','vishodhanv.ee24@bitsathy.ac.in','7376241EE215','VISHODHAN V','EEE','EE10786','22EE405 - EMBEDDED SYSTEMS'),
	('2025UEE5013','bhoomikas.ee24@bitsathy.ac.in','7376251EE501','BHOOMIKA S','EEE','EE10786','22EE405 - EMBEDDED SYSTEMS'),
	('2025UEE5014','haswinu.ee24@bitsathy.ac.in','7376251EE504','HASWIN U','EEE','EE10786','22EE405 - EMBEDDED SYSTEMS'),
	('2025UEE5004','yashwanthk.ee24@bitsathy.ac.in','7376251EE517','YASHWANTH K','EEE','EE10786','22EE405 - EMBEDDED SYSTEMS'),
	('2024UEC1242','aathithyentss.ec24@bitsathy.ac.in','7376241EC103','AATHITHYEN T S S','ECE','EC1834','22EC405 - EMBEDDED SYSTEMS'),
	('2024UEC1205','akilvetrivelm.ec24@bitsathy.ac.in','7376241EC111','AKIL VETRIVEL M','ECE','EC1834','22EC405 - EMBEDDED SYSTEMS'),
	('2024UEC1188','darshans.ec24@bitsathy.ac.in','7376241EC133','DARSHAN S','ECE','EC1834','22EC405 - EMBEDDED SYSTEMS'),
	('2024UEC1044','dhanushkumars.ec24@bitsathy.ac.in','7376241EC137','DHANUSH KUMAR S','ECE','EC1834','22EC405 - EMBEDDED SYSTEMS'),
	('2024UEC1222','dhayaanithirr.ec24@bitsathy.ac.in','7376241EC142','DHAYAANITHI R R','ECE','EC1834','22EC405 - EMBEDDED SYSTEMS'),
	('2024UEC1177','dhianeshrk.ec24@bitsathy.ac.in','7376241EC145','DHIANESH R K','ECE','EC1834','22EC405 - EMBEDDED SYSTEMS'),
	('2024UEC1161','dhiyaneshv.ec24@bitsathy.ac.in','7376241EC147','DHIYANESH V','ECE','EC1834','22EC405 - EMBEDDED SYSTEMS'),
	('2024UEC1208','kabilana.ec24@bitsathy.ac.in','7376241EC184','KABILAN A','ECE','EC1834','22EC405 - EMBEDDED SYSTEMS'),
	('2024UEC1079','mariasebatinirp.ec24@bitsathy.ac.in','7376241EC213','MARIA SEBATINI R P','ECE','EC1834','22EC405 - EMBEDDED SYSTEMS'),
	('2024UEC1136','nithershanam.ec24@bitsathy.ac.in','7376241EC240','NITHERSHANA M','ECE','EC1834','22EC405 - EMBEDDED SYSTEMS'),
	('2024UEC1153','nithileshj.ec24@bitsathy.ac.in','7376241EC241','NITHILESH J','ECE','EC1834','22EC405 - EMBEDDED SYSTEMS'),
	('2024UEC1166','nithishkumarpalanisamy.ec24@bitsathy.ac.in','7376241EC243','NITHISH KUMAR PALANISAMY','ECE','EC1834','22EC405 - EMBEDDED SYSTEMS'),
	('2024UEC1219','nizamsheriefn.ec24@bitsathy.ac.in','7376241EC246','NIZAM SHERIEF N','ECE','EC1834','22EC405 - EMBEDDED SYSTEMS'),
	('2024UEC1125','prajina.ec24@bitsathy.ac.in','7376241EC256','PRAJIN A','ECE','EC1834','22EC405 - EMBEDDED SYSTEMS'),
	('2024UEC1207','prateektr.ec24@bitsathy.ac.in','7376241EC261','PRATEEK T R','ECE','EC1834','22EC405 - EMBEDDED SYSTEMS'),
	('2024UEC1018','rishikanthvt.ec24@bitsathy.ac.in','7376241EC273','RISHIKANTH V T','ECE','EC1834','22EC405 - EMBEDDED SYSTEMS'),
	('2024UEC1227','sakthivelt.ec24@bitsathy.ac.in','7376241EC284','SAKTHIVEL T','ECE','EC1834','22EC405 - EMBEDDED SYSTEMS'),
	('2024UEC1184','sanjays.ec24@bitsathy.ac.in','7376241EC287','SANJAY S','ECE','EC1834','22EC405 - EMBEDDED SYSTEMS'),
	('2024UEC1007','sanjeedvs.ec24@bitsathy.ac.in','7376241EC288','SANJEED V S','ECE','EC1834','22EC405 - EMBEDDED SYSTEMS'),
	('2024UEC1239','sridharsankv.ec24@bitsathy.ac.in','7376241EC312','SRI DHARSAN K V','ECE','EC1834','22EC405 - EMBEDDED SYSTEMS'),
	('2025UEC5021','moulidharanr.ec24@bitsathy.ac.in','7376251EC509','MOULIDHARAN R','ECE','EC1834','22EC405 - EMBEDDED SYSTEMS'),
	('2025UEC5004','sabarisht.ec24@bitsathy.ac.in','7376251EC516','SABARISH T','ECE','EC1834','22EC405 - EMBEDDED SYSTEMS'),
	('2024UEI1047','anjaivikasansv.ei24@bitsathy.ac.in','7376241EI104','ANJAI VIKASAN S V','EIE','EI10266','22EI405 - EMBEDDED SYSTEM'),
	('2024UEI1001','sivaramachandrann.ei24@bitsathy.ac.in','7376241EI147','SIVARAMACHANDRAN N','EIE','EI10266','22EI405 - EMBEDDED SYSTEM'),
	('2024UEI1051','sudharsanb.ei24@bitsathy.ac.in','7376241EI150','SUDHARSAN B','EIE','EI10266','22EI405 - EMBEDDED SYSTEM'),
	('2024UEI1050','yagesha.ei24@bitsathy.ac.in','7376241EI160','YAGESH A','EIE','EI10266','22EI405 - EMBEDDED SYSTEM'),
	('2025UEI5003','nihilanr.ei24@bitsathy.ac.in','7376251EI501','NIHILAN R','EIE','EI10266','22EI405 - EMBEDDED SYSTEM'),
	('2025UEI5001','sowntharm.ei24@bitsathy.ac.in','7376251EI502','SOWNTHAR M','EIE','EI10266','22EI405 - EMBEDDED SYSTEM'),
	('2024UIT1210','abisekp.it24@bitsathy.ac.in','7376242IT108','ABISEK P','IT','IT11146','22IT405 - DATABASE MANAGEMENT SYSTEM'),
	('2024UIT1164','anusrit.it24@bitsathy.ac.in','7376242IT117','ANU SRI T','IT','IT11146','22IT405 - DATABASE MANAGEMENT SYSTEM'),
	('2024UIT1068','dhakshathap.it24@bitsathy.ac.in','7376242IT143','DHAKSHATHA P','IT','IT11146','22IT405 - DATABASE MANAGEMENT SYSTEM'),
	('2024UIT1159','dharrniss.it24@bitsathy.ac.in','7376242IT146','DHARRNIS S','IT','IT11146','22IT405 - DATABASE MANAGEMENT SYSTEM'),
	('2024UIT1204','guhaneshs.it24@bitsathy.ac.in','7376242IT164','GUHANESH S','IT','IT11146','22IT405 - DATABASE MANAGEMENT SYSTEM'),
	('2024UIT1150','haritharanidharane.it24@bitsathy.ac.in','7376242IT168','HARI THARANI DHARAN E','IT','IT11146','22IT405 - DATABASE MANAGEMENT SYSTEM'),
	('2024UIT1163','jawaharl.it24@bitsathy.ac.in','7376242IT184','JAWAHAR L','IT','IT11146','22IT405 - DATABASE MANAGEMENT SYSTEM'),
	('2024UIT1192','jeevadharshanb.it24@bitsathy.ac.in','7376242IT188','JEEVA DHARSHAN B','IT','IT11146','22IT405 - DATABASE MANAGEMENT SYSTEM'),
	('2024UIT1121','mathanaprasathcp.it24@bitsathy.ac.in','7376242IT214','MATHANA PRASATH C P','IT','IT11146','22IT405 - DATABASE MANAGEMENT SYSTEM'),
	('2024UIT1058','raghunathck.it24@bitsathy.ac.in','7376242IT266','RAGHUNATH C K','IT','IT11146','22IT405 - DATABASE MANAGEMENT SYSTEM'),
	('2024UIT1197','sanjaya.it24@bitsathy.ac.in','7376242IT283','SANJAY A','IT','IT11146','22IT405 - DATABASE MANAGEMENT SYSTEM'),
	('2024UIT1177','sanjusriv.it24@bitsathy.ac.in','7376242IT287','SANJUSRI V','IT','IT11146','22IT405 - DATABASE MANAGEMENT SYSTEM'),
	('2024UIT1190','shaileshsm.it24@bitsathy.ac.in','7376242IT292','SHAILESH S M','IT','IT11146','22IT405 - DATABASE MANAGEMENT SYSTEM'),
	('2024UIT1116','shivaa.it24@bitsathy.ac.in','7376242IT298','SHIVA A','IT','IT11146','22IT405 - DATABASE MANAGEMENT SYSTEM'),
	('2024UIT1208','sivaselvanm.it24@bitsathy.ac.in','7376242IT304','SIVA SELVAN M','IT','IT11146','22IT405 - DATABASE MANAGEMENT SYSTEM'),
	('2024UIT1012','surendarr.it24@bitsathy.ac.in','7376242IT317','SURENDAR R','IT','IT11146','22IT405 - DATABASE MANAGEMENT SYSTEM'),
	('2024UIT1042','suryar.it24@bitsathy.ac.in','7376242IT319','SURYA R','IT','IT11146','22IT405 - DATABASE MANAGEMENT SYSTEM'),
	('2025UIT5004','DIVITHM.IT24@bitsathy.ac.in','7376252IT504','DIVITH M','IT','IT11146','22IT405 - DATABASE MANAGEMENT SYSTEM'),
	('2025UIT5005','HARISHRAMANUJAMVK.IT24@bitsathy.ac.in','7376252IT507','HARISH RAMANUJAM V K','IT','IT11146','22IT405 - DATABASE MANAGEMENT SYSTEM'),
	('2025UIT5009','thapisnurv.it24@bitsathy.ac.in','7376252IT516','THAPISNU R V','IT','IT11146','22IT405 - DATABASE MANAGEMENT SYSTEM'),
	('2024UME1043','dsgiriprasad.me24@bitsathy.ac.in','7376241ME108','D S GIRI PRASAD','MECH','ME1094','22ME405 - MATERIALS AND MANUFACTURING PROCESSES'),
	('2024UME1034','dhanvanthn.me24@bitsathy.ac.in','7376241ME110','DHANVANTH N','MECH','ME1094','22ME405 - MATERIALS AND MANUFACTURING PROCESSES'),
	('2024UME1005','diswansathyas.me24@bitsathy.ac.in','7376241ME111','DISWAN SATHYA S','MECH','ME1094','22ME405 - MATERIALS AND MANUFACTURING PROCESSES'),
	('2024UME1037','gowthamm.me24@bitsathy.ac.in','7376241ME114','GOWTHAM M','MECH','ME1094','22ME405 - MATERIALS AND MANUFACTURING PROCESSES'),
	('2024UME1017','jarvisbraylens.me24@bitsathy.ac.in','7376241ME119','JARVIS BRAYLEN S','MECH','ME1094','22ME405 - MATERIALS AND MANUFACTURING PROCESSES'),
	('2024UME1036','kowchikm.me24@bitsathy.ac.in','7376241ME123','KOWCHIK M','MECH','ME1094','22ME405 - MATERIALS AND MANUFACTURING PROCESSES'),
	('2024UME1054','nishanthk.me24@bitsathy.ac.in','7376241ME132','NISHANTH K','MECH','ME1094','22ME405 - MATERIALS AND MANUFACTURING PROCESSES'),
	('2024UME1027','pasumponrajak.me24@bitsathy.ac.in','7376241ME134','PASUMPONRAJA K','MECH','ME1094','22ME405 - MATERIALS AND MANUFACTURING PROCESSES'),
	('2024UME1002','rakshithprasathg.me24@bitsathy.ac.in','7376241ME137','RAKSHITH PRASATH G','MECH','ME1094','22ME405 - MATERIALS AND MANUFACTURING PROCESSES'),
	('2024UME1025','revanthsrisivasr.me24@bitsathy.ac.in','7376241ME139','REVANTH SRISIVA S R','MECH','ME1094','22ME405 - MATERIALS AND MANUFACTURING PROCESSES'),
	('2024UME1018','riyass.me24@bitsathy.ac.in','7376241ME143','RIYAS S','MECH','ME1094','22ME405 - MATERIALS AND MANUFACTURING PROCESSES'),
	('2024UME1022','sandeepkumargv.me24@bitsathy.ac.in','7376241ME148','SANDEEP KUMAR G V','MECH','ME1094','22ME405 - MATERIALS AND MANUFACTURING PROCESSES'),
	('2024UME1003','sheikalarshads.me24@bitsathy.ac.in','7376241ME151','SHEIK AL ARSHAD S','MECH','ME1094','22ME405 - MATERIALS AND MANUFACTURING PROCESSES'),
	('2024UME1016','singavela.me24@bitsathy.ac.in','7376241ME152','SINGAVEL A','MECH','ME1094','22ME405 - MATERIALS AND MANUFACTURING PROCESSES'),
	('2024UME1007','vimalm.me24@bitsathy.ac.in','7376241ME156','VIMAL M','MECH','ME1094','22ME405 - MATERIALS AND MANUFACTURING PROCESSES'),
	('2024UME1046','vishalrk.me24@bitsathy.ac.in','7376241ME157','VISHAL R K','MECH','ME1094','22ME405 - MATERIALS AND MANUFACTURING PROCESSES'),
	('2025UME5007','obulirajvk.me24@bitsathy.ac.in','7376251ME504','OBULIRAJ V K','MECH','ME1094','22ME405 - MATERIALS AND MANUFACTURING PROCESSES'),
	('2024UMZ1031','harinimanikandan.mz24@bitsathy.ac.in','7376241MZ117','HARINI MANIKANDAN','MTRS','MC10369','22MC405 - EMBEDDED SYSTEM'),
	('2024UMZ1048','kalaiyarasut.mz24@bitsathy.ac.in','7376241MZ121','KALAIYARASU T','MTRS','MC10369','22MC405 - EMBEDDED SYSTEM'),
	('2024UMZ1001','pradeepr.mz24@bitsathy.ac.in','7376241MZ131','PRADEEP R','MTRS','MC10369','22MC405 - EMBEDDED SYSTEM'),
	('2024UMZ1061','ragulsa.mz24@bitsathy.ac.in','7376241MZ137','RAGUL S A','MTRS','MC10369','22MC405 - EMBEDDED SYSTEM'),
	('2024UMZ1058','rajsenthoours.mz24@bitsathy.ac.in','7376241MZ139','RAJ SENTHOOUR S','MTRS','MC10369','22MC405 - EMBEDDED SYSTEM'),
	('2024UCB1044','asvikaash.cb24@bitsathy.ac.in','7376242CB102','A S VIKAASH','CSBS','SM11120','22CB406 - MARKETING RESEARCH AND MARKETING MANAGEMENT'),
	('2024UCB1041','dharshansreer.cb24@bitsathy.ac.in','7376242CB116','DHARSHAN SREE R','CSBS','SM11120','22CB406 - MARKETING RESEARCH AND MARKETING MANAGEMENT'),
	('2024UCB1043','dhayanandprabavathivelusamy.cb24@bitsathy.ac.in','7376242CB119','DHAYANAND PRABAVATHI VELUSAMY','CSBS','SM11120','22CB406 - MARKETING RESEARCH AND MARKETING MANAGEMENT'),
	('2024UCB1039','lakshmanbabur.cb24@bitsathy.ac.in','7376242CB133','LAKSHMAN BABU R','CSBS','SM11120','22CB406 - MARKETING RESEARCH AND MARKETING MANAGEMENT'),
	('2024UCB1060','madheshk.cb24@bitsathy.ac.in','7376242CB134','MADHESH K','CSBS','SM11120','22CB406 - MARKETING RESEARCH AND MARKETING MANAGEMENT'),
	('2025UCB5003','suryam.cb24@bitsathy.ac.in','7376252CB502','SURYA M','CSBS','SM11120','22CB406 - MARKETING RESEARCH AND MARKETING MANAGEMENT'),
	('2025UCB5002','THIRUMURUGANS.CB24@bitsathy.ac.in','7376252CB503','THIRUMURUGAN S','CSBS','SM11120','22CB406 - MARKETING RESEARCH AND MARKETING MANAGEMENT'),
	('2024UAG1012','mohamedrajikm.ag24@bitsathy.ac.in','7376242AG112','MOHAMED RAJIK M','AGRI','CH1558','22HS007 - ENVIRONMENTAL SCIENCE'),
	('2024UAD1114','chinnamanib.ad24@bitsathy.ac.in','7376242AD130','CHINNAMANI B','AIDS','CH1894','22HS007 - ENVIRONMENTAL SCIENCE'),
	('2024UAD1006','deepakkr.ad24@bitsathy.ac.in','7376242AD137','DEEPAK K','AIDS','CH1894','22HS007 - ENVIRONMENTAL SCIENCE'),
	('2024UAD1062','hashmithap.ad24@bitsathy.ac.in','7376242AD178','HASHMITHA P','AIDS','CH1894','22HS007 - ENVIRONMENTAL SCIENCE'),
	('2024UAD1033','jaganmohanr.ad24@bitsathy.ac.in','7376242AD183','JAGAN MOHAN R','AIDS','CH1894','22HS007 - ENVIRONMENTAL SCIENCE'),
	('2024UAD1151','jaisuryas.ad24@bitsathy.ac.in','7376242AD186','JAISURYA S','AIDS','CH1894','22HS007 - ENVIRONMENTAL SCIENCE'),
	('2024UAD1221','jayeshs.ad24@bitsathy.ac.in','7376242AD189','JAYESH S','AIDS','CH1894','22HS007 - ENVIRONMENTAL SCIENCE'),
	('2024UAD1161','mohammednadheems.ad24@bitsathy.ac.in','7376242AD218','MOHAMMED NADHEEM S','AIDS','CH1894','22HS007 - ENVIRONMENTAL SCIENCE'),
	('2024UAD1149','prateekds.ad24@bitsathy.ac.in','7376242AD254','PRATEEK D S','AIDS','CH1894','22HS007 - ENVIRONMENTAL SCIENCE'),
	('2024UAD1141','srisabarisrinivass.ad24@bitsathy.ac.in','7376242AD308','SRI SABARI SRINIVAS S','AIDS','CH1894','22HS007 - ENVIRONMENTAL SCIENCE'),
	('2024UAD1232','vishnudharanm.ad24@bitsathy.ac.in','7376242AD343','VISHNUDHARAN M','AIDS','CH1894','22HS007 - ENVIRONMENTAL SCIENCE'),
	('2025UAD5014','nandidak.ad24@bitsathy.ac.in','7376252AD508','NANDIDA K','AIDS','CH1894','22HS007 - ENVIRONMENTAL SCIENCE'),
	('2024UAL1031','pradeepg.al24@bitsathy.ac.in','7376242AL165','PRADEEP G','AIML','CH10957','22HS007 - ENVIRONMENTAL SCIENCE'),
	('2024UAL1012','thipeswarv.al24@bitsathy.ac.in','7376242AL207','THIPESWAR V','AIML','CH10957','22HS007 - ENVIRONMENTAL SCIENCE'),
	('2024UBT1094','deepasreep.bt24@bitsathy.ac.in','7376242BT115','DEEPA SREE P','BT','CH1493','22HS007 - ENVIRONMENTAL SCIENCE'),
	('2024UBT1101','dharshinipr.bt24@bitsathy.ac.in','7376242BT123','DHARSHINI R','BT','CH1493','22HS007 - ENVIRONMENTAL SCIENCE'),
	('2024UBT1120','hemam.bt24@bitsathy.ac.in','7376242BT138','HEMA M','BT','CH1493','22HS007 - ENVIRONMENTAL SCIENCE'),
	('2024UBT1119','kavyav.bt24@bitsathy.ac.in','7376242BT151','KAVYA V','BT','CH1493','22HS007 - ENVIRONMENTAL SCIENCE'),
	('2024UBT1106','madhupratikas.bt24@bitsathy.ac.in','7376242BT156','MADHU PRATIKA S','BT','CH1493','22HS007 - ENVIRONMENTAL SCIENCE'),
	('2024UBT1108','malarvizhia.bt24@bitsathy.ac.in','7376242BT157','MALARVIZHI A','BT','CH1493','22HS007 - ENVIRONMENTAL SCIENCE'),
	('2024UBT1073','nithishkumarr.bt24@bitsathy.ac.in','7376242BT170','NITHISH KUMAR R','BT','CH1493','22HS007 - ENVIRONMENTAL SCIENCE'),
	('2024UBT1089','praveenkumarm.bt24@bitsathy.ac.in','7376242BT174','PRAVEEN KUMAR M','BT','CH1493','22HS007 - ENVIRONMENTAL SCIENCE'),
	('2024UBT1062','ragulb.bt24@bitsathy.ac.in','7376242BT176','RAGUL B','BT','CH1493','22HS007 - ENVIRONMENTAL SCIENCE'),
	('2024UBT1025','thanigaivelank.bt24@bitsathy.ac.in','7376242BT214','THANIGAIVELAN K','BT','CH1493','22HS007 - ENVIRONMENTAL SCIENCE'),
	('2024UBT1118','varshinipriyap.bt24@bitsathy.ac.in','7376242BT219','VARSHINIPRIYA P','BT','CH1493','22HS007 - ENVIRONMENTAL SCIENCE'),
	('2025UBT5001','madhans.bt24@bitsathy.ac.in','7376252BT501','MADHAN S','BT','CH1493','22HS007 - ENVIRONMENTAL SCIENCE'),
	('2024UCB1044','asvikaash.cb24@bitsathy.ac.in','7376242CB102','A S VIKAASH','CSBS','CH11127','22HS007 - ENVIRONMENTAL SCIENCE'),
	('2024UCB1041','dharshansreer.cb24@bitsathy.ac.in','7376242CB116','DHARSHAN SREE R','CSBS','CH11127','22HS007 - ENVIRONMENTAL SCIENCE'),
	('2024UCB1043','dhayanandprabavathivelusamy.cb24@bitsathy.ac.in','7376242CB119','DHAYANAND PRABAVATHI VELUSAMY','CSBS','CH11127','22HS007 - ENVIRONMENTAL SCIENCE'),
	('2024UCB1039','lakshmanbabur.cb24@bitsathy.ac.in','7376242CB133','LAKSHMAN BABU R','CSBS','CH11127','22HS007 - ENVIRONMENTAL SCIENCE'),
	('2024UCB1060','madheshk.cb24@bitsathy.ac.in','7376242CB134','MADHESH K','CSBS','CH11127','22HS007 - ENVIRONMENTAL SCIENCE'),
	('2025UCB5003','suryam.cb24@bitsathy.ac.in','7376252CB502','SURYA M','CSBS','CH11127','22HS007 - ENVIRONMENTAL SCIENCE'),
	('2025UCB5002','THIRUMURUGANS.CB24@bitsathy.ac.in','7376252CB503','THIRUMURUGAN S','CSBS','CH11127','22HS007 - ENVIRONMENTAL SCIENCE'),
	('2024UCS1279','bharathkrishnas.cs24@bitsathy.ac.in','7376241CS143','BHARATHKRISHNA S','CSE','CH1578','22HS007 - ENVIRONMENTAL SCIENCE'),
	('2024UCS1254','dhanusiyast.cs24@bitsathy.ac.in','7376241CS155','DHANUSIYA T','CSE','CH1578','22HS007 - ENVIRONMENTAL SCIENCE'),
	('2024UCS1352','karthikeyanb.cs24@bitsathy.ac.in','7376241CS230','KARTHIKEYAN B','CSE','CH1578','22HS007 - ENVIRONMENTAL SCIENCE'),
	('2024UCS1016','nishanthim.cs24@bitsathy.ac.in','7376241CS305','NISHANTHI M','CSE','CH1578','22HS007 - ENVIRONMENTAL SCIENCE'),
	('2024UCS1325','rahulpraneshp.cs24@bitsathy.ac.in','7376241CS334','RAHUL PRANESH P','CSE','CH1578','22HS007 - ENVIRONMENTAL SCIENCE'),
	('2024UCS1283','shruthikas.cs24@bitsathy.ac.in','7376241CS392','SHRUTHIKA S','CSE','CH1578','22HS007 - ENVIRONMENTAL SCIENCE'),
	('2025UCS5024','ajayr.cs24@bitsathy.ac.in','7376251CS503','AJAY R','CSE','CH1578','22HS007 - ENVIRONMENTAL SCIENCE'),
	('2025UCS5010','deepake.cs24@bitsathy.ac.in','7376251CS506','DEEPAK E','CSE','CH1578','22HS007 - ENVIRONMENTAL SCIENCE'),
	('2025UCS5007','dharanipriyanc.cs24@bitsathy.ac.in','7376251CS507','DHARANI PRIYAN C','CSE','CH1578','22HS007 - ENVIRONMENTAL SCIENCE'),
	('2025UCS5006','dharuns.cs24@bitsathy.ac.in','7376251CS508','DHARUN S','CSE','CH1578','22HS007 - ENVIRONMENTAL SCIENCE'),
	('2025UCS5021','jeevags.cs24@bitsathy.ac.in','7376251CS511','JEEVA G S','CSE','CH1578','22HS007 - ENVIRONMENTAL SCIENCE'),
	('2025UCS5016','kamaleshpm.cs24@bitsathy.ac.in','7376251CS512','KAMALESH P M','CSE','CH1578','22HS007 - ENVIRONMENTAL SCIENCE'),
	('2025UCS5011','krishnaprasanths.cs24@bitsathy.ac.in','7376251CS513','KRISHNAPRASANTH S','CSE','CH1578','22HS007 - ENVIRONMENTAL SCIENCE'),
	('2024UEE1041','chandranj.ee24@bitsathy.ac.in','7376241EE114','CHANDRAN J','EEE','CH1493','22HS007 - ENVIRONMENTAL SCIENCE'),
	('2024UEE1076','dharnishar.ee24@bitsathy.ac.in','7376241EE122','DHARNISHA R','EEE','CH1493','22HS007 - ENVIRONMENTAL SCIENCE'),
	('2024UEE1082','harshithm.ee24@bitsathy.ac.in','7376241EE132','HARSHITH M','EEE','CH1493','22HS007 - ENVIRONMENTAL SCIENCE'),
	('2024UEE1099','lokeshsekharms.ee24@bitsathy.ac.in','7376241EE142','LOKESHSEKHAR M S','EEE','CH1493','22HS007 - ENVIRONMENTAL SCIENCE'),
	('2024UEE1109','maniv.ee24@bitsathy.ac.in','7376241EE145','MANI V','EEE','CH1493','22HS007 - ENVIRONMENTAL SCIENCE'),
	('2024UEE1114','manoa.ee24@bitsathy.ac.in','7376241EE146','MANO A','EEE','CH1493','22HS007 - ENVIRONMENTAL SCIENCE'),
	('2024UEE1089','naveenkumarr.ee24@bitsathy.ac.in','7376241EE157','NAVEENKUMAR R','EEE','CH1493','22HS007 - ENVIRONMENTAL SCIENCE'),
	('2024UEE1096','sanjaykumarr.ee24@bitsathy.ac.in','7376241EE185','SANJAYKUMAR R','EEE','CH1493','22HS007 - ENVIRONMENTAL SCIENCE'),
	('2024UEE1118','shripriyaner.ee24@bitsathy.ac.in','7376241EE188','SHRIPRIYAN E R','EEE','CH1493','22HS007 - ENVIRONMENTAL SCIENCE'),
	('2024UEE1097','siddhaarthr.ee24@bitsathy.ac.in','7376241EE190','SIDDHAARTH R','EEE','CH1493','22HS007 - ENVIRONMENTAL SCIENCE'),
	('2024UEE1092','srisaraswathip.ee24@bitsathy.ac.in','7376241EE196','SRI SARASWATHI P','EEE','CH1493','22HS007 - ENVIRONMENTAL SCIENCE'),
	('2024UEE1059','subhapradham.ee24@bitsathy.ac.in','7376241EE199','SUBHA PRADHA M','EEE','CH1493','22HS007 - ENVIRONMENTAL SCIENCE'),
	('2024UEE1047','thanujasrib.ee24@bitsathy.ac.in','7376241EE205','THANUJA SRI B','EEE','CH1493','22HS007 - ENVIRONMENTAL SCIENCE'),
	('2024UEE1115','vaibhavnarayananv.ee24@bitsathy.ac.in','7376241EE207','VAIBHAV NARAYANAN V','EEE','CH1493','22HS007 - ENVIRONMENTAL SCIENCE'),
	('2024UEE1011','vaishihasv.ee24@bitsathy.ac.in','7376241EE208','VAISHIHA S V','EEE','CH1493','22HS007 - ENVIRONMENTAL SCIENCE'),
	('2024UEE1093','vharshaadm.ee24@bitsathy.ac.in','7376241EE211','VHARSHAA D M','EEE','CH1493','22HS007 - ENVIRONMENTAL SCIENCE'),
	('2024UEE1037','vinithmk.ee24@bitsathy.ac.in','7376241EE213','VINITH M K','EEE','CH1493','22HS007 - ENVIRONMENTAL SCIENCE'),
	('2024UEE1074','vishalpk.ee24@bitsathy.ac.in','7376241EE214','VISHAL P K','EEE','CH1493','22HS007 - ENVIRONMENTAL SCIENCE'),
	('2024UEE1078','vishodhanv.ee24@bitsathy.ac.in','7376241EE215','VISHODHAN V','EEE','CH1493','22HS007 - ENVIRONMENTAL SCIENCE'),
	('2025UEE5013','bhoomikas.ee24@bitsathy.ac.in','7376251EE501','BHOOMIKA S','EEE','CH1493','22HS007 - ENVIRONMENTAL SCIENCE'),
	('2025UEE5014','haswinu.ee24@bitsathy.ac.in','7376251EE504','HASWIN U','EEE','CH1493','22HS007 - ENVIRONMENTAL SCIENCE'),
	('2025UEE5004','yashwanthk.ee24@bitsathy.ac.in','7376251EE517','YASHWANTH K','EEE','CH1493','22HS007 - ENVIRONMENTAL SCIENCE'),
	('2024UEC1242','aathithyentss.ec24@bitsathy.ac.in','7376241EC103','AATHITHYEN T S S','ECE','CH10003','22HS007 - ENVIRONMENTAL SCIENCE'),
	('2024UEC1205','akilvetrivelm.ec24@bitsathy.ac.in','7376241EC111','AKIL VETRIVEL M','ECE','CH10003','22HS007 - ENVIRONMENTAL SCIENCE'),
	('2024UEC1188','darshans.ec24@bitsathy.ac.in','7376241EC133','DARSHAN S','ECE','CH10003','22HS007 - ENVIRONMENTAL SCIENCE'),
	('2024UEC1044','dhanushkumars.ec24@bitsathy.ac.in','7376241EC137','DHANUSH KUMAR S','ECE','CH10003','22HS007 - ENVIRONMENTAL SCIENCE'),
	('2024UEC1222','dhayaanithirr.ec24@bitsathy.ac.in','7376241EC142','DHAYAANITHI R R','ECE','CH10003','22HS007 - ENVIRONMENTAL SCIENCE'),
	('2024UEC1177','dhianeshrk.ec24@bitsathy.ac.in','7376241EC145','DHIANESH R K','ECE','CH10003','22HS007 - ENVIRONMENTAL SCIENCE'),
	('2024UEC1161','dhiyaneshv.ec24@bitsathy.ac.in','7376241EC147','DHIYANESH V','ECE','CH10003','22HS007 - ENVIRONMENTAL SCIENCE'),
	('2024UEC1208','kabilana.ec24@bitsathy.ac.in','7376241EC184','KABILAN A','ECE','CH10003','22HS007 - ENVIRONMENTAL SCIENCE'),
	('2024UEC1079','mariasebatinirp.ec24@bitsathy.ac.in','7376241EC213','MARIA SEBATINI R P','ECE','CH10003','22HS007 - ENVIRONMENTAL SCIENCE'),
	('2024UEC1136','nithershanam.ec24@bitsathy.ac.in','7376241EC240','NITHERSHANA M','ECE','CH10003','22HS007 - ENVIRONMENTAL SCIENCE'),
	('2024UEC1153','nithileshj.ec24@bitsathy.ac.in','7376241EC241','NITHILESH J','ECE','CH10003','22HS007 - ENVIRONMENTAL SCIENCE'),
	('2024UEC1166','nithishkumarpalanisamy.ec24@bitsathy.ac.in','7376241EC243','NITHISH KUMAR PALANISAMY','ECE','CH10003','22HS007 - ENVIRONMENTAL SCIENCE'),
	('2024UEC1219','nizamsheriefn.ec24@bitsathy.ac.in','7376241EC246','NIZAM SHERIEF N','ECE','CH10003','22HS007 - ENVIRONMENTAL SCIENCE'),
	('2024UEC1125','prajina.ec24@bitsathy.ac.in','7376241EC256','PRAJIN A','ECE','CH10003','22HS007 - ENVIRONMENTAL SCIENCE'),
	('2024UEC1207','prateektr.ec24@bitsathy.ac.in','7376241EC261','PRATEEK T R','ECE','CH10003','22HS007 - ENVIRONMENTAL SCIENCE'),
	('2024UEC1018','rishikanthvt.ec24@bitsathy.ac.in','7376241EC273','RISHIKANTH V T','ECE','CH10003','22HS007 - ENVIRONMENTAL SCIENCE'),
	('2024UEC1227','sakthivelt.ec24@bitsathy.ac.in','7376241EC284','SAKTHIVEL T','ECE','CH10003','22HS007 - ENVIRONMENTAL SCIENCE'),
	('2024UEC1184','sanjays.ec24@bitsathy.ac.in','7376241EC287','SANJAY S','ECE','CH10003','22HS007 - ENVIRONMENTAL SCIENCE'),
	('2024UEC1007','sanjeedvs.ec24@bitsathy.ac.in','7376241EC288','SANJEED V S','ECE','CH10003','22HS007 - ENVIRONMENTAL SCIENCE'),
	('2024UEC1239','sridharsankv.ec24@bitsathy.ac.in','7376241EC312','SRI DHARSAN K V','ECE','CH10003','22HS007 - ENVIRONMENTAL SCIENCE'),
	('2025UEC5021','moulidharanr.ec24@bitsathy.ac.in','7376251EC509','MOULIDHARAN R','ECE','CH10003','22HS007 - ENVIRONMENTAL SCIENCE'),
	('2025UEC5004','sabarisht.ec24@bitsathy.ac.in','7376251EC516','SABARISH T','ECE','CH10003','22HS007 - ENVIRONMENTAL SCIENCE'),
	('2024UEI1047','anjaivikasansv.ei24@bitsathy.ac.in','7376241EI104','ANJAI VIKASAN S V','EIE','CH1557','22HS007 - ENVIRONMENTAL SCIENCE'),
	('2024UEI1001','sivaramachandrann.ei24@bitsathy.ac.in','7376241EI147','SIVARAMACHANDRAN N','EIE','CH1557','22HS007 - ENVIRONMENTAL SCIENCE'),
	('2024UEI1051','sudharsanb.ei24@bitsathy.ac.in','7376241EI150','SUDHARSAN B','EIE','CH1557','22HS007 - ENVIRONMENTAL SCIENCE'),
	('2024UEI1050','yagesha.ei24@bitsathy.ac.in','7376241EI160','YAGESH A','EIE','CH1557','22HS007 - ENVIRONMENTAL SCIENCE'),
	('2025UEI5003','nihilanr.ei24@bitsathy.ac.in','7376251EI501','NIHILAN R','EIE','CH1557','22HS007 - ENVIRONMENTAL SCIENCE'),
	('2025UEI5001','sowntharm.ei24@bitsathy.ac.in','7376251EI502','SOWNTHAR M','EIE','CH1557','22HS007 - ENVIRONMENTAL SCIENCE'),
	('2024UIT1210','abisekp.it24@bitsathy.ac.in','7376242IT108','ABISEK P','IT','CH1578','22HS007 - ENVIRONMENTAL SCIENCE'),
	('2024UIT1164','anusrit.it24@bitsathy.ac.in','7376242IT117','ANU SRI T','IT','CH1578','22HS007 - ENVIRONMENTAL SCIENCE'),
	('2024UIT1068','dhakshathap.it24@bitsathy.ac.in','7376242IT143','DHAKSHATHA P','IT','CH1578','22HS007 - ENVIRONMENTAL SCIENCE'),
	('2024UIT1159','dharrniss.it24@bitsathy.ac.in','7376242IT146','DHARRNIS S','IT','CH1578','22HS007 - ENVIRONMENTAL SCIENCE'),
	('2024UIT1204','guhaneshs.it24@bitsathy.ac.in','7376242IT164','GUHANESH S','IT','CH1578','22HS007 - ENVIRONMENTAL SCIENCE'),
	('2024UIT1150','haritharanidharane.it24@bitsathy.ac.in','7376242IT168','HARI THARANI DHARAN E','IT','CH1578','22HS007 - ENVIRONMENTAL SCIENCE'),
	('2024UIT1163','jawaharl.it24@bitsathy.ac.in','7376242IT184','JAWAHAR L','IT','CH1578','22HS007 - ENVIRONMENTAL SCIENCE'),
	('2024UIT1192','jeevadharshanb.it24@bitsathy.ac.in','7376242IT188','JEEVA DHARSHAN B','IT','CH1578','22HS007 - ENVIRONMENTAL SCIENCE'),
	('2024UIT1121','mathanaprasathcp.it24@bitsathy.ac.in','7376242IT214','MATHANA PRASATH C P','IT','CH1578','22HS007 - ENVIRONMENTAL SCIENCE'),
	('2024UIT1058','raghunathck.it24@bitsathy.ac.in','7376242IT266','RAGHUNATH C K','IT','CH1578','22HS007 - ENVIRONMENTAL SCIENCE'),
	('2024UIT1197','sanjaya.it24@bitsathy.ac.in','7376242IT283','SANJAY A','IT','CH1578','22HS007 - ENVIRONMENTAL SCIENCE'),
	('2024UIT1177','sanjusriv.it24@bitsathy.ac.in','7376242IT287','SANJUSRI V','IT','CH1578','22HS007 - ENVIRONMENTAL SCIENCE'),
	('2024UIT1190','shaileshsm.it24@bitsathy.ac.in','7376242IT292','SHAILESH S M','IT','CH1578','22HS007 - ENVIRONMENTAL SCIENCE'),
	('2024UIT1116','shivaa.it24@bitsathy.ac.in','7376242IT298','SHIVA A','IT','CH1578','22HS007 - ENVIRONMENTAL SCIENCE'),
	('2024UIT1208','sivaselvanm.it24@bitsathy.ac.in','7376242IT304','SIVA SELVAN M','IT','CH1578','22HS007 - ENVIRONMENTAL SCIENCE'),
	('2024UIT1012','surendarr.it24@bitsathy.ac.in','7376242IT317','SURENDAR R','IT','CH1578','22HS007 - ENVIRONMENTAL SCIENCE'),
	('2024UIT1042','suryar.it24@bitsathy.ac.in','7376242IT319','SURYA R','IT','CH1578','22HS007 - ENVIRONMENTAL SCIENCE'),
	('2025UIT5004','DIVITHM.IT24@bitsathy.ac.in','7376252IT504','DIVITH M','IT','CH1578','22HS007 - ENVIRONMENTAL SCIENCE'),
	('2025UIT5005','HARISHRAMANUJAMVK.IT24@bitsathy.ac.in','7376252IT507','HARISH RAMANUJAM V K','IT','CH1578','22HS007 - ENVIRONMENTAL SCIENCE'),
	('2025UIT5009','thapisnurv.it24@bitsathy.ac.in','7376252IT516','THAPISNU R V','IT','CH1578','22HS007 - ENVIRONMENTAL SCIENCE'),
	('2024UME1043','dsgiriprasad.me24@bitsathy.ac.in','7376241ME108','D S GIRI PRASAD','MECH','CH10314','22HS007 - ENVIRONMENTAL SCIENCE'),
	('2024UME1034','dhanvanthn.me24@bitsathy.ac.in','7376241ME110','DHANVANTH N','MECH','CH10314','22HS007 - ENVIRONMENTAL SCIENCE'),
	('2024UME1005','diswansathyas.me24@bitsathy.ac.in','7376241ME111','DISWAN SATHYA S','MECH','CH10314','22HS007 - ENVIRONMENTAL SCIENCE'),
	('2024UME1037','gowthamm.me24@bitsathy.ac.in','7376241ME114','GOWTHAM M','MECH','CH10314','22HS007 - ENVIRONMENTAL SCIENCE'),
	('2024UME1017','jarvisbraylens.me24@bitsathy.ac.in','7376241ME119','JARVIS BRAYLEN S','MECH','CH10314','22HS007 - ENVIRONMENTAL SCIENCE'),
	('2024UME1036','kowchikm.me24@bitsathy.ac.in','7376241ME123','KOWCHIK M','MECH','CH10314','22HS007 - ENVIRONMENTAL SCIENCE'),
	('2024UME1054','nishanthk.me24@bitsathy.ac.in','7376241ME132','NISHANTH K','MECH','CH10314','22HS007 - ENVIRONMENTAL SCIENCE'),
	('2024UME1027','pasumponrajak.me24@bitsathy.ac.in','7376241ME134','PASUMPONRAJA K','MECH','CH10314','22HS007 - ENVIRONMENTAL SCIENCE'),
	('2024UME1002','rakshithprasathg.me24@bitsathy.ac.in','7376241ME137','RAKSHITH PRASATH G','MECH','CH10314','22HS007 - ENVIRONMENTAL SCIENCE'),
	('2024UME1025','revanthsrisivasr.me24@bitsathy.ac.in','7376241ME139','REVANTH SRISIVA S R','MECH','CH10314','22HS007 - ENVIRONMENTAL SCIENCE'),
	('2024UME1018','riyass.me24@bitsathy.ac.in','7376241ME143','RIYAS S','MECH','CH10314','22HS007 - ENVIRONMENTAL SCIENCE'),
	('2024UME1022','sandeepkumargv.me24@bitsathy.ac.in','7376241ME148','SANDEEP KUMAR G V','MECH','CH10314','22HS007 - ENVIRONMENTAL SCIENCE'),
	('2024UME1003','sheikalarshads.me24@bitsathy.ac.in','7376241ME151','SHEIK AL ARSHAD S','MECH','CH10314','22HS007 - ENVIRONMENTAL SCIENCE'),
	('2024UME1016','singavela.me24@bitsathy.ac.in','7376241ME152','SINGAVEL A','MECH','CH10314','22HS007 - ENVIRONMENTAL SCIENCE'),
	('2024UME1007','vimalm.me24@bitsathy.ac.in','7376241ME156','VIMAL M','MECH','CH10314','22HS007 - ENVIRONMENTAL SCIENCE'),
	('2024UME1046','vishalrk.me24@bitsathy.ac.in','7376241ME157','VISHAL R K','MECH','CH10314','22HS007 - ENVIRONMENTAL SCIENCE'),
	('2025UME5007','obulirajvk.me24@bitsathy.ac.in','7376251ME504','OBULIRAJ V K','MECH','CH10314','22HS007 - ENVIRONMENTAL SCIENCE'),
	('2024UMZ1031','harinimanikandan.mz24@bitsathy.ac.in','7376241MZ117','HARINI MANIKANDAN','MTRS','CH10225','22HS007 - ENVIRONMENTAL SCIENCE'),
	('2024UMZ1048','kalaiyarasut.mz24@bitsathy.ac.in','7376241MZ121','KALAIYARASU T','MTRS','CH10225','22HS007 - ENVIRONMENTAL SCIENCE'),
	('2024UMZ1001','pradeepr.mz24@bitsathy.ac.in','7376241MZ131','PRADEEP R','MTRS','CH10225','22HS007 - ENVIRONMENTAL SCIENCE'),
	('2024UMZ1061','ragulsa.mz24@bitsathy.ac.in','7376241MZ137','RAGUL S A','MTRS','CH10225','22HS007 - ENVIRONMENTAL SCIENCE'),
	('2024UMZ1058','rajsenthoours.mz24@bitsathy.ac.in','7376241MZ139','RAJ SENTHOOUR S','MTRS','CH10225','22HS007 - ENVIRONMENTAL SCIENCE'),
	('2024UAG1012','mohamedrajikm.ag24@bitsathy.ac.in','7376242AG112','MOHAMED RAJIK M','AGRI','HU11011','22HS008 - ADVANCED ENGLISH AND TECHNICAL EXPRESSION'),
	('2024UAD1114','chinnamanib.ad24@bitsathy.ac.in','7376242AD130','CHINNAMANI B','AIDS','HU11125','22HS008 - ADVANCED ENGLISH AND TECHNICAL EXPRESSION'),
	('2024UAD1006','deepakkr.ad24@bitsathy.ac.in','7376242AD137','DEEPAK K','AIDS','HU11125','22HS008 - ADVANCED ENGLISH AND TECHNICAL EXPRESSION'),
	('2024UAD1062','hashmithap.ad24@bitsathy.ac.in','7376242AD178','HASHMITHA P','AIDS','HU11125','22HS008 - ADVANCED ENGLISH AND TECHNICAL EXPRESSION'),
	('2024UAD1033','jaganmohanr.ad24@bitsathy.ac.in','7376242AD183','JAGAN MOHAN R','AIDS','HU11125','22HS008 - ADVANCED ENGLISH AND TECHNICAL EXPRESSION'),
	('2024UAD1151','jaisuryas.ad24@bitsathy.ac.in','7376242AD186','JAISURYA S','AIDS','HU11125','22HS008 - ADVANCED ENGLISH AND TECHNICAL EXPRESSION'),
	('2024UAD1221','jayeshs.ad24@bitsathy.ac.in','7376242AD189','JAYESH S','AIDS','HU11125','22HS008 - ADVANCED ENGLISH AND TECHNICAL EXPRESSION'),
	('2024UAD1161','mohammednadheems.ad24@bitsathy.ac.in','7376242AD218','MOHAMMED NADHEEM S','AIDS','HU11125','22HS008 - ADVANCED ENGLISH AND TECHNICAL EXPRESSION'),
	('2024UAD1149','prateekds.ad24@bitsathy.ac.in','7376242AD254','PRATEEK D S','AIDS','HU11125','22HS008 - ADVANCED ENGLISH AND TECHNICAL EXPRESSION'),
	('2024UAD1141','srisabarisrinivass.ad24@bitsathy.ac.in','7376242AD308','SRI SABARI SRINIVAS S','AIDS','HU11125','22HS008 - ADVANCED ENGLISH AND TECHNICAL EXPRESSION'),
	('2024UAD1232','vishnudharanm.ad24@bitsathy.ac.in','7376242AD343','VISHNUDHARAN M','AIDS','HU11125','22HS008 - ADVANCED ENGLISH AND TECHNICAL EXPRESSION'),
	('2025UAD5014','nandidak.ad24@bitsathy.ac.in','7376252AD508','NANDIDA K','AIDS','HU11125','22HS008 - ADVANCED ENGLISH AND TECHNICAL EXPRESSION'),
	('2024UAL1031','pradeepg.al24@bitsathy.ac.in','7376242AL165','PRADEEP G','AIML','HU11151','22HS008 - ADVANCED ENGLISH AND TECHNICAL EXPRESSION'),
	('2024UAL1012','thipeswarv.al24@bitsathy.ac.in','7376242AL207','THIPESWAR V','AIML','HU11151','22HS008 - ADVANCED ENGLISH AND TECHNICAL EXPRESSION'),
	('2024UBT1094','deepasreep.bt24@bitsathy.ac.in','7376242BT115','DEEPA SREE P','BT','HU11139','22HS008 - ADVANCED ENGLISH AND TECHNICAL EXPRESSION'),
	('2024UBT1101','dharshinipr.bt24@bitsathy.ac.in','7376242BT123','DHARSHINI R','BT','HU11139','22HS008 - ADVANCED ENGLISH AND TECHNICAL EXPRESSION'),
	('2024UBT1120','hemam.bt24@bitsathy.ac.in','7376242BT138','HEMA M','BT','HU11139','22HS008 - ADVANCED ENGLISH AND TECHNICAL EXPRESSION'),
	('2024UBT1119','kavyav.bt24@bitsathy.ac.in','7376242BT151','KAVYA V','BT','HU11139','22HS008 - ADVANCED ENGLISH AND TECHNICAL EXPRESSION'),
	('2024UBT1106','madhupratikas.bt24@bitsathy.ac.in','7376242BT156','MADHU PRATIKA S','BT','HU11139','22HS008 - ADVANCED ENGLISH AND TECHNICAL EXPRESSION'),
	('2024UBT1108','malarvizhia.bt24@bitsathy.ac.in','7376242BT157','MALARVIZHI A','BT','HU11139','22HS008 - ADVANCED ENGLISH AND TECHNICAL EXPRESSION'),
	('2024UBT1073','nithishkumarr.bt24@bitsathy.ac.in','7376242BT170','NITHISH KUMAR R','BT','HU11139','22HS008 - ADVANCED ENGLISH AND TECHNICAL EXPRESSION'),
	('2024UBT1089','praveenkumarm.bt24@bitsathy.ac.in','7376242BT174','PRAVEEN KUMAR M','BT','HU11139','22HS008 - ADVANCED ENGLISH AND TECHNICAL EXPRESSION'),
	('2024UBT1062','ragulb.bt24@bitsathy.ac.in','7376242BT176','RAGUL B','BT','HU11139','22HS008 - ADVANCED ENGLISH AND TECHNICAL EXPRESSION'),
	('2024UBT1025','thanigaivelank.bt24@bitsathy.ac.in','7376242BT214','THANIGAIVELAN K','BT','HU11139','22HS008 - ADVANCED ENGLISH AND TECHNICAL EXPRESSION'),
	('2024UBT1118','varshinipriyap.bt24@bitsathy.ac.in','7376242BT219','VARSHINIPRIYA P','BT','HU11139','22HS008 - ADVANCED ENGLISH AND TECHNICAL EXPRESSION'),
	('2025UBT5001','madhans.bt24@bitsathy.ac.in','7376252BT501','MADHAN S','BT','HU11139','22HS008 - ADVANCED ENGLISH AND TECHNICAL EXPRESSION'),
	('2024UCS1279','bharathkrishnas.cs24@bitsathy.ac.in','7376241CS143','BHARATHKRISHNA S','CSE','HU11125','22HS008 - ADVANCED ENGLISH AND TECHNICAL EXPRESSION'),
	('2024UCS1254','dhanusiyast.cs24@bitsathy.ac.in','7376241CS155','DHANUSIYA T','CSE','HU11125','22HS008 - ADVANCED ENGLISH AND TECHNICAL EXPRESSION'),
	('2024UCS1352','karthikeyanb.cs24@bitsathy.ac.in','7376241CS230','KARTHIKEYAN B','CSE','HU11125','22HS008 - ADVANCED ENGLISH AND TECHNICAL EXPRESSION'),
	('2024UCS1016','nishanthim.cs24@bitsathy.ac.in','7376241CS305','NISHANTHI M','CSE','HU11125','22HS008 - ADVANCED ENGLISH AND TECHNICAL EXPRESSION'),
	('2024UCS1325','rahulpraneshp.cs24@bitsathy.ac.in','7376241CS334','RAHUL PRANESH P','CSE','HU11125','22HS008 - ADVANCED ENGLISH AND TECHNICAL EXPRESSION'),
	('2024UCS1283','shruthikas.cs24@bitsathy.ac.in','7376241CS392','SHRUTHIKA S','CSE','HU11125','22HS008 - ADVANCED ENGLISH AND TECHNICAL EXPRESSION'),
	('2025UCS5024','ajayr.cs24@bitsathy.ac.in','7376251CS503','AJAY R','CSE','HU11125','22HS008 - ADVANCED ENGLISH AND TECHNICAL EXPRESSION'),
	('2025UCS5010','deepake.cs24@bitsathy.ac.in','7376251CS506','DEEPAK E','CSE','HU11125','22HS008 - ADVANCED ENGLISH AND TECHNICAL EXPRESSION'),
	('2025UCS5007','dharanipriyanc.cs24@bitsathy.ac.in','7376251CS507','DHARANI PRIYAN C','CSE','HU11125','22HS008 - ADVANCED ENGLISH AND TECHNICAL EXPRESSION'),
	('2025UCS5006','dharuns.cs24@bitsathy.ac.in','7376251CS508','DHARUN S','CSE','HU11125','22HS008 - ADVANCED ENGLISH AND TECHNICAL EXPRESSION'),
	('2025UCS5021','jeevags.cs24@bitsathy.ac.in','7376251CS511','JEEVA G S','CSE','HU11125','22HS008 - ADVANCED ENGLISH AND TECHNICAL EXPRESSION'),
	('2025UCS5016','kamaleshpm.cs24@bitsathy.ac.in','7376251CS512','KAMALESH P M','CSE','HU11125','22HS008 - ADVANCED ENGLISH AND TECHNICAL EXPRESSION'),
	('2025UCS5011','krishnaprasanths.cs24@bitsathy.ac.in','7376251CS513','KRISHNAPRASANTH S','CSE','HU11125','22HS008 - ADVANCED ENGLISH AND TECHNICAL EXPRESSION'),
	('2024UEE1041','chandranj.ee24@bitsathy.ac.in','7376241EE114','CHANDRAN J','EEE','HU11139','22HS008 - ADVANCED ENGLISH AND TECHNICAL EXPRESSION'),
	('2024UEE1076','dharnishar.ee24@bitsathy.ac.in','7376241EE122','DHARNISHA R','EEE','HU11139','22HS008 - ADVANCED ENGLISH AND TECHNICAL EXPRESSION'),
	('2024UEE1082','harshithm.ee24@bitsathy.ac.in','7376241EE132','HARSHITH M','EEE','HU11139','22HS008 - ADVANCED ENGLISH AND TECHNICAL EXPRESSION'),
	('2024UEE1099','lokeshsekharms.ee24@bitsathy.ac.in','7376241EE142','LOKESHSEKHAR M S','EEE','HU11139','22HS008 - ADVANCED ENGLISH AND TECHNICAL EXPRESSION'),
	('2024UEE1109','maniv.ee24@bitsathy.ac.in','7376241EE145','MANI V','EEE','HU11139','22HS008 - ADVANCED ENGLISH AND TECHNICAL EXPRESSION'),
	('2024UEE1114','manoa.ee24@bitsathy.ac.in','7376241EE146','MANO A','EEE','HU11139','22HS008 - ADVANCED ENGLISH AND TECHNICAL EXPRESSION'),
	('2024UEE1089','naveenkumarr.ee24@bitsathy.ac.in','7376241EE157','NAVEENKUMAR R','EEE','HU11139','22HS008 - ADVANCED ENGLISH AND TECHNICAL EXPRESSION'),
	('2024UEE1096','sanjaykumarr.ee24@bitsathy.ac.in','7376241EE185','SANJAYKUMAR R','EEE','HU11139','22HS008 - ADVANCED ENGLISH AND TECHNICAL EXPRESSION'),
	('2024UEE1118','shripriyaner.ee24@bitsathy.ac.in','7376241EE188','SHRIPRIYAN E R','EEE','HU11139','22HS008 - ADVANCED ENGLISH AND TECHNICAL EXPRESSION'),
	('2024UEE1097','siddhaarthr.ee24@bitsathy.ac.in','7376241EE190','SIDDHAARTH R','EEE','HU11139','22HS008 - ADVANCED ENGLISH AND TECHNICAL EXPRESSION'),
	('2024UEE1092','srisaraswathip.ee24@bitsathy.ac.in','7376241EE196','SRI SARASWATHI P','EEE','HU11139','22HS008 - ADVANCED ENGLISH AND TECHNICAL EXPRESSION'),
	('2024UEE1059','subhapradham.ee24@bitsathy.ac.in','7376241EE199','SUBHA PRADHA M','EEE','HU11139','22HS008 - ADVANCED ENGLISH AND TECHNICAL EXPRESSION'),
	('2024UEE1047','thanujasrib.ee24@bitsathy.ac.in','7376241EE205','THANUJA SRI B','EEE','HU11139','22HS008 - ADVANCED ENGLISH AND TECHNICAL EXPRESSION'),
	('2024UEE1115','vaibhavnarayananv.ee24@bitsathy.ac.in','7376241EE207','VAIBHAV NARAYANAN V','EEE','HU11139','22HS008 - ADVANCED ENGLISH AND TECHNICAL EXPRESSION'),
	('2024UEE1011','vaishihasv.ee24@bitsathy.ac.in','7376241EE208','VAISHIHA S V','EEE','HU11139','22HS008 - ADVANCED ENGLISH AND TECHNICAL EXPRESSION'),
	('2024UEE1093','vharshaadm.ee24@bitsathy.ac.in','7376241EE211','VHARSHAA D M','EEE','HU11139','22HS008 - ADVANCED ENGLISH AND TECHNICAL EXPRESSION'),
	('2024UEE1037','vinithmk.ee24@bitsathy.ac.in','7376241EE213','VINITH M K','EEE','HU11139','22HS008 - ADVANCED ENGLISH AND TECHNICAL EXPRESSION'),
	('2024UEE1074','vishalpk.ee24@bitsathy.ac.in','7376241EE214','VISHAL P K','EEE','HU11139','22HS008 - ADVANCED ENGLISH AND TECHNICAL EXPRESSION'),
	('2024UEE1078','vishodhanv.ee24@bitsathy.ac.in','7376241EE215','VISHODHAN V','EEE','HU11139','22HS008 - ADVANCED ENGLISH AND TECHNICAL EXPRESSION'),
	('2025UEE5013','bhoomikas.ee24@bitsathy.ac.in','7376251EE501','BHOOMIKA S','EEE','HU11139','22HS008 - ADVANCED ENGLISH AND TECHNICAL EXPRESSION'),
	('2025UEE5014','haswinu.ee24@bitsathy.ac.in','7376251EE504','HASWIN U','EEE','HU11139','22HS008 - ADVANCED ENGLISH AND TECHNICAL EXPRESSION'),
	('2025UEE5004','yashwanthk.ee24@bitsathy.ac.in','7376251EE517','YASHWANTH K','EEE','HU11139','22HS008 - ADVANCED ENGLISH AND TECHNICAL EXPRESSION'),
	('2024UEC1242','aathithyentss.ec24@bitsathy.ac.in','7376241EC103','AATHITHYEN T S S','ECE','HU11141','22HS008 - ADVANCED ENGLISH AND TECHNICAL EXPRESSION'),
	('2024UEC1205','akilvetrivelm.ec24@bitsathy.ac.in','7376241EC111','AKIL VETRIVEL M','ECE','HU11141','22HS008 - ADVANCED ENGLISH AND TECHNICAL EXPRESSION'),
	('2024UEC1188','darshans.ec24@bitsathy.ac.in','7376241EC133','DARSHAN S','ECE','HU11141','22HS008 - ADVANCED ENGLISH AND TECHNICAL EXPRESSION'),
	('2024UEC1044','dhanushkumars.ec24@bitsathy.ac.in','7376241EC137','DHANUSH KUMAR S','ECE','HU11141','22HS008 - ADVANCED ENGLISH AND TECHNICAL EXPRESSION'),
	('2024UEC1222','dhayaanithirr.ec24@bitsathy.ac.in','7376241EC142','DHAYAANITHI R R','ECE','HU11141','22HS008 - ADVANCED ENGLISH AND TECHNICAL EXPRESSION'),
	('2024UEC1177','dhianeshrk.ec24@bitsathy.ac.in','7376241EC145','DHIANESH R K','ECE','HU11141','22HS008 - ADVANCED ENGLISH AND TECHNICAL EXPRESSION'),
	('2024UEC1161','dhiyaneshv.ec24@bitsathy.ac.in','7376241EC147','DHIYANESH V','ECE','HU11141','22HS008 - ADVANCED ENGLISH AND TECHNICAL EXPRESSION'),
	('2024UEC1208','kabilana.ec24@bitsathy.ac.in','7376241EC184','KABILAN A','ECE','HU11141','22HS008 - ADVANCED ENGLISH AND TECHNICAL EXPRESSION'),
	('2024UEC1079','mariasebatinirp.ec24@bitsathy.ac.in','7376241EC213','MARIA SEBATINI R P','ECE','HU11141','22HS008 - ADVANCED ENGLISH AND TECHNICAL EXPRESSION'),
	('2024UEC1136','nithershanam.ec24@bitsathy.ac.in','7376241EC240','NITHERSHANA M','ECE','HU11141','22HS008 - ADVANCED ENGLISH AND TECHNICAL EXPRESSION'),
	('2024UEC1153','nithileshj.ec24@bitsathy.ac.in','7376241EC241','NITHILESH J','ECE','HU11141','22HS008 - ADVANCED ENGLISH AND TECHNICAL EXPRESSION'),
	('2024UEC1166','nithishkumarpalanisamy.ec24@bitsathy.ac.in','7376241EC243','NITHISH KUMAR PALANISAMY','ECE','HU11141','22HS008 - ADVANCED ENGLISH AND TECHNICAL EXPRESSION'),
	('2024UEC1219','nizamsheriefn.ec24@bitsathy.ac.in','7376241EC246','NIZAM SHERIEF N','ECE','HU11141','22HS008 - ADVANCED ENGLISH AND TECHNICAL EXPRESSION'),
	('2024UEC1125','prajina.ec24@bitsathy.ac.in','7376241EC256','PRAJIN A','ECE','HU11141','22HS008 - ADVANCED ENGLISH AND TECHNICAL EXPRESSION'),
	('2024UEC1207','prateektr.ec24@bitsathy.ac.in','7376241EC261','PRATEEK T R','ECE','HU11141','22HS008 - ADVANCED ENGLISH AND TECHNICAL EXPRESSION'),
	('2024UEC1018','rishikanthvt.ec24@bitsathy.ac.in','7376241EC273','RISHIKANTH V T','ECE','HU11141','22HS008 - ADVANCED ENGLISH AND TECHNICAL EXPRESSION'),
	('2024UEC1227','sakthivelt.ec24@bitsathy.ac.in','7376241EC284','SAKTHIVEL T','ECE','HU11141','22HS008 - ADVANCED ENGLISH AND TECHNICAL EXPRESSION'),
	('2024UEC1184','sanjays.ec24@bitsathy.ac.in','7376241EC287','SANJAY S','ECE','HU11141','22HS008 - ADVANCED ENGLISH AND TECHNICAL EXPRESSION'),
	('2024UEC1007','sanjeedvs.ec24@bitsathy.ac.in','7376241EC288','SANJEED V S','ECE','HU11141','22HS008 - ADVANCED ENGLISH AND TECHNICAL EXPRESSION'),
	('2024UEC1239','sridharsankv.ec24@bitsathy.ac.in','7376241EC312','SRI DHARSAN K V','ECE','HU11141','22HS008 - ADVANCED ENGLISH AND TECHNICAL EXPRESSION'),
	('2025UEC5021','moulidharanr.ec24@bitsathy.ac.in','7376251EC509','MOULIDHARAN R','ECE','HU11141','22HS008 - ADVANCED ENGLISH AND TECHNICAL EXPRESSION'),
	('2025UEC5004','sabarisht.ec24@bitsathy.ac.in','7376251EC516','SABARISH T','ECE','HU11141','22HS008 - ADVANCED ENGLISH AND TECHNICAL EXPRESSION'),
	('2024UEI1047','anjaivikasansv.ei24@bitsathy.ac.in','7376241EI104','ANJAI VIKASAN S V','EIE','HU11141','22HS008 - ADVANCED ENGLISH AND TECHNICAL EXPRESSION'),
	('2024UEI1001','sivaramachandrann.ei24@bitsathy.ac.in','7376241EI147','SIVARAMACHANDRAN N','EIE','HU11141','22HS008 - ADVANCED ENGLISH AND TECHNICAL EXPRESSION'),
	('2024UEI1051','sudharsanb.ei24@bitsathy.ac.in','7376241EI150','SUDHARSAN B','EIE','HU11141','22HS008 - ADVANCED ENGLISH AND TECHNICAL EXPRESSION'),
	('2024UEI1050','yagesha.ei24@bitsathy.ac.in','7376241EI160','YAGESH A','EIE','HU11141','22HS008 - ADVANCED ENGLISH AND TECHNICAL EXPRESSION'),
	('2025UEI5003','nihilanr.ei24@bitsathy.ac.in','7376251EI501','NIHILAN R','EIE','HU11141','22HS008 - ADVANCED ENGLISH AND TECHNICAL EXPRESSION'),
	('2025UEI5001','sowntharm.ei24@bitsathy.ac.in','7376251EI502','SOWNTHAR M','EIE','HU11141','22HS008 - ADVANCED ENGLISH AND TECHNICAL EXPRESSION'),
	('2024UIT1210','abisekp.it24@bitsathy.ac.in','7376242IT108','ABISEK P','IT','HU11125','22HS008 - ADVANCED ENGLISH AND TECHNICAL EXPRESSION'),
	('2024UIT1164','anusrit.it24@bitsathy.ac.in','7376242IT117','ANU SRI T','IT','HU11125','22HS008 - ADVANCED ENGLISH AND TECHNICAL EXPRESSION'),
	('2024UIT1068','dhakshathap.it24@bitsathy.ac.in','7376242IT143','DHAKSHATHA P','IT','HU11125','22HS008 - ADVANCED ENGLISH AND TECHNICAL EXPRESSION'),
	('2024UIT1159','dharrniss.it24@bitsathy.ac.in','7376242IT146','DHARRNIS S','IT','HU11125','22HS008 - ADVANCED ENGLISH AND TECHNICAL EXPRESSION'),
	('2024UIT1204','guhaneshs.it24@bitsathy.ac.in','7376242IT164','GUHANESH S','IT','HU11125','22HS008 - ADVANCED ENGLISH AND TECHNICAL EXPRESSION'),
	('2024UIT1150','haritharanidharane.it24@bitsathy.ac.in','7376242IT168','HARI THARANI DHARAN E','IT','HU11125','22HS008 - ADVANCED ENGLISH AND TECHNICAL EXPRESSION'),
	('2024UIT1163','jawaharl.it24@bitsathy.ac.in','7376242IT184','JAWAHAR L','IT','HU11125','22HS008 - ADVANCED ENGLISH AND TECHNICAL EXPRESSION'),
	('2024UIT1192','jeevadharshanb.it24@bitsathy.ac.in','7376242IT188','JEEVA DHARSHAN B','IT','HU11125','22HS008 - ADVANCED ENGLISH AND TECHNICAL EXPRESSION'),
	('2024UIT1121','mathanaprasathcp.it24@bitsathy.ac.in','7376242IT214','MATHANA PRASATH C P','IT','HU11125','22HS008 - ADVANCED ENGLISH AND TECHNICAL EXPRESSION'),
	('2024UIT1058','raghunathck.it24@bitsathy.ac.in','7376242IT266','RAGHUNATH C K','IT','HU11125','22HS008 - ADVANCED ENGLISH AND TECHNICAL EXPRESSION'),
	('2024UIT1197','sanjaya.it24@bitsathy.ac.in','7376242IT283','SANJAY A','IT','HU11125','22HS008 - ADVANCED ENGLISH AND TECHNICAL EXPRESSION'),
	('2024UIT1177','sanjusriv.it24@bitsathy.ac.in','7376242IT287','SANJUSRI V','IT','HU11125','22HS008 - ADVANCED ENGLISH AND TECHNICAL EXPRESSION'),
	('2024UIT1190','shaileshsm.it24@bitsathy.ac.in','7376242IT292','SHAILESH S M','IT','HU11125','22HS008 - ADVANCED ENGLISH AND TECHNICAL EXPRESSION'),
	('2024UIT1116','shivaa.it24@bitsathy.ac.in','7376242IT298','SHIVA A','IT','HU11125','22HS008 - ADVANCED ENGLISH AND TECHNICAL EXPRESSION'),
	('2024UIT1208','sivaselvanm.it24@bitsathy.ac.in','7376242IT304','SIVA SELVAN M','IT','HU11125','22HS008 - ADVANCED ENGLISH AND TECHNICAL EXPRESSION'),
	('2024UIT1012','surendarr.it24@bitsathy.ac.in','7376242IT317','SURENDAR R','IT','HU11125','22HS008 - ADVANCED ENGLISH AND TECHNICAL EXPRESSION'),
	('2024UIT1042','suryar.it24@bitsathy.ac.in','7376242IT319','SURYA R','IT','HU11125','22HS008 - ADVANCED ENGLISH AND TECHNICAL EXPRESSION'),
	('2025UIT5004','DIVITHM.IT24@bitsathy.ac.in','7376252IT504','DIVITH M','IT','HU11125','22HS008 - ADVANCED ENGLISH AND TECHNICAL EXPRESSION'),
	('2025UIT5005','HARISHRAMANUJAMVK.IT24@bitsathy.ac.in','7376252IT507','HARISH RAMANUJAM V K','IT','HU11125','22HS008 - ADVANCED ENGLISH AND TECHNICAL EXPRESSION'),
	('2025UIT5009','thapisnurv.it24@bitsathy.ac.in','7376252IT516','THAPISNU R V','IT','HU11125','22HS008 - ADVANCED ENGLISH AND TECHNICAL EXPRESSION'),
	('2024UME1043','dsgiriprasad.me24@bitsathy.ac.in','7376241ME108','D S GIRI PRASAD','MECH','HU11151','22HS008 - ADVANCED ENGLISH AND TECHNICAL EXPRESSION'),
	('2024UME1034','dhanvanthn.me24@bitsathy.ac.in','7376241ME110','DHANVANTH N','MECH','HU11151','22HS008 - ADVANCED ENGLISH AND TECHNICAL EXPRESSION'),
	('2024UME1005','diswansathyas.me24@bitsathy.ac.in','7376241ME111','DISWAN SATHYA S','MECH','HU11151','22HS008 - ADVANCED ENGLISH AND TECHNICAL EXPRESSION'),
	('2024UME1037','gowthamm.me24@bitsathy.ac.in','7376241ME114','GOWTHAM M','MECH','HU11151','22HS008 - ADVANCED ENGLISH AND TECHNICAL EXPRESSION'),
	('2024UME1017','jarvisbraylens.me24@bitsathy.ac.in','7376241ME119','JARVIS BRAYLEN S','MECH','HU11151','22HS008 - ADVANCED ENGLISH AND TECHNICAL EXPRESSION'),
	('2024UME1036','kowchikm.me24@bitsathy.ac.in','7376241ME123','KOWCHIK M','MECH','HU11151','22HS008 - ADVANCED ENGLISH AND TECHNICAL EXPRESSION'),
	('2024UME1054','nishanthk.me24@bitsathy.ac.in','7376241ME132','NISHANTH K','MECH','HU11151','22HS008 - ADVANCED ENGLISH AND TECHNICAL EXPRESSION'),
	('2024UME1027','pasumponrajak.me24@bitsathy.ac.in','7376241ME134','PASUMPONRAJA K','MECH','HU11151','22HS008 - ADVANCED ENGLISH AND TECHNICAL EXPRESSION'),
	('2024UME1002','rakshithprasathg.me24@bitsathy.ac.in','7376241ME137','RAKSHITH PRASATH G','MECH','HU11151','22HS008 - ADVANCED ENGLISH AND TECHNICAL EXPRESSION'),
	('2024UME1025','revanthsrisivasr.me24@bitsathy.ac.in','7376241ME139','REVANTH SRISIVA S R','MECH','HU11151','22HS008 - ADVANCED ENGLISH AND TECHNICAL EXPRESSION'),
	('2024UME1018','riyass.me24@bitsathy.ac.in','7376241ME143','RIYAS S','MECH','HU11151','22HS008 - ADVANCED ENGLISH AND TECHNICAL EXPRESSION'),
	('2024UME1022','sandeepkumargv.me24@bitsathy.ac.in','7376241ME148','SANDEEP KUMAR G V','MECH','HU11151','22HS008 - ADVANCED ENGLISH AND TECHNICAL EXPRESSION'),
	('2024UME1003','sheikalarshads.me24@bitsathy.ac.in','7376241ME151','SHEIK AL ARSHAD S','MECH','HU11151','22HS008 - ADVANCED ENGLISH AND TECHNICAL EXPRESSION'),
	('2024UME1016','singavela.me24@bitsathy.ac.in','7376241ME152','SINGAVEL A','MECH','HU11151','22HS008 - ADVANCED ENGLISH AND TECHNICAL EXPRESSION'),
	('2024UME1007','vimalm.me24@bitsathy.ac.in','7376241ME156','VIMAL M','MECH','HU11151','22HS008 - ADVANCED ENGLISH AND TECHNICAL EXPRESSION'),
	('2024UME1046','vishalrk.me24@bitsathy.ac.in','7376241ME157','VISHAL R K','MECH','HU11151','22HS008 - ADVANCED ENGLISH AND TECHNICAL EXPRESSION'),
	('2025UME5007','obulirajvk.me24@bitsathy.ac.in','7376251ME504','OBULIRAJ V K','MECH','HU11151','22HS008 - ADVANCED ENGLISH AND TECHNICAL EXPRESSION'),
	('2024UMZ1031','harinimanikandan.mz24@bitsathy.ac.in','7376241MZ117','HARINI MANIKANDAN','MTRS','HU11159','22HS008 - ADVANCED ENGLISH AND TECHNICAL EXPRESSION'),
	('2024UMZ1048','kalaiyarasut.mz24@bitsathy.ac.in','7376241MZ121','KALAIYARASU T','MTRS','HU11159','22HS008 - ADVANCED ENGLISH AND TECHNICAL EXPRESSION'),
	('2024UMZ1001','pradeepr.mz24@bitsathy.ac.in','7376241MZ131','PRADEEP R','MTRS','HU11159','22HS008 - ADVANCED ENGLISH AND TECHNICAL EXPRESSION'),
	('2024UMZ1061','ragulsa.mz24@bitsathy.ac.in','7376241MZ137','RAGUL S A','MTRS','HU11159','22HS008 - ADVANCED ENGLISH AND TECHNICAL EXPRESSION'),
	('2024UMZ1058','rajsenthoours.mz24@bitsathy.ac.in','7376241MZ139','RAJ SENTHOOUR S','MTRS','HU11159','22HS008 - ADVANCED ENGLISH AND TECHNICAL EXPRESSION');

/*!40000 ALTER TABLE `temp_import_table` ENABLE KEYS */;
UNLOCK TABLES;


# Dump of table users
# ------------------------------------------------------------

CREATE TABLE `users` (
  `id` int NOT NULL AUTO_INCREMENT,
  `username` varchar(50) CHARACTER SET utf8mb4 COLLATE utf8mb4_0900_ai_ci NOT NULL,
  `password` varchar(255) CHARACTER SET utf8mb4 COLLATE utf8mb4_0900_ai_ci NOT NULL,
  `email` varchar(100) CHARACTER SET utf8mb4 COLLATE utf8mb4_0900_ai_ci NOT NULL,
  `role` varchar(100) CHARACTER SET utf8mb4 COLLATE utf8mb4_0900_ai_ci DEFAULT 'user',
  `is_active` tinyint(1) DEFAULT '1',
  `created_at` timestamp NULL DEFAULT CURRENT_TIMESTAMP,
  `updated_at` timestamp NULL DEFAULT CURRENT_TIMESTAMP ON UPDATE CURRENT_TIMESTAMP,
  `last_login` timestamp NULL DEFAULT NULL,
  PRIMARY KEY (`id`) USING BTREE,
  UNIQUE KEY `username` (`username`) USING BTREE,
  UNIQUE KEY `email` (`email`) USING BTREE,
  KEY `idx_username` (`username`) USING BTREE,
  KEY `idx_email` (`email`) USING BTREE,
  KEY `idx_role` (`role`) USING BTREE
) ENGINE=InnoDB AUTO_INCREMENT=100 DEFAULT CHARSET=utf8mb4 COLLATE=utf8mb4_0900_ai_ci ROW_FORMAT=DYNAMIC;

LOCK TABLES `users` WRITE;
/*!40000 ALTER TABLE `users` DISABLE KEYS */;

INSERT INTO `users` (`id`, `username`, `password`, `email`, `role`, `is_active`, `created_at`, `updated_at`, `last_login`)
VALUES
	(1,'admin','admin123','admin@example.com','admin',1,'2026-01-06 18:52:45','2026-03-05 04:53:03','2026-03-05 10:23:03'),
	(3,'curriculum entry','curriculumentry1432','curriculum@example.com','curriculum_entry_user',1,'2026-02-03 04:04:55','2026-03-05 04:45:02','2026-03-05 10:15:03'),
	(4,'AG10895','teacher1432','ananthid@bitsathy.ac.in','teacher',1,'2026-02-27 11:28:16','2026-02-28 17:11:09','2026-02-28 17:11:10'),
	(5,'AD11111','teacher1432','suriya@bitsathy.ac.in','hod',1,'2026-02-27 11:28:16','2026-03-04 17:51:19','2026-03-04 23:21:19'),
	(6,'AD11009','teacher1432','divyabarathip@bitsathy.ac.in','teacher',1,'2026-02-27 11:28:16','2026-02-28 07:01:09','2026-02-28 07:01:09'),
	(7,'AM2241','teacher1432','kodieswaria@bitsathy.ac.in','teacher',1,'2026-02-27 11:28:16','2026-02-27 11:28:16',NULL),
	(8,'AD11169','teacher1432','manochitra@bitsathy.ac.in','teacher',1,'2026-02-27 11:28:16','2026-02-27 11:28:16',NULL),
	(9,'BT10375','teacher1432','ashwinraj@bitsathy.ac.in','teacher',1,'2026-02-27 11:28:16','2026-02-27 11:28:16',NULL),
	(10,'BT10978','teacher1432','sakthishobanak@bitsathy.ac.in','teacher',1,'2026-02-27 11:28:16','2026-02-27 11:28:16',NULL),
	(11,'CB11170','teacher1432','vaishnavin@bitsathy.ac.in','teacher',1,'2026-02-27 11:28:16','2026-02-27 11:28:16',NULL),
	(12,'CS11185','teacher1432','aswinjayasuryamj@bitsathy.ac.in','teacher',1,'2026-02-27 11:28:16','2026-02-27 11:28:16',NULL),
	(13,'CS10861','teacher1432','sangavin@bitsathy.ac.in','teacher',1,'2026-02-27 11:28:16','2026-02-27 11:28:16',NULL),
	(14,'CS10963','teacher1432','rajeshkumarg@bitsathy.ac.in','teacher',1,'2026-02-27 11:28:16','2026-02-27 11:28:16',NULL),
	(15,'EE10155','teacher1432','alexstanleyraja@bitsathy.ac.in','teacher',1,'2026-02-27 11:28:16','2026-02-27 11:28:16',NULL),
	(16,'EE1311','teacher1432','srinivasanm@bitsathy.ac.in','teacher',1,'2026-02-27 11:28:16','2026-03-02 04:32:37','2026-03-02 04:32:38'),
	(17,'IT11173','teacher1432','gayathrid@bitsathy.ac.in','teacher',1,'2026-02-27 11:28:16','2026-02-27 11:28:16',NULL),
	(18,'EC11147','teacher1432','ragavim@bitsathy.ac.in','teacher',1,'2026-02-27 11:28:16','2026-02-27 11:28:16',NULL),
	(19,'EI10249','teacher1432','dhanasekar@bitsathy.ac.in','teacher',1,'2026-02-27 11:28:16','2026-02-27 11:28:16',NULL),
	(20,'IT11105','teacher1432','santhiyab@bitsathy.ac.in','teacher',1,'2026-02-27 11:28:16','2026-02-27 11:28:16',NULL),
	(21,'IT1846','teacher1432','naveena@bitsathy.ac.in','teacher',1,'2026-02-27 11:28:16','2026-03-02 04:27:57','2026-03-02 04:27:57'),
	(22,'ME1877','teacher1432','sathishkumarc@bitsathy.ac.in','teacher',1,'2026-02-27 11:28:16','2026-02-27 11:28:16',NULL),
	(23,'MC1878','teacher1432','jegadheeswarans@bitsathy.ac.in','teacher',1,'2026-02-27 11:28:16','2026-02-27 11:28:16',NULL),
	(24,'AG11083','teacher1432','raghul@bitsathy.ac.in','teacher',1,'2026-02-27 11:28:16','2026-02-27 11:28:16',NULL),
	(25,'MA11028','teacher1432','sureshr@bitsathy.ac.in','teacher',1,'2026-02-27 11:28:16','2026-03-04 09:01:55','2026-03-04 14:31:55'),
	(26,'BT1477','teacher1432','TAMILSELVIS@bitsathy.ac.in','teacher',1,'2026-02-27 11:28:16','2026-02-27 11:28:16',NULL),
	(27,'CB10992','teacher1432','saranyanj@bitsathy.ac.in','teacher',1,'2026-02-27 11:28:16','2026-02-27 11:28:16',NULL),
	(28,'MA10518','teacher1432','prabakaran@bitsathy.ac.in','teacher',1,'2026-02-27 11:28:16','2026-02-27 11:28:16',NULL),
	(29,'EE10647','teacher1432','senthilkumarj@bitsathy.ac.in','teacher',1,'2026-02-27 11:28:16','2026-02-27 11:28:16',NULL),
	(30,'EC11131','teacher1432','sankarananth@bitsathy.ac.in','teacher',1,'2026-02-27 11:28:16','2026-02-27 11:28:16',NULL),
	(31,'MA1373','teacher1432','saravanamoorthip@bitsathy.ac.in','teacher',1,'2026-02-27 11:28:16','2026-02-27 11:28:16',NULL),
	(32,'ME1819','teacher1432','dineshd@bitsathy.ac.in','teacher',1,'2026-02-27 11:28:16','2026-02-27 11:28:16',NULL),
	(33,'MA1334','teacher1432','prabhavathik@bitsathy.ac.in','teacher',1,'2026-02-27 11:28:16','2026-02-27 11:28:16',NULL),
	(34,'AG10172','teacher1432','vinothkumar@bitsathy.ac.in','teacher',1,'2026-02-27 11:28:16','2026-02-27 11:28:16',NULL),
	(35,'AD11089','teacher1432','reshmits@bitsathy.ac.in','teacher',1,'2026-02-27 11:28:16','2026-03-05 04:13:50','2026-03-05 09:43:52'),
	(36,'AM11095','teacher1432','gayathridevi@bitsathy.ac.in','teacher',1,'2026-02-27 11:28:16','2026-03-04 10:24:09','2026-03-04 15:54:09'),
	(37,'ME10492','teacher1432','prakashkb@bitsathy.ac.in','teacher',1,'2026-02-27 11:28:16','2026-02-27 11:28:16',NULL),
	(38,'CB10890','teacher1432','yuvalathas@bitsathy.ac.in','teacher',1,'2026-02-27 11:28:16','2026-02-27 11:28:16',NULL),
	(39,'CS11094','teacher1432','rathna@bitsathy.ac.in','teacher',1,'2026-02-27 11:28:16','2026-02-27 11:28:16',NULL),
	(40,'EE1437','teacher1432','veerakumars@bitsathy.ac.in','teacher',1,'2026-02-27 11:28:16','2026-02-27 11:28:16',NULL),
	(41,'EC10680','teacher1432','perarasi@bitsathy.ac.in','teacher',1,'2026-02-27 11:28:16','2026-02-27 11:28:16',NULL),
	(42,'EI1996','teacher1432','arunjayakars@bitsathy.ac.in','teacher',1,'2026-02-27 11:28:16','2026-02-27 11:28:16',NULL),
	(43,'IT10262','teacher1432','sabarmathi@bitsathy.ac.in','teacher',1,'2026-02-27 11:28:16','2026-02-27 11:28:16',NULL),
	(44,'AU10645','teacher1432','dhayaneethi@bitsathy.ac.in','teacher',1,'2026-02-27 11:28:16','2026-03-05 04:12:36','2026-03-05 09:42:37'),
	(45,'MC10597','teacher1432','raghavendraprabhu@bitsathy.ac.in','teacher',1,'2026-02-27 11:28:16','2026-02-27 11:28:16',NULL),
	(46,'MC10299','teacher1432','vignesh@bitsathy.ac.in','teacher',1,'2026-02-27 11:28:16','2026-02-27 11:28:16',NULL),
	(47,'AD11068','teacher1432','benitagraciathangam@bitsathy.ac.in','teacher',1,'2026-02-27 11:28:16','2026-03-05 03:24:28','2026-03-05 08:54:28'),
	(48,'AM10956','teacher1432','karthikas@bitsathy.ac.in','teacher',1,'2026-02-27 11:28:16','2026-02-27 11:28:16',NULL),
	(49,'BT11050','teacher1432','vinodhinirt@bitsathy.ac.in','teacher',1,'2026-02-27 11:28:16','2026-02-27 11:28:16',NULL),
	(50,'CB10791','teacher1432','chandruks@bitsathy.ac.in','teacher',1,'2026-02-27 11:28:16','2026-02-27 11:28:16',NULL),
	(51,'CS11119','teacher1432','parkavi@bitsathy.ac.in','teacher',1,'2026-02-27 11:28:16','2026-02-27 11:28:16',NULL),
	(52,'EE1785','teacher1432','mohanapriyav@bitsathy.ac.in','teacher',1,'2026-02-27 11:28:16','2026-02-27 11:28:16',NULL),
	(53,'EC10969','teacher1432','venkateshkumaru@bitsathy.ac.in','teacher',1,'2026-02-27 11:28:16','2026-02-27 11:28:16',NULL),
	(54,'EI10459','teacher1432','pravinsavaridass@bitsathy.ac.in','teacher',1,'2026-02-27 11:28:16','2026-02-27 11:28:16',NULL),
	(55,'IT11144','teacher1432','shangaranarayanee@bitsathy.ac.in','teacher',1,'2026-02-27 11:28:16','2026-02-27 11:28:16',NULL),
	(56,'ME10098','teacher1432','pradeep@bitsathy.ac.in','teacher',1,'2026-02-27 11:28:16','2026-02-27 11:28:16',NULL),
	(57,'MC10697','teacher1432','vadivelvivek@bitsathy.ac.in','teacher',1,'2026-02-27 11:28:16','2026-02-27 11:28:16',NULL),
	(58,'AG1312','teacher1432','uvarajavc@bitsathy.ac.in','teacher',1,'2026-02-27 11:28:16','2026-02-27 11:28:16',NULL),
	(59,'AD11104','teacher1432','kalpana@bitsathy.ac.in','teacher',1,'2026-02-27 11:28:16','2026-03-04 08:57:40','2026-03-04 14:27:40'),
	(60,'AM11166','teacher1432','saranyamk@bitsathy.ac.in','teacher',1,'2026-02-27 11:28:16','2026-02-27 11:28:16',NULL),
	(61,'BT10708','teacher1432','rajaseetharama@bitsathy.ac.in','teacher',1,'2026-02-27 11:28:16','2026-02-27 11:28:16',NULL),
	(62,'CB11107','teacher1432','naveenya@bitsathy.ac.in','teacher',1,'2026-02-27 11:28:16','2026-02-27 11:28:16',NULL),
	(63,'IS10823','teacher1432','gopalr@bitsathy.ac.in','teacher',1,'2026-02-27 11:28:16','2026-02-27 11:28:16',NULL),
	(64,'EE1325','teacher1432','rajalashmik@bitsathy.ac.in','teacher',1,'2026-02-27 11:28:16','2026-02-27 11:28:16',NULL),
	(65,'EC11190','teacher1432','tamilarasir@bitsathy.ac.in','teacher',1,'2026-02-27 11:28:16','2026-02-27 11:28:16',NULL),
	(66,'EI1276','teacher1432','ganeshbabuc@bitsathy.ac.in','teacher',1,'2026-02-27 11:28:16','2026-02-27 11:28:16',NULL),
	(67,'IT10824','teacher1432','chandraprabhak@bitsathy.ac.in','teacher',1,'2026-02-27 11:28:16','2026-02-27 11:28:16',NULL),
	(68,'ME1974','teacher1432','sakthivelmurugane@bitsathy.ac.in','teacher',1,'2026-02-27 11:28:16','2026-02-27 11:28:16',NULL),
	(69,'MC1843','teacher1432','senthilkumarp@bitsathy.ac.in','teacher',1,'2026-02-27 11:28:16','2026-02-27 11:28:16',NULL),
	(70,'AG10092','teacher1432','vasudevan@bitsathy.ac.in','teacher',1,'2026-02-27 11:28:16','2026-02-27 11:28:16',NULL),
	(71,'AD10931','teacher1432','balasamyk@bitsathy.ac.in','teacher',1,'2026-02-27 11:28:16','2026-02-27 11:28:16',NULL),
	(72,'AM11052','teacher1432','mohanapriyak@bitsathy.ac.in','teacher',1,'2026-02-27 11:28:16','2026-03-04 10:34:28','2026-03-04 16:04:28'),
	(73,'BT1388','teacher1432','kannankp@bitsathy.ac.in','teacher',1,'2026-02-27 11:28:16','2026-02-27 11:28:16',NULL),
	(74,'MA1342','teacher1432','vinothinivr@bitsathy.ac.in','teacher',1,'2026-02-27 11:28:16','2026-02-27 11:28:16',NULL),
	(75,'CS11101','teacher1432','alamelu@bitsathy.ac.in','teacher',1,'2026-02-27 11:28:16','2026-02-27 11:28:16',NULL),
	(76,'EE10786','teacher1432','manojkumarp@bitsathy.ac.in','teacher',1,'2026-02-27 11:28:16','2026-02-27 11:28:16',NULL),
	(77,'EC1834','teacher1432','sanjoydeb@bitsathy.ac.in','teacher',1,'2026-02-27 11:28:16','2026-02-27 11:28:16',NULL),
	(78,'EI10266','teacher1432','haritha@bitsathy.ac.in','teacher',1,'2026-02-27 11:28:16','2026-02-27 11:28:16',NULL),
	(79,'IT11146','teacher1432','indhubhashiniv@bitsathy.ac.in','teacher',1,'2026-02-27 11:28:16','2026-02-27 11:28:16',NULL),
	(80,'ME1094','teacher1432','senthilkumarg@bitsathy.ac.in','teacher',1,'2026-02-27 11:28:16','2026-02-27 11:28:16',NULL),
	(81,'MC10369','teacher1432','nijandhan@bitsathy.ac.in','teacher',1,'2026-02-27 11:28:16','2026-02-27 11:28:16',NULL),
	(82,'SM11120','teacher1432','vidhyas@bitsathy.ac.in','teacher',1,'2026-02-27 11:28:16','2026-02-27 11:28:16',NULL),
	(83,'CH1558','teacher1432','praveenar@bitsathy.ac.in','teacher',1,'2026-02-27 11:28:16','2026-02-27 11:28:16',NULL),
	(84,'CH1894','teacher1432','malathimahalingamm@bitsathy.ac.in','teacher',1,'2026-02-27 11:28:16','2026-03-04 03:48:31','2026-03-04 09:18:31'),
	(85,'CH10957','teacher1432','deephav@bitsathy.ac.in','teacher',1,'2026-02-27 11:28:16','2026-02-27 11:28:16',NULL),
	(86,'CH1493','teacher1432','subhapriyap@bitsathy.ac.in','teacher',1,'2026-02-27 11:28:16','2026-03-02 03:17:28','2026-03-02 03:17:29'),
	(87,'CH11127','teacher1432','manigandan@bitsathy.ac.in','teacher',1,'2026-02-27 11:28:16','2026-02-27 11:28:16',NULL),
	(88,'CH1578','teacher1432','kavithac@bitsathy.ac.in','teacher',1,'2026-02-27 11:28:16','2026-02-27 11:28:16',NULL),
	(89,'CH10003','teacher1432','sathishv@bitsathy.ac.in','teacher',1,'2026-02-27 11:28:16','2026-02-27 11:28:16',NULL),
	(90,'CH1557','teacher1432','vijayanandps@bitsathy.ac.in','teacher',1,'2026-02-27 11:28:16','2026-02-27 11:28:16',NULL),
	(91,'CH10314','teacher1432','viswanathan@bitsathy.ac.in','teacher',1,'2026-02-27 11:28:16','2026-02-27 11:28:16',NULL),
	(92,'CH10225','teacher1432','muthukumar@bitsathy.ac.in','teacher',1,'2026-02-27 11:28:16','2026-02-27 11:28:16',NULL),
	(93,'HU11011','teacher1432','ajai@bitsathy.ac.in','teacher',1,'2026-02-27 11:28:16','2026-03-05 04:01:48','2026-03-05 09:31:48'),
	(94,'HU11125','teacher1432','gayathri@bitsathy.ac.in','teacher',1,'2026-02-27 11:28:16','2026-02-27 11:28:16',NULL),
	(95,'HU11151','teacher1432','nithyas@bitsathy.ac.in','teacher',1,'2026-02-27 11:28:16','2026-02-27 11:28:16',NULL),
	(96,'HU11139','teacher1432','aslinjerusha@bitsathy.ac.in','teacher',1,'2026-02-27 11:28:16','2026-02-28 17:10:26','2026-02-28 17:10:26'),
	(97,'HU11141','teacher1432','ezhil@bitsathy.ac.in','teacher',1,'2026-02-27 11:28:16','2026-02-27 11:28:16',NULL),
	(98,'HU11159','teacher1432','jayak@bitsathy.ac.in','teacher',1,'2026-02-27 11:28:16','2026-02-27 11:28:16',NULL),
	(99,'coeuser1','coe123','coe@bitsathy.ac.in','coe',1,'2026-03-02 09:35:43','2026-03-05 04:35:13','2026-03-05 10:05:15');

/*!40000 ALTER TABLE `users` ENABLE KEYS */;
UNLOCK TABLES;


# Dump of table window_extension_appeals
# ------------------------------------------------------------

CREATE TABLE `window_extension_appeals` (
  `id` int NOT NULL AUTO_INCREMENT,
  `window_id` int NOT NULL,
  `teacher_id` varchar(45) NOT NULL,
  `teacher_name` varchar(200) NOT NULL DEFAULT '',
  `course_id` int NOT NULL,
  `course_code` varchar(50) NOT NULL DEFAULT '',
  `course_name` varchar(200) NOT NULL DEFAULT '',
  `reason` text,
  `status` enum('pending','approved','rejected') NOT NULL DEFAULT 'pending',
  `created_at` timestamp NOT NULL DEFAULT CURRENT_TIMESTAMP,
  `updated_at` timestamp NOT NULL DEFAULT CURRENT_TIMESTAMP ON UPDATE CURRENT_TIMESTAMP,
  PRIMARY KEY (`id`),
  KEY `idx_teacher` (`teacher_id`),
  KEY `idx_status` (`status`),
  KEY `idx_window` (`window_id`)
) ENGINE=InnoDB DEFAULT CHARSET=utf8mb4 COLLATE=utf8mb4_0900_ai_ci;




/*!40111 SET SQL_NOTES=@OLD_SQL_NOTES */;
/*!40101 SET SQL_MODE=@OLD_SQL_MODE */;
/*!40014 SET FOREIGN_KEY_CHECKS=@OLD_FOREIGN_KEY_CHECKS */;
/*!40101 SET CHARACTER_SET_CLIENT=@OLD_CHARACTER_SET_CLIENT */;
/*!40101 SET CHARACTER_SET_RESULTS=@OLD_CHARACTER_SET_RESULTS */;
/*!40101 SET COLLATION_CONNECTION=@OLD_COLLATION_CONNECTION */;
